type,timestamp_ms,dist_m,anchor_addr,anchor_x,anchor_y,anchor_z,quality,rssi_dbm,accel_x,accel_y,accel_z,gyro_x,gyro_y,gyro_z,temp_c,pos_x,pos_y,pos_z,vel_x,vel_y,vel_z,confidence,pos_valid,imu_enable,roll_rad,pitch_rad,yaw_rad
IMU,4852,,,,,,,,5.0204,-4.8498,2.3594,8.7187,-8.7168,-8.7187,0.00,,,,,,,,,,,
IMU,4853,,,,,,,,5.0204,-4.8498,2.3594,8.7187,-8.7168,-8.7187,0.00,,,,,,,,,,,
IMU,4854,,,,,,,,5.0204,-4.8498,2.3594,8.7187,-8.7168,-8.7187,0.00,,,,,,,,,,,
IMU,4855,,,,,,,,5.0204,-4.8498,2.3594,8.7187,-8.7168,-8.7187,0.00,,,,,,,,,,,
IMU,4856,,,,,,,,5.0224,-4.8397,2.3506,8.7181,-8.7165,-8.7187,0.00,,,,,,,,,,,
IMU,4857,,,,,,,,5.0224,-4.8397,2.3506,8.7181,-8.7165,-8.7187,0.00,,,,,,,,,,,
IMU,4859,,,,,,,,5.0224,-4.8397,2.3506,8.7181,-8.7165,-8.7187,0.00,,,,,,,,,,,
IMU,4860,,,,,,,,5.0224,-4.8397,2.3506,8.7181,-8.7165,-8.7187,0.00,,,,,,,,,,,
IMU,4861,,,,,,,,5.0194,-4.8390,2.3474,8.7173,-8.7165,-8.7187,0.00,,,,,,,,,,,
IMU,4862,,,,,,,,5.0194,-4.8390,2.3474,8.7173,-8.7165,-8.7187,0.00,,,,,,,,,,,
IMU,4863,,,,,,,,5.0194,-4.8390,2.3474,8.7173,-8.7165,-8.7187,0.00,,,,,,,,,,,
IMU,4864,,,,,,,,5.0194,-4.8390,2.3474,8.7173,-8.7165,-8.7187,0.00,,,,,,,,,,,
IMU,4866,,,,,,,,5.0194,-4.8390,2.3474,8.7173,-8.7165,-8.7187,0.00,,,,,,,,,,,
IMU,4867,,,,,,,,5.0143,-4.8572,2.3612,8.7168,-8.7168,-8.7189,0.00,,,,,,,,,,,
IMU,4868,,,,,,,,0.0900,0.0409,9.7143,8.7168,-8.7168,-8.7189,0.00,,,,,,,,,,,
IMU,4869,,,,,,,,0.0900,0.0409,9.7143,8.7168,-8.7168,-8.7189,0.00,,,,,,,,,,,
IMU,4870,,,,,,,,0.0898,0.0304,9.7244,8.7171,-8.7173,-8.7192,0.00,,,,,,,,,,,
IMU,4871,,,,,,,,0.0898,0.0304,9.7244,8.7171,-8.7173,-8.7192,0.00,,,,,,,,,,,
IMU,4873,,,,,,,,0.0898,0.0304,9.7244,8.7171,-8.7173,-8.7192,0.00,,,,,,,,,,,
IMU,4874,,,,,,,,0.0898,0.0304,9.7244,8.7171,-8.7173,-8.7192,0.00,,,,,,,,,,,
IMU,4875,,,,,,,,0.0898,0.0304,9.7244,8.7171,-8.7173,-8.7192,0.00,,,,,,,,,,,
IMU,4876,,,,,,,,0.0934,0.0223,9.7344,8.7176,-8.7176,-8.7184,0.00,,,,,,,,,,,
IMU,4877,,,,,,,,0.0964,0.0168,9.7449,8.7184,-8.7176,-8.7181,0.00,,,,,,,,,,,
IMU,4878,,,,,,,,0.0994,0.0248,9.7471,8.7184,-8.7176,-8.7181,0.00,,,,,,,,,,,
IMU,4880,,,,,,,,0.0994,0.0248,9.7471,8.7184,-8.7176,-8.7181,0.00,,,,,,,,,,,
IMU,4881,,,,,,,,0.1027,0.0242,9.7509,8.7195,-8.7176,-8.7181,0.00,,,,,,,,,,,
IMU,4882,,,,,,,,0.1027,0.0242,9.7509,8.7195,-8.7176,-8.7181,0.00,,,,,,,,,,,
IMU,4883,,,,,,,,0.1027,0.0242,9.7509,8.7195,-8.7176,-8.7181,0.00,,,,,,,,,,,
IMU,4884,,,,,,,,0.1027,0.0242,9.7509,8.7195,-8.7176,-8.7181,0.00,,,,,,,,,,,
IMU,4886,,,,,,,,0.1027,0.0242,9.7509,8.7195,-8.7176,-8.7181,0.00,,,,,,,,,,,
IMU,4887,,,,,,,,0.1022,0.0442,9.7476,8.7197,-8.7179,-8.7181,0.00,,,,,,,,,,,
IMU,4888,,,,,,,,0.1022,0.0442,9.7476,8.7197,-8.7179,-8.7181,0.00,,,,,,,,,,,
IMU,4889,,,,,,,,0.0994,0.0593,9.7470,8.7197,-8.7179,-8.7181,0.00,,,,,,,,,,,
IMU,4890,,,,,,,,0.0939,0.0659,9.7438,8.7192,-8.7176,-8.7181,0.00,,,,,,,,,,,
IMU,4891,,,,,,,,0.0939,0.0659,9.7438,8.7192,-8.7176,-8.7181,0.00,,,,,,,,,,,
IMU,4892,,,,,,,,0.0939,0.0659,9.7438,8.7192,-8.7176,-8.7181,0.00,,,,,,,,,,,
IMU,4894,,,,,,,,0.0939,0.0659,9.7438,8.7192,-8.7176,-8.7181,0.00,,,,,,,,,,,
IMU,4895,,,,,,,,0.0939,0.0659,9.7438,8.7192,-8.7176,-8.7181,0.00,,,,,,,,,,,
IMU,4896,,,,,,,,0.0849,0.0678,9.7453,8.7187,-8.7176,-8.7184,0.00,,,,,,,,,,,
IMU,4897,,,,,,,,0.0753,0.0677,9.7455,8.7179,-8.7176,-8.7184,0.00,,,,,,,,,,,
IMU,4898,,,,,,,,0.0719,0.0641,9.7447,8.7179,-8.7176,-8.7184,0.00,,,,,,,,,,,
IMU,4900,,,,,,,,0.0719,0.0641,9.7447,8.7179,-8.7176,-8.7184,0.00,,,,,,,,,,,
IMU,4901,,,,,,,,0.0681,0.0621,9.7455,8.7176,-8.7176,-8.7181,0.00,,,,,,,,,,,
IMU,4902,,,,,,,,0.0681,0.0621,9.7455,8.7176,-8.7176,-8.7181,0.00,,,,,,,,,,,
IMU,4903,,,,,,,,0.0681,0.0621,9.7455,8.7176,-8.7176,-8.7181,0.00,,,,,,,,,,,
IMU,4904,,,,,,,,0.0681,0.0621,9.7455,8.7176,-8.7176,-8.7181,0.00,,,,,,,,,,,
IMU,4905,,,,,,,,0.0681,0.0621,9.7455,8.7176,-8.7176,-8.7181,0.00,,,,,,,,,,,
IMU,4907,,,,,,,,0.0674,0.0551,9.7518,8.7181,-8.7187,-8.7189,0.00,,,,,,,,,,,
IMU,4908,,,,,,,,0.0674,0.0551,9.7518,8.7181,-8.7187,-8.7189,0.00,,,,,,,,,,,
IMU,4909,,,,,,,,0.0730,0.0531,9.7546,8.7181,-8.7187,-8.7189,0.00,,,,,,,,,,,
IMU,4910,,,,,,,,0.0730,0.0531,9.7546,8.7181,-8.7187,-8.7189,0.00,,,,,,,,,,,
IMU,4911,,,,,,,,0.0787,0.0606,9.7584,8.7187,-8.7189,-8.7187,0.00,,,,,,,,,,,
IMU,4912,,,,,,,,0.0787,0.0606,9.7584,8.7187,-8.7189,-8.7187,0.00,,,,,,,,,,,
IMU,4914,,,,,,,,0.0787,0.0606,9.7584,8.7187,-8.7189,-8.7187,0.00,,,,,,,,,,,
IMU,4915,,,,,,,,0.0787,0.0606,9.7584,8.7187,-8.7189,-8.7187,0.00,,,,,,,,,,,
IMU,4916,,,,,,,,0.0787,0.0606,9.7584,8.7187,-8.7189,-8.7187,0.00,,,,,,,,,,,
IMU,4917,,,,,,,,0.0937,0.0846,9.7470,8.7195,-8.7187,-8.7187,0.00,,,,,,,,,,,
IMU,4918,,,,,,,,0.0937,0.0846,9.7470,8.7195,-8.7187,-8.7187,0.00,,,,,,,,,,,
IMU,4919,,,,,,,,0.1010,0.1016,9.7410,0.0016,-0.0013,-0.0005,0.00,,,,,,,,,,,
IMU,4921,,,,,,,,0.1082,0.1153,9.7381,0.0016,-0.0011,-0.0008,0.00,,,,,,,,,,,
IMU,4922,,,,,,,,0.1082,0.1153,9.7381,0.0016,-0.0011,-0.0008,0.00,,,,,,,,,,,
IMU,4923,,,,,,,,0.1082,0.1153,9.7381,0.0016,-0.0011,-0.0008,0.00,,,,,,,,,,,
IMU,4924,,,,,,,,0.1082,0.1153,9.7381,0.0016,-0.0011,-0.0008,0.00,,,,,,,,,,,
IMU,4925,,,,,,,,0.1082,0.1153,9.7381,0.0016,-0.0011,-0.0008,0.00,,,,,,,,,,,
IMU,4926,,,,,,,,0.1126,0.1271,9.7266,0.0013,-0.0005,-0.0008,0.00,,,,,,,,,,,
IMU,4928,,,,,,,,0.1142,0.1412,9.7181,0.0008,0.0000,-0.0013,0.00,,,,,,,,,,,
IMU,4929,,,,,,,,0.1150,0.1474,9.7105,0.0003,0.0000,-0.0013,0.00,,,,,,,,,,,
IMU,4930,,,,,,,,0.1150,0.1474,9.7105,0.0003,0.0000,-0.0013,0.00,,,,,,,,,,,
IMU,4931,,,,,,,,0.1165,0.1456,9.7063,0.0000,0.0000,-0.0013,0.00,,,,,,,,,,,
IMU,4932,,,,,,,,0.1165,0.1456,9.7063,0.0000,0.0000,-0.0013,0.00,,,,,,,,,,,
IMU,4933,,,,,,,,0.1165,0.1456,9.7063,0.0000,0.0000,-0.0013,0.00,,,,,,,,,,,
IMU,4935,,,,,,,,0.1165,0.1456,9.7063,0.0000,0.0000,-0.0013,0.00,,,,,,,,,,,
IMU,4936,,,,,,,,0.1165,0.1456,9.7063,0.0000,0.0000,-0.0013,0.00,,,,,,,,,,,
IMU,4937,,,,,,,,0.1223,0.1328,9.7111,-0.0003,-0.0003,-0.0011,0.00,,,,,,,,,,,
IMU,4938,,,,,,,,0.1223,0.1328,9.7111,-0.0003,-0.0003,-0.0011,0.00,,,,,,,,,,,
IMU,4939,,,,,,,,0.1275,0.1236,9.7146,-0.0003,-0.0005,-0.0016,0.00,,,,,,,,,,,
IMU,4941,,,,,,,,0.1320,0.1178,9.7154,-0.0003,-0.0013,-0.0019,0.00,,,,,,,,,,,
IMU,4942,,,,,,,,0.1320,0.1178,9.7154,-0.0003,-0.0013,-0.0019,0.00,,,,,,,,,,,
IMU,4943,,,,,,,,0.1320,0.1178,9.7154,-0.0003,-0.0013,-0.0019,0.00,,,,,,,,,,,
IMU,4944,,,,,,,,0.1320,0.1178,9.7154,-0.0003,-0.0013,-0.0019,0.00,,,,,,,,,,,
IMU,4945,,,,,,,,0.1320,0.1178,9.7154,-0.0003,-0.0013,-0.0019,0.00,,,,,,,,,,,
IMU,4946,,,,,,,,0.1346,0.1132,9.7232,0.0000,-0.0019,-0.0016,0.00,,,,,,,,,,,
IMU,4948,,,,,,,,0.1440,0.1118,9.7277,0.0005,-0.0027,-0.0016,0.00,,,,,,,,,,,
IMU,4949,,,,,,,,0.1501,0.1093,9.7275,0.0008,-0.0029,-0.0013,0.00,,,,,,,,,,,
IMU,4950,,,,,,,,0.1501,0.1093,9.7275,0.0008,-0.0029,-0.0013,0.00,,,,,,,,,,,
IMU,4951,,,,,,,,0.1534,0.1133,9.7281,0.0008,-0.0027,-0.0016,0.00,,,,,,,,,,,
IMU,4952,,,,,,,,0.1534,0.1133,9.7281,0.0008,-0.0027,-0.0016,0.00,,,,,,,,,,,
IMU,4953,,,,,,,,0.1534,0.1133,9.7281,0.0008,-0.0027,-0.0016,0.00,,,,,,,,,,,
IMU,4955,,,,,,,,0.1534,0.1133,9.7281,0.0008,-0.0027,-0.0016,0.00,,,,,,,,,,,
IMU,4956,,,,,,,,0.1534,0.1133,9.7281,0.0008,-0.0027,-0.0016,0.00,,,,,,,,,,,
IMU,4957,,,,,,,,0.1528,0.1183,9.7236,0.0005,-0.0024,-0.0019,0.00,,,,,,,,,,,
IMU,4958,,,,,,,,0.1485,0.1253,9.7191,0.0005,-0.0021,-0.0019,0.00,,,,,,,,,,,
IMU,4968,,,,,,,,0.1349,0.1293,9.7202,-0.0005,-0.0016,-0.0016,0.00,,,,,,,,,,,
IMU,4978,,,,,,,,0.1007,0.0653,9.7335,-0.0029,-0.0011,-0.0027,0.00,,,,,,,,,,,
IMU,4988,,,,,,,,0.0873,-0.0138,9.7440,-0.0032,-0.0016,-0.0040,0.00,,,,,,,,,,,
IMU,4998,,,,,,,,0.0837,-0.0334,9.7545,-0.0027,-0.0013,-0.0037,0.00,,,,,,,,,,,
IMU,5008,,,,,,,,0.0991,-0.0784,9.9091,-0.0032,-0.0005,-0.0035,0.00,,,,,,,,,,,
IMU,5018,,,,,,,,0.1516,-0.1434,10.0012,-0.0013,0.0029,-0.0019,0.00,,,,,,,,,,,
IMU,5028,,,,,,,,0.1962,-0.1370,9.8345,0.0011,0.0067,-0.0003,0.00,,,,,,,,,,,
IMU,5038,,,,,,,,0.2482,-0.0960,9.8001,0.0024,0.0069,-0.0003,0.00,,,,,,,,,,,
IMU,5048,,,,,,,,0.2790,-0.0683,9.8230,0.0024,0.0080,0.0011,0.00,,,,,,,,,,,
IMU,5058,,,,,,,,0.2389,-0.0244,9.6605,0.0043,0.0074,0.0019,0.00,,,,,,,,,,,
IMU,5068,,,,,,,,0.1299,0.0977,9.4979,0.0056,0.0043,0.0008,0.00,,,,,,,,,,,
IMU,5078,,,,,,,,0.0257,0.1560,9.4903,0.0013,0.0011,0.0000,0.00,,,,,,,,,,,
IMU,5088,,,,,,,,0.0028,0.1130,9.5858,-0.0008,-0.0011,0.0005,0.00,,,,,,,,,,,
IMU,5098,,,,,,,,0.0461,0.1190,9.6623,0.0013,-0.0013,0.0019,0.00,,,,,,,,,,,
IMU,5108,,,,,,,,0.1073,0.1422,9.7702,-0.0005,-0.0011,0.0000,0.00,,,,,,,,,,,
IMU,5118,,,,,,,,0.1165,0.0769,9.8958,-0.0021,0.0000,-0.0029,0.00,,,,,,,,,,,
IMU,5128,,,,,,,,0.0136,0.0455,9.7922,-0.0003,0.0013,-0.0064,0.00,,,,,,,,,,,
IMU,5138,,,,,,,,-0.1410,0.0765,9.6591,-0.0013,0.0005,-0.0077,0.00,,,,,,,,,,,
IMU,5148,,,,,,,,-0.1900,0.0057,9.7733,-0.0059,-0.0024,-0.0056,0.00,,,,,,,,,,,
IMU,5158,,,,,,,,-0.0769,-0.1112,9.8224,-0.0037,-0.0021,-0.0011,0.00,,,,,,,,,,,
IMU,5168,,,,,,,,0.1398,-0.1124,9.6367,0.0013,-0.0003,0.0037,0.00,,,,,,,,,,,
IMU,5179,,,,,,,,0.3570,-0.0721,9.5606,0.0008,-0.0005,0.0045,0.00,,,,,,,,,,,
IMU,5189,,,,,,,,0.5178,-0.0919,9.7540,0.0008,-0.0016,0.0035,0.00,,,,,,,,,,,
IMU,5199,,,,,,,,0.5202,-0.0501,9.8732,0.0056,-0.0000,0.0003,0.00,,,,,,,,,,,
IMU,5209,,,,,,,,0.3386,0.0762,9.8606,0.0077,0.0024,-0.0027,0.00,,,,,,,,,,,
IMU,5219,,,,,,,,0.1039,0.1462,9.8548,0.0045,0.0019,-0.0045,0.00,,,,,,,,,,,
IMU,5229,,,,,,,,-0.0525,0.1492,9.8630,0.0027,0.0011,-0.0032,0.00,,,,,,,,,,,
IMU,5239,,,,,,,,-0.1186,0.1925,9.7464,0.0019,0.0037,0.0003,0.00,,,,,,,,,,,
IMU,5249,,,,,,,,-0.1380,0.2112,9.5241,-0.0035,0.0035,0.0011,0.00,,,,,,,,,,,
IMU,5259,,,,,,,,-0.1001,0.1069,9.4777,-0.0072,-0.0008,-0.0011,0.00,,,,,,,,,,,
IMU,5269,,,,,,,,-0.0216,-0.0048,9.6208,-0.0053,-0.0027,-0.0040,0.00,,,,,,,,,,,
IMU,5279,,,,,,,,0.0254,-0.0533,9.7123,-0.0040,-0.0013,-0.0053,0.00,,,,,,,,,,,
IMU,5289,,,,,,,,0.0669,-0.1621,9.7181,-0.0059,-0.0008,-0.0056,0.00,,,,,,,,,,,
IMU,5299,,,,,,,,0.1428,-0.2925,9.7627,-0.0037,-0.0032,-0.0027,0.00,,,,,,,,,,,
IMU,5309,,,,,,,,0.2380,-0.3070,9.8783,-0.0003,-0.0040,0.0011,0.00,,,,,,,,,,,
IMU,5319,,,,,,,,0.3003,-0.2500,9.9609,-0.0003,-0.0021,0.0035,0.00,,,,,,,,,,,
IMU,5329,,,,,,,,0.3091,-0.2066,9.8920,0.0011,0.0000,0.0021,0.00,,,,,,,,,,,
IMU,5339,,,,,,,,0.2566,-0.1156,9.7268,0.0064,0.0005,0.0000,0.00,,,,,,,,,,,
IMU,5349,,,,,,,,0.1398,0.0350,9.6133,0.0072,0.0005,-0.0019,0.00,,,,,,,,,,,
IMU,5359,,,,,,,,-0.0013,0.0989,9.6132,0.0035,0.0000,-0.0024,0.00,,,,,,,,,,,
IMU,5369,,,,,,,,-0.1100,0.0919,9.6518,0.0019,-0.0019,-0.0024,0.00,,,,,,,,,,,
IMU,5379,,,,,,,,-0.1434,0.1250,9.6635,0.0013,-0.0024,0.0005,0.00,,,,,,,,,,,
IMU,5389,,,,,,,,-0.0787,0.1409,9.7341,-0.0024,-0.0024,0.0024,0.00,,,,,,,,,,,
IMU,5399,,,,,,,,0.0611,0.0633,9.8527,-0.0032,-0.0024,0.0013,0.00,,,,,,,,,,,
IMU,5409,,,,,,,,0.1885,0.0129,9.8449,-0.0005,-0.0013,-0.0003,0.00,,,,,,,,,,,
IMU,5419,,,,,,,,0.2575,0.0290,9.7639,0.0003,-0.0003,-0.0021,0.00,,,,,,,,,,,
IMU,5429,,,,,,,,0.2849,-0.0135,9.7498,-0.0027,-0.0005,-0.0032,0.00,,,,,,,,,,,
IMU,5439,,,,,,,,0.2735,-0.0716,9.7200,-0.0016,-0.0000,-0.0019,0.00,,,,,,,,,,,
IMU,5449,,,,,,,,0.2063,-0.0516,9.6771,0.0003,0.0011,-0.0003,0.00,,,,,,,,,,,
IMU,5460,,,,,,,,0.1141,-0.0299,9.6928,-0.0005,0.0003,-0.0008,0.00,,,,,,,,,,,
IMU,5470,,,,,,,,0.0560,-0.0455,9.7308,-0.0003,-0.0024,-0.0019,0.00,,,,,,,,,,,
IMU,5480,,,,,,,,0.0120,-0.0254,9.7608,0.0024,-0.0021,-0.0021,0.00,,,,,,,,,,,
IMU,5490,,,,,,,,-0.0298,0.0298,9.7976,0.0019,-0.0003,-0.0019,0.00,,,,,,,,,,,
IMU,5500,,,,,,,,-0.0373,0.0364,9.8031,0.0003,-0.0011,-0.0013,0.00,,,,,,,,,,,
IMU,5510,,,,,,,,0.0201,0.0349,9.7485,0.0003,-0.0008,0.0003,0.00,,,,,,,,,,,
IMU,5520,,,,,,,,0.0927,0.0570,9.6959,-0.0005,0.0003,0.0008,0.00,,,,,,,,,,,
IMU,5530,,,,,,,,0.1461,0.0400,9.7093,-0.0019,-0.0005,0.0008,0.00,,,,,,,,,,,
IMU,5540,,,,,,,,0.2554,-0.0214,9.8986,-0.0008,-0.0016,-0.0005,0.00,,,,,,,,,,,
IMU,5550,,,,,,,,0.3179,-0.0280,9.8637,0.0005,0.0051,-0.0019,0.00,,,,,,,,,,,
IMU,5560,,,,,,,,0.2274,-0.0144,9.5819,0.0000,0.0061,-0.0021,0.00,,,,,,,,,,,
IMU,5570,,,,,,,,0.1611,-0.0385,9.6416,0.0003,-0.0005,-0.0021,0.00,,,,,,,,,,,
IMU,5580,,,,,,,,0.1232,-0.0307,9.8934,0.0016,-0.0008,0.0000,0.00,,,,,,,,,,,
IMU,5590,,,,,,,,0.0147,0.0491,9.7402,0.0027,0.0027,0.0003,0.00,,,,,,,,,,,
IMU,5600,,,,,,,,-0.0828,0.0948,9.5293,0.0000,-0.0005,-0.0016,0.00,,,,,,,,,,,
IMU,5610,,,,,,,,-0.0510,0.0680,9.6380,-0.0008,-0.0048,-0.0029,0.00,,,,,,,,,,,
IMU,5620,,,,,,,,0.0428,0.0659,9.7622,0.0003,-0.0027,-0.0013,0.00,,,,,,,,,,,
IMU,5630,,,,,,,,0.1263,0.0543,9.7774,-0.0021,0.0019,-0.0003,0.00,,,,,,,,,,,
IMU,5640,,,,,,,,0.2117,-0.0244,9.8287,-0.0037,0.0013,-0.0003,0.00,,,,,,,,,,,
IMU,5650,,,,,,,,0.2696,-0.0807,9.8377,-0.0013,0.0013,-0.0003,0.00,,,,,,,,,,,
IMU,5660,,,,,,,,0.2247,-0.0629,9.7811,0.0011,0.0019,-0.0021,0.00,,,,,,,,,,,
IMU,5670,,,,,,,,0.1115,-0.0454,9.7618,0.0005,0.0011,-0.0024,0.00,,,,,,,,,,,
IMU,5680,,,,,,,,0.0196,-0.0370,9.7146,0.0005,-0.0005,-0.0027,0.00,,,,,,,,,,,
IMU,5690,,,,,,,,-0.0157,0.0136,9.6515,0.0016,-0.0008,-0.0019,0.00,,,,,,,,,,,
IMU,5700,,,,,,,,0.0078,0.0632,9.6690,0.0019,-0.0003,0.0003,0.00,,,,,,,,,,,
IMU,5710,,,,,,,,0.0801,0.0760,9.7200,0.0024,-0.0000,0.0016,0.00,,,,,,,,,,,
IMU,5721,,,,,,,,0.1609,0.0913,9.7154,0.0016,-0.0005,0.0013,0.00,,,,,,,,,,,
IMU,5730,,,,,,,,0.1882,0.0882,9.7620,0.0003,-0.0005,0.0003,0.00,,,,,,,,,,,
IMU,5741,,,,,,,,0.1672,0.0771,9.8266,-0.0008,-0.0000,-0.0019,0.00,,,,,,,,,,,
IMU,5751,,,,,,,,0.1394,0.0730,9.7875,-0.0003,0.0008,-0.0029,0.00,,,,,,,,,,,
IMU,5761,,,,,,,,0.1218,0.0585,9.7452,-0.0008,0.0008,-0.0029,0.00,,,,,,,,,,,
IMU,5771,,,,,,,,0.1144,0.0205,9.7265,-0.0016,0.0013,-0.0019,0.00,,,,,,,,,,,
IMU,5781,,,,,,,,0.1278,-0.0120,9.7118,-0.0008,-0.0000,-0.0003,0.00,,,,,,,,,,,
IMU,5791,,,,,,,,0.1349,-0.0096,9.6991,0.0000,0.0008,-0.0003,0.00,,,,,,,,,,,
IMU,5801,,,,,,,,0.0877,-0.0076,9.6937,-0.0011,0.0011,-0.0013,0.00,,,,,,,,,,,
IMU,5811,,,,,,,,0.0314,-0.0442,9.7173,-0.0011,0.0000,-0.0019,0.00,,,,,,,,,,,
IMU,5821,,,,,,,,0.0214,-0.0503,9.7551,0.0011,-0.0011,-0.0016,0.00,,,,,,,,,,,
IMU,5831,,,,,,,,0.0380,-0.0308,9.7729,0.0011,-0.0005,-0.0005,0.00,,,,,,,,,,,
IMU,5841,,,,,,,,0.0692,-0.0398,9.7678,-0.0011,0.0003,0.0008,0.00,,,,,,,,,,,
IMU,5851,,,,,,,,0.1257,-0.0543,9.7527,0.0000,-0.0011,0.0013,0.00,,,,,,,,,,,
IMU,5861,,,,,,,,0.1900,-0.0280,9.7167,0.0008,-0.0013,0.0005,0.00,,,,,,,,,,,
IMU,5871,,,,,,,,0.1895,-0.0169,9.7085,-0.0003,-0.0013,-0.0008,0.00,,,,,,,,,,,
IMU,5881,,,,,,,,0.1563,-0.0455,9.7197,-0.0013,-0.0013,-0.0024,0.00,,,,,,,,,,,
IMU,5891,,,,,,,,0.1193,-0.0702,9.7221,0.0000,-0.0008,-0.0021,0.00,,,,,,,,,,,
IMU,5901,,,,,,,,0.0828,-0.0630,9.7052,0.0003,0.0003,-0.0019,0.00,,,,,,,,,,,
IMU,5911,,,,,,,,0.0397,-0.0844,9.7503,-0.0008,-0.0011,-0.0019,0.00,,,,,,,,,,,
IMU,5921,,,,,,,,0.0443,-0.1036,9.8193,0.0011,-0.0021,-0.0003,0.00,,,,,,,,,,,
IMU,5931,,,,,,,,0.0760,-0.0593,9.8067,0.0027,-0.0013,0.0005,0.00,,,,,,,,,,,
IMU,5941,,,,,,,,0.0816,-0.0100,9.7346,0.0013,-0.0000,0.0005,0.00,,,,,,,,,,,
IMU,5951,,,,,,,,0.0771,0.0048,9.7108,0.0013,-0.0016,0.0003,0.00,,,,,,,,,,,
IMU,5961,,,,,,,,0.1051,0.0587,9.7217,0.0040,-0.0021,0.0005,0.00,,,,,,,,,,,
IMU,5971,,,,,,,,0.1509,0.1271,9.7160,0.0027,-0.0013,0.0005,0.00,,,,,,,,,,,
IMU,5981,,,,,,,,0.1777,0.1214,9.7049,-0.0003,-0.0008,-0.0011,0.00,,,,,,,,,,,
IMU,5991,,,,,,,,0.2015,0.0829,9.7238,-0.0005,-0.0016,-0.0016,0.00,,,,,,,,,,,
IMU,6002,,,,,,,,0.2004,0.0858,9.7630,-0.0008,-0.0013,-0.0019,0.00,,,,,,,,,,,
IMU,6012,,,,,,,,0.1447,0.0621,9.7922,-0.0037,-0.0011,-0.0032,0.00,,,,,,,,,,,
IMU,6022,,,,,,,,0.0621,-0.0088,9.8081,-0.0035,-0.0005,-0.0043,0.00,,,,,,,,,,,
IMU,6032,,,,,,,,-0.0013,-0.0516,9.7670,-0.0016,0.0000,-0.0029,27.90,,,,,,,,,,,
IMU,6042,,,,,,,,-0.0311,-0.0579,9.6914,-0.0016,0.0011,-0.0019,27.90,,,,,,,,,,,
IMU,6052,,,,,,,,-0.0205,-0.0841,9.6681,-0.0027,-0.0008,-0.0011,27.90,,,,,,,,,,,
IMU,6062,,,,,,,,0.0525,-0.1187,9.7087,-0.0008,-0.0021,0.0013,27.90,,,,,,,,,,,
IMU,6072,,,,,,,,0.1519,-0.0898,9.7313,0.0013,-0.0016,0.0021,27.90,,,,,,,,,,,
IMU,6082,,,,,,,,0.2007,-0.0579,9.7337,0.0011,-0.0013,0.0000,27.90,,,,,,,,,,,
IMU,6092,,,,,,,,0.2166,-0.0503,9.7905,0.0024,-0.0021,-0.0008,27.90,,,,,,,,,,,
IMU,6102,,,,,,,,0.2157,0.0022,9.8284,0.0045,-0.0008,-0.0008,27.90,,,,,,,,,,,
IMU,6112,,,,,,,,0.1585,0.0880,9.7769,0.0035,0.0005,-0.0005,27.90,,,,,,,,,,,
IMU,6122,,,,,,,,0.0876,0.1209,9.7199,0.0011,-0.0003,0.0000,27.90,,,,,,,,,,,
IMU,6132,,,,,,,,0.0486,0.1212,9.7100,0.0013,-0.0016,-0.0005,27.90,,,,,,,,,,,
IMU,6142,,,,,,,,0.0359,0.1614,9.6913,0.0011,-0.0005,-0.0016,27.90,,,,,,,,,,,
IMU,6152,,,,,,,,0.0248,0.1447,9.6669,-0.0029,-0.0008,-0.0024,27.90,,,,,,,,,,,
IMU,6162,,,,,,,,0.0445,0.0361,9.6973,-0.0056,-0.0019,-0.0032,27.90,,,,,,,,,,,
IMU,6172,,,,,,,,0.0910,-0.0481,9.7419,-0.0043,-0.0019,-0.0019,27.90,,,,,,,,,,,
IMU,6182,,,,,,,,0.1310,-0.0960,9.7730,-0.0035,-0.0003,-0.0011,27.90,,,,,,,,,,,
IMU,6192,,,,,,,,0.1476,-0.1557,9.8194,-0.0037,0.0003,-0.0011,27.90,,,,,,,,,,,
IMU,6202,,,,,,,,0.1638,-0.1868,9.8277,0.0003,-0.0003,-0.0005,27.90,,,,,,,,,,,
IMU,6212,,,,,,,,0.1632,-0.1299,9.7590,0.0037,-0.0005,0.0000,27.90,,,,,,,,,,,
IMU,6222,,,,,,,,0.1329,-0.0518,9.6991,0.0040,-0.0008,-0.0005,27.90,,,,,,,,,,,
IMU,6232,,,,,,,,0.1097,-0.0043,9.7033,0.0037,-0.0024,-0.0005,27.90,,,,,,,,,,,
IMU,6242,,,,,,,,0.1082,0.0733,9.7182,0.0043,-0.0019,-0.0003,27.90,,,,,,,,,,,
IMU,6252,,,,,,,,0.0888,0.1447,9.7028,0.0019,-0.0003,-0.0005,27.90,,,,,,,,,,,
IMU,6262,,,,,,,,0.0747,0.1471,9.7139,-0.0005,-0.0013,-0.0003,27.90,,,,,,,,,,,
IMU,6272,,,,,,,,0.0882,0.1208,9.7555,-0.0013,-0.0021,-0.0011,27.90,,,,,,,,,,,
IMU,6283,,,,,,,,0.0921,0.1085,9.7829,-0.0016,-0.0016,-0.0016,27.90,,,,,,,,,,,
IMU,6293,,,,,,,,0.0811,0.0675,9.7878,-0.0032,0.0000,-0.0019,27.90,,,,,,,,,,,
IMU,6303,,,,,,,,0.0983,-0.0298,9.7642,-0.0040,-0.0005,-0.0019,27.90,,,,,,,,,,,
IMU,6313,,,,,,,,0.1178,-0.0889,9.6880,-0.0027,0.0003,-0.0013,27.90,,,,,,,,,,,
IMU,6323,,,,,,,,0.1043,-0.1106,9.6415,-0.0027,0.0003,-0.0013,27.90,,,,,,,,,,,
IMU,6333,,,,,,,,0.1057,-0.1236,9.7103,-0.0013,-0.0016,-0.0005,27.90,,,,,,,,,,,
IMU,6343,,,,,,,,0.1446,-0.1162,9.8094,0.0011,-0.0029,-0.0003,27.90,,,,,,,,,,,
IMU,6353,,,,,,,,0.1539,-0.0626,9.8119,0.0035,-0.0011,-0.0003,27.90,,,,,,,,,,,
IMU,6363,,,,,,,,0.1304,-0.0081,9.7618,0.0032,0.0000,-0.0003,27.90,,,,,,,,,,,
IMU,6373,,,,,,,,0.1242,0.0253,9.7603,0.0035,-0.0011,0.0000,27.90,,,,,,,,,,,
IMU,6383,,,,,,,,0.1239,0.0871,9.7750,0.0032,-0.0005,0.0003,27.90,,,,,,,,,,,
IMU,6393,,,,,,,,0.1061,0.1421,9.7405,0.0008,0.0008,0.0000,27.90,,,,,,,,,,,
IMU,6403,,,,,,,,0.0822,0.1278,9.7001,-0.0013,-0.0005,-0.0003,27.90,,,,,,,,,,,
IMU,6413,,,,,,,,0.0771,0.0977,9.6823,-0.0013,-0.0019,-0.0016,27.90,,,,,,,,,,,
IMU,6423,,,,,,,,0.0732,0.0814,9.6822,-0.0013,-0.0016,-0.0029,27.90,,,,,,,,,,,
IMU,6433,,,,,,,,0.0739,0.0100,9.7393,-0.0037,-0.0011,-0.0032,27.90,,,,,,,,,,,
IMU,6443,,,,,,,,0.1060,-0.0726,9.7902,-0.0037,-0.0016,-0.0024,27.90,,,,,,,,,,,
IMU,6453,,,,,,,,0.1539,-0.0954,9.7893,-0.0011,-0.0005,-0.0008,27.90,,,,,,,,,,,
IMU,6463,,,,,,,,0.1717,-0.0927,9.7648,-0.0013,0.0003,0.0005,27.90,,,,,,,,,,,
IMU,6473,,,,,,,,0.1662,-0.1049,9.7694,0.0000,-0.0008,-0.0008,27.90,,,,,,,,,,,
IMU,6483,,,,,,,,0.1427,-0.0733,9.7735,0.0027,-0.0005,-0.0008,27.90,,,,,,,,,,,
IMU,6493,,,,,,,,0.0942,0.0016,9.7223,0.0027,0.0005,-0.0013,27.90,,,,,,,,,,,
IMU,6503,,,,,,,,0.0359,0.0265,9.6702,0.0011,0.0005,-0.0021,27.90,,,,,,,,,,,
IMU,6513,,,,,,,,0.0277,0.0313,9.6793,0.0013,-0.0011,-0.0005,27.90,,,,,,,,,,,
IMU,6523,,,,,,,,0.0588,0.0711,9.7169,0.0016,-0.0011,0.0008,27.90,,,,,,,,,,,
IMU,6533,,,,,,,,0.0859,0.0879,9.7476,-0.0008,-0.0003,0.0003,27.90,,,,,,,,,,,
IMU,6543,,,,,,,,0.1274,0.0469,9.7831,-0.0011,-0.0008,-0.0008,27.90,,,,,,,,,,,
IMU,6553,,,,,,,,0.1573,0.0277,9.7872,-0.0003,-0.0011,-0.0021,27.90,,,,,,,,,,,
IMU,6564,,,,,,,,0.1476,0.0265,9.7545,-0.0011,0.0000,-0.0024,27.90,,,,,,,,,,,
IMU,6574,,,,,,,,0.1129,-0.0266,9.7398,-0.0019,-0.0005,-0.0016,27.90,,,,,,,,,,,
IMU,6584,,,,,,,,0.1129,-0.0790,9.7331,-0.0011,-0.0000,-0.0008,27.90,,,,,,,,,,,
IMU,6594,,,,,,,,0.1172,-0.0572,9.6986,-0.0003,0.0008,-0.0008,27.90,,,,,,,,,,,
IMU,6604,,,,,,,,0.0976,-0.0362,9.6780,0.0003,0.0003,-0.0003,27.90,,,,,,,,,,,
IMU,6614,,,,,,,,0.0831,-0.0524,9.7277,0.0013,-0.0024,-0.0003,27.90,,,,,,,,,,,
IMU,6624,,,,,,,,0.0829,-0.0094,9.7670,0.0027,-0.0019,0.0005,27.90,,,,,,,,,,,
IMU,6634,,,,,,,,0.0677,0.0483,9.7605,0.0013,-0.0013,0.0003,27.90,,,,,,,,,,,
IMU,6644,,,,,,,,0.0660,0.0388,9.7866,-0.0003,-0.0019,0.0005,27.90,,,,,,,,,,,
IMU,6654,,,,,,,,0.1009,0.0326,9.7864,0.0011,-0.0013,0.0011,27.90,,,,,,,,,,,
IMU,6664,,,,,,,,0.1494,0.0762,9.7271,0.0003,-0.0003,0.0000,27.90,,,,,,,,,,,
IMU,6674,,,,,,,,0.1708,0.0567,9.7013,-0.0027,-0.0005,-0.0011,27.90,,,,,,,,,,,
IMU,6684,,,,,,,,0.1626,-0.0009,9.7221,-0.0016,-0.0011,-0.0013,27.90,,,,,,,,,,,
IMU,6694,,,,,,,,0.1370,0.0003,9.7226,0.0008,-0.0011,-0.0021,27.90,,,,,,,,,,,
IMU,6704,,,,,,,,0.0861,0.0106,9.7248,-0.0008,-0.0005,-0.0019,27.90,,,,,,,,,,,
IMU,6714,,,,,,,,0.0494,-0.0286,9.7582,-0.0019,-0.0019,-0.0016,27.90,,,,,,,,,,,
IMU,6724,,,,,,,,0.0674,-0.0460,9.7658,0.0008,-0.0021,-0.0011,27.90,,,,,,,,,,,
IMU,6734,,,,,,,,0.1000,-0.0012,9.7429,0.0024,-0.0005,-0.0011,27.90,,,,,,,,,,,
IMU,6744,,,,,,,,0.1201,0.0039,9.7404,-0.0003,-0.0011,-0.0003,27.90,,,,,,,,,,,
IMU,6754,,,,,,,,0.1524,-0.0241,9.7551,0.0000,-0.0016,-0.0011,27.90,,,,,,,,,,,
IMU,6764,,,,,,,,0.1644,0.0061,9.7381,0.0016,-0.0005,-0.0008,27.90,,,,,,,,,,,
IMU,6774,,,,,,,,0.1232,0.0290,9.7160,0.0003,-0.0003,-0.0013,27.90,,,,,,,,,,,
IMU,6784,,,,,,,,0.0723,-0.0022,9.7296,-0.0005,-0.0011,-0.0019,27.90,,,,,,,,,,,
IMU,6794,,,,,,,,0.0638,-0.0006,9.7465,0.0008,-0.0016,-0.0011,27.90,,,,,,,,,,,
IMU,6804,,,,,,,,0.0817,0.0370,9.7203,0.0005,-0.0008,-0.0008,27.90,,,,,,,,,,,
IMU,6814,,,,,,,,0.0948,0.0305,9.7236,-0.0011,-0.0011,-0.0011,27.90,,,,,,,,,,,
IMU,6825,,,,,,,,0.1310,0.0055,9.7687,-0.0005,-0.0024,-0.0011,27.90,,,,,,,,,,,
IMU,6835,,,,,,,,0.1558,0.0151,9.7708,0.0011,-0.0016,-0.0011,27.90,,,,,,,,,,,
IMU,6845,,,,,,,,0.1371,0.0412,9.7411,-0.0003,0.0000,-0.0013,27.90,,,,,,,,,,,
IMU,6855,,,,,,,,0.0982,-0.0112,9.7280,-0.0027,-0.0003,-0.0016,27.90,,,,,,,,,,,
IMU,6865,,,,,,,,0.0886,-0.0501,9.7346,-0.0003,-0.0016,-0.0011,27.90,,,,,,,,,,,
IMU,6875,,,,,,,,0.0823,-0.0228,9.7202,0.0013,-0.0003,-0.0008,27.90,,,,,,,,,,,
IMU,6885,,,,,,,,0.0754,-0.0123,9.7244,-0.0011,-0.0000,0.0000,27.90,,,,,,,,,,,
IMU,6895,,,,,,,,0.0924,-0.0506,9.7534,0.0000,-0.0019,0.0000,27.90,,,,,,,,,,,
IMU,6905,,,,,,,,0.1165,-0.0207,9.7507,0.0021,-0.0016,0.0000,27.90,,,,,,,,,,,
IMU,6915,,,,,,,,0.1079,0.0317,9.7340,0.0011,-0.0008,-0.0013,27.90,,,,,,,,,,,
IMU,6925,,,,,,,,0.0952,0.0096,9.7570,-0.0008,-0.0011,-0.0021,27.90,,,,,,,,,,,
IMU,6935,,,,,,,,0.1057,0.0025,9.7531,0.0005,-0.0013,-0.0011,27.90,,,,,,,,,,,
IMU,6945,,,,,,,,0.1215,0.0531,9.7199,0.0013,-0.0005,-0.0008,27.90,,,,,,,,,,,
IMU,6955,,,,,,,,0.1251,0.0483,9.7308,-0.0011,-0.0011,-0.0005,27.90,,,,,,,,,,,
IMU,6965,,,,,,,,0.1341,0.0028,9.7649,-0.0013,-0.0016,-0.0011,27.90,,,,,,,,,,,
IMU,6975,,,,,,,,0.1281,0.0154,9.7471,0.0008,-0.0008,-0.0011,27.90,,,,,,,,,,,
IMU,6985,,,,,,,,0.0989,0.0352,9.7262,0.0000,-0.0005,-0.0024,27.90,,,,,,,,,,,
IMU,6995,,,,,,,,0.0733,-0.0075,9.7548,-0.0011,-0.0013,-0.0027,27.90,,,,,,,,,,,
IMU,7005,,,,,,,,0.0874,-0.0145,9.7643,0.0000,-0.0013,-0.0019,27.90,,,,,,,,,,,
IMU,7015,,,,,,,,0.1039,0.0195,9.7317,-0.0005,-0.0003,-0.0013,27.90,,,,,,,,,,,
IMU,7025,,,,,,,,0.1051,0.0018,9.7358,-0.0021,-0.0005,-0.0013,27.90,,,,,,,,,,,
IMU,7035,,,,,,,,0.1144,-0.0410,9.7447,-0.0013,-0.0013,-0.0011,27.90,,,,,,,,,,,
IMU,7045,,,,,,,,0.1253,-0.0217,9.7331,0.0008,-0.0005,-0.0011,27.90,,,,,,,,,,,
IMU,7055,,,,,,,,0.0980,0.0009,9.7376,0.0000,-0.0005,-0.0013,27.90,,,,,,,,,,,
IMU,7065,,,,,,,,0.0735,-0.0323,9.7525,-0.0003,-0.0016,-0.0013,27.90,,,,,,,,,,,
IMU,7075,,,,,,,,0.0958,-0.0238,9.7374,0.0016,-0.0013,-0.0008,27.90,,,,,,,,,,,
IMU,7085,,,,,,,,0.1172,0.0322,9.7126,0.0011,0.0003,-0.0003,27.90,,,,,,,,,,,
IMU,7095,,,,,,,,0.1168,0.0247,9.7362,-0.0005,-0.0005,-0.0005,27.90,,,,,,,,,,,
IMU,7106,,,,,,,,0.1373,0.0121,9.7679,0.0005,-0.0019,-0.0011,27.90,,,,,,,,,,,
IMU,7116,,,,,,,,0.1534,0.0501,9.7359,0.0013,-0.0008,-0.0021,27.90,,,,,,,,,,,
IMU,7126,,,,,,,,0.1172,0.0551,9.6997,-0.0008,0.0005,-0.0029,27.90,,,,,,,,,,,
IMU,7136,,,,,,,,0.0864,0.0043,9.7310,-0.0013,-0.0005,-0.0024,27.90,,,,,,,,,,,
IMU,7146,,,,,,,,0.0856,-0.0031,9.7569,0.0003,-0.0016,-0.0008,27.90,,,,,,,,,,,
IMU,7156,,,,,,,,0.0793,0.0247,9.7266,-0.0011,-0.0003,-0.0008,27.90,,,,,,,,,,,
IMU,7166,,,,,,,,0.0799,-0.0162,9.7269,-0.0024,-0.0008,-0.0016,27.90,,,,,,,,,,,
IMU,7176,,,,,,,,0.1027,-0.0439,9.7557,0.0000,-0.0019,-0.0008,27.90,,,,,,,,,,,
IMU,7186,,,,,,,,0.1269,-0.0057,9.7471,0.0008,-0.0013,-0.0003,27.90,,,,,,,,,,,
IMU,7196,,,,,,,,0.1186,-0.0066,9.7416,-0.0016,-0.0011,-0.0005,27.90,,,,,,,,,,,
IMU,7206,,,,,,,,0.1040,-0.0463,9.7504,-0.0011,-0.0016,-0.0013,27.90,,,,,,,,,,,
IMU,7216,,,,,,,,0.1160,-0.0193,9.7319,0.0016,-0.0011,-0.0016,27.90,,,,,,,,,,,
IMU,7226,,,,,,,,0.1079,0.0364,9.7123,0.0008,0.0000,-0.0011,27.90,,,,,,,,,,,
IMU,7236,,,,,,,,0.1051,0.0160,9.7450,-0.0013,-0.0013,-0.0005,27.90,,,,,,,,,,,
IMU,7246,,,,,,,,0.1160,-0.0100,9.7771,0.0013,-0.0021,0.0000,27.90,,,,,,,,,,,
IMU,7256,,,,,,,,0.1138,0.0368,9.7522,0.0019,-0.0003,-0.0005,27.90,,,,,,,,,,,
IMU,7266,,,,,,,,0.0883,0.0412,9.7226,-0.0021,-0.0003,-0.0019,27.90,,,,,,,,,,,
IMU,7276,,,,,,,,0.0759,-0.0073,9.7323,-0.0013,-0.0019,-0.0011,27.90,,,,,,,,,,,
IMU,7286,,,,,,,,0.0904,0.0040,9.7248,0.0008,-0.0013,-0.0011,27.90,,,,,,,,,,,
IMU,7296,,,,,,,,0.1075,0.0362,9.7155,-0.0003,-0.0008,-0.0005,27.90,,,,,,,,,,,
IMU,7306,,,,,,,,0.1220,-0.0169,9.7521,-0.0019,-0.0016,-0.0005,27.90,,,,,,,,,,,
IMU,7316,,,,,,,,0.1500,-0.0539,9.7780,0.0008,-0.0021,-0.0008,27.90,,,,,,,,,,,
IMU,7326,,,,,,,,0.1581,-0.0024,9.7584,0.0013,-0.0011,-0.0005,27.90,,,,,,,,,,,
IMU,7336,,,,,,,,0.1181,0.0061,9.7453,-0.0011,-0.0005,-0.0008,27.90,,,,,,,,,,,
IMU,7346,,,,,,,,0.0903,-0.0216,9.7476,-0.0003,-0.0016,-0.0013,27.90,,,,,,,,,,,
IMU,7356,,,,,,,,0.0897,0.0201,9.7178,0.0024,-0.0008,-0.0011,27.90,,,,,,,,,,,
IMU,7366,,,,,,,,0.0805,0.0627,9.6959,0.0013,-0.0005,-0.0003,27.90,,,,,,,,,,,
IMU,7376,,,,,,,,0.0894,0.0213,9.7414,-0.0008,-0.0016,-0.0008,27.90,,,,,,,,,,,
IMU,7387,,,,,,,,0.1218,-0.0027,9.7693,0.0003,-0.0021,-0.0005,27.90,,,,,,,,,,,
IMU,7397,,,,,,,,0.1257,0.0314,9.7355,0.0005,-0.0005,-0.0003,27.90,,,,,,,,,,,
IMU,7407,,,,,,,,0.0949,0.0118,9.7292,-0.0019,-0.0003,-0.0016,27.90,,,,,,,,,,,
IMU,7417,,,,,,,,0.0877,-0.0467,9.7637,-0.0016,-0.0016,-0.0019,27.90,,,,,,,,,,,
IMU,7427,,,,,,,,0.0983,-0.0304,9.7492,0.0011,-0.0011,-0.0008,27.90,,,,,,,,,,,
IMU,7437,,,,,,,,0.0939,0.0007,9.7178,-0.0008,-0.0008,0.0000,27.90,,,,,,,,,,,
IMU,7447,,,,,,,,0.1090,-0.0410,9.7384,-0.0011,-0.0016,0.0000,27.90,,,,,,,,,,,
IMU,7457,,,,,,,,0.1449,-0.0401,9.7438,0.0013,-0.0016,-0.0008,27.90,,,,,,,,,,,
IMU,7467,,,,,,,,0.1442,0.0265,9.7175,0.0016,-0.0011,-0.0011,27.90,,,,,,,,,,,
IMU,7477,,,,,,,,0.1024,0.0247,9.7331,-0.0013,-0.0003,-0.0024,27.90,,,,,,,,,,,
IMU,7487,,,,,,,,0.0885,-0.0037,9.7717,0.0003,-0.0011,-0.0019,27.90,,,,,,,,,,,
IMU,7497,,,,,,,,0.1033,0.0413,9.7461,0.0019,-0.0011,-0.0011,27.90,,,,,,,,,,,
IMU,7507,,,,,,,,0.1051,0.0641,9.7320,-0.0005,-0.0008,-0.0003,27.90,,,,,,,,,,,
IMU,7517,,,,,,,,0.1094,0.0132,9.7548,-0.0016,-0.0011,-0.0016,27.90,,,,,,,,,,,
IMU,7527,,,,,,,,0.1212,-0.0061,9.7543,0.0008,-0.0008,-0.0013,27.90,,,,,,,,,,,
IMU,7537,,,,,,,,0.1163,0.0299,9.7105,-0.0005,-0.0003,-0.0013,27.90,,,,,,,,,,,
IMU,7547,,,,,,,,0.0853,-0.0090,9.7170,-0.0027,-0.0008,-0.0013,27.90,,,,,,,,,,,
IMU,7557,,,,,,,,0.0831,-0.0593,9.7507,-0.0013,-0.0016,-0.0016,27.90,,,,,,,,,,,
IMU,7567,,,,,,,,0.1001,-0.0299,9.7443,0.0011,-0.0008,-0.0008,27.90,,,,,,,,,,,
IMU,7577,,,,,,,,0.1087,-0.0070,9.7292,-0.0005,-0.0005,-0.0011,27.90,,,,,,,,,,,
IMU,7587,,,,,,,,0.1037,-0.0358,9.7516,-0.0011,-0.0016,-0.0008,27.90,,,,,,,,,,,
IMU,7597,,,,,,,,0.1320,-0.0380,9.7645,0.0011,-0.0019,-0.0013,27.90,,,,,,,,,,,
IMU,7607,,,,,,,,0.1259,0.0192,9.7278,0.0024,-0.0005,-0.0013,27.90,,,,,,,,,,,
IMU,7617,,,,,,,,0.0933,0.0250,9.7280,-0.0003,-0.0008,-0.0008,27.90,,,,,,,,,,,
IMU,7627,,,,,,,,0.0907,0.0114,9.7497,-0.0003,-0.0016,-0.0013,27.90,,,,,,,,,,,
IMU,7637,,,,,,,,0.1064,0.0376,9.7278,0.0008,-0.0008,-0.0011,27.90,,,,,,,,,,,
IMU,7647,,,,,,,,0.1084,0.0530,9.7090,-0.0011,-0.0008,-0.0003,27.90,,,,,,,,,,,
IMU,7658,,,,,,,,0.1090,0.0096,9.7555,-0.0016,-0.0013,-0.0008,27.90,,,,,,,,,,,
IMU,7668,,,,,,,,0.1293,-0.0064,9.7612,0.0003,-0.0008,-0.0016,27.90,,,,,,,,,,,
IMU,7678,,,,,,,,0.1208,0.0153,9.7289,-0.0003,-0.0000,-0.0011,27.90,,,,,,,,,,,
IMU,7688,,,,,,,,0.0867,-0.0103,9.7301,-0.0027,-0.0008,-0.0016,27.90,,,,,,,,,,,
IMU,7698,,,,,,,,0.0829,-0.0524,9.7546,-0.0008,-0.0019,-0.0008,27.90,,,,,,,,,,,
IMU,7708,,,,,,,,0.1043,-0.0265,9.7370,0.0013,-0.0016,0.0003,27.90,,,,,,,,,,,
IMU,7718,,,,,,,,0.1019,0.0025,9.7105,-0.0000,-0.0011,-0.0003,27.90,,,,,,,,,,,
IMU,7728,,,,,,,,0.1031,-0.0268,9.7392,-0.0003,-0.0016,-0.0008,27.90,,,,,,,,,,,
IMU,7738,,,,,,,,0.1215,-0.0214,9.7554,0.0019,-0.0013,-0.0003,27.90,,,,,,,,,,,
IMU,7748,,,,,,,,0.1141,0.0281,9.7355,0.0016,-0.0005,0.0000,27.90,,,,,,,,,,,
IMU,7758,,,,,,,,0.0961,0.0272,9.7432,-0.0013,-0.0003,-0.0000,27.90,,,,,,,,,,,
IMU,7768,,,,,,,,0.0982,0.0106,9.7652,0.0000,-0.0011,-0.0005,27.90,,,,,,,,,,,
IMU,7778,,,,,,,,0.1139,0.0479,9.7287,0.0021,-0.0008,-0.0013,27.90,,,,,,,,,,,
IMU,7788,,,,,,,,0.1178,0.0543,9.6923,-0.0005,-0.0005,-0.0008,27.90,,,,,,,,,,,
IMU,7798,,,,,,,,0.1153,0.0078,9.7251,-0.0011,-0.0011,-0.0008,27.90,,,,,,,,,,,
IMU,7808,,,,,,,,0.1238,0.0000,9.7444,0.0008,-0.0008,-0.0005,27.90,,,,,,,,,,,
IMU,7818,,,,,,,,0.1115,0.0231,9.7277,-0.0003,-0.0000,-0.0005,27.90,,,,,,,,,,,
IMU,7828,,,,,,,,0.0856,-0.0103,9.7404,-0.0024,-0.0003,-0.0013,27.90,,,,,,,,,,,
IMU,7838,,,,,,,,0.0910,-0.0440,9.7678,-0.0011,-0.0011,-0.0013,27.90,,,,,,,,,,,
IMU,7848,,,,,,,,0.1016,-0.0159,9.7465,0.0003,-0.0003,-0.0008,27.90,,,,,,,,,,,
IMU,7858,,,,,,,,0.0958,0.0033,9.7328,-0.0013,0.0000,-0.0013,27.90,,,,,,,,,,,
IMU,7868,,,,,,,,0.1007,-0.0139,9.7483,-0.0013,-0.0016,-0.0013,27.90,,,,,,,,,,,
IMU,7878,,,,,,,,0.1235,-0.0186,9.7513,0.0013,-0.0024,-0.0005,27.90,,,,,,,,,,,
IMU,7888,,,,,,,,0.1259,0.0234,9.7221,0.0013,-0.0013,-0.0003,27.90,,,,,,,,,,,
IMU,7898,,,,,,,,0.1009,0.0226,9.7123,-0.0011,-0.0008,-0.0011,27.90,,,,,,,,,,,
IMU,7908,,,,,,,,0.0885,0.0003,9.7364,-0.0003,-0.0016,-0.0008,27.90,,,,,,,,,,,
IMU,7918,,,,,,,,0.0936,0.0234,9.7413,0.0019,-0.0008,-0.0016,27.90,,,,,,,,,,,
IMU,7929,,,,,,,,0.0980,0.0380,9.7380,0.0003,-0.0005,-0.0013,27.90,,,,,,,,,,,
IMU,7939,,,,,,,,0.1088,0.0084,9.7551,-0.0013,-0.0011,-0.0013,27.90,,,,,,,,,,,
IMU,7949,,,,,,,,0.1271,-0.0013,9.7617,0.0000,-0.0008,-0.0008,27.90,,,,,,,,,,,
IMU,7959,,,,,,,,0.1304,0.0129,9.7337,0.0003,-0.0008,-0.0011,27.90,,,,,,,,,,,
IMU,7969,,,,,,,,0.1127,-0.0111,9.7287,-0.0013,-0.0011,-0.0013,27.90,,,,,,,,,,,
IMU,7979,,,,,,,,0.1066,-0.0386,9.7411,0.0000,-0.0019,-0.0013,27.90,,,,,,,,,,,
IMU,7989,,,,,,,,0.1165,-0.0052,9.7193,0.0013,-0.0008,-0.0003,27.90,,,,,,,,,,,
IMU,7999,,,,,,,,0.1135,0.0126,9.7075,-0.0005,-0.0008,-0.0011,27.90,,,,,,,,,,,
IMU,8009,,,,,,,,0.1150,-0.0144,9.7486,-0.0005,-0.0013,-0.0011,27.90,,,,,,,,,,,
IMU,8019,,,,,,,,0.1347,0.0004,9.7741,0.0008,-0.0011,-0.0008,27.90,,,,,,,,,,,
IMU,8029,,,,,,,,0.1175,0.0442,9.7504,0.0003,0.0003,-0.0011,27.90,,,,,,,,,,,
IMU,8039,,,,,,,,0.0783,0.0171,9.7441,-0.0016,-0.0003,-0.0016,27.91,,,,,,,,,,,
IMU,8049,,,,,,,,0.0760,-0.0114,9.7537,-0.0005,-0.0011,-0.0013,27.91,,,,,,,,,,,
IMU,8059,,,,,,,,0.0961,0.0085,9.7278,0.0003,-0.0008,-0.0005,27.91,,,,,,,,,,,
IMU,8069,,,,,,,,0.1045,0.0103,9.7132,-0.0011,-0.0005,-0.0005,27.91,,,,,,,,,,,
IMU,8079,,,,,,,,0.1218,-0.0284,9.7371,-0.0008,-0.0011,-0.0011,27.91,,,,,,,,,,,
IMU,8089,,,,,,,,0.1347,-0.0281,9.7432,0.0005,-0.0013,-0.0011,27.91,,,,,,,,,,,
IMU,8099,,,,,,,,0.1163,-0.0022,9.7334,0.0011,-0.0005,-0.0008,27.91,,,,,,,,,,,
IMU,8109,,,,,,,,0.0843,-0.0171,9.7588,-0.0003,-0.0005,-0.0016,27.91,,,,,,,,,,,
IMU,8119,,,,,,,,0.0894,-0.0274,9.7727,0.0008,-0.0008,-0.0011,27.91,,,,,,,,,,,
IMU,8129,,,,,,,,0.1151,0.0108,9.7461,0.0011,-0.0005,-0.0005,27.91,,,,,,,,,,,
IMU,8139,,,,,,,,0.1129,0.0281,9.7274,-0.0005,-0.0013,-0.0005,27.91,,,,,,,,,,,
IMU,8149,,,,,,,,0.1174,0.0027,9.7488,-0.0005,-0.0019,-0.0005,27.91,,,,,,,,,,,
IMU,8159,,,,,,,,0.1221,0.0156,9.7401,0.0016,-0.0013,-0.0008,27.91,,,,,,,,,,,
IMU,8169,,,,,,,,0.0955,0.0479,9.7114,0.0005,-0.0005,-0.0011,27.91,,,,,,,,,,,
IMU,8179,,,,,,,,0.0644,0.0081,9.7256,-0.0013,-0.0008,-0.0019,27.91,,,,,,,,,,,
IMU,8189,,,,,,,,0.0780,-0.0201,9.7639,0.0000,-0.0013,-0.0019,27.91,,,,,,,,,,,
IMU,8199,,,,,,,,0.0995,0.0036,9.7488,0.0005,0.0003,-0.0011,27.91,,,,,,,,,,,
IMU,8210,,,,,,,,0.1103,-0.0003,9.7328,-0.0013,-0.0003,-0.0005,27.91,,,,,,,,,,,
IMU,8220,,,,,,,,0.1272,-0.0403,9.7509,-0.0013,-0.0013,-0.0011,27.91,,,,,,,,,,,
IMU,8230,,,,,,,,0.1376,-0.0260,9.7534,0.0005,-0.0013,-0.0008,27.91,,,,,,,,,,,
IMU,8240,,,,,,,,0.1126,0.0030,9.7401,0.0005,-0.0011,-0.0016,27.91,,,,,,,,,,,
IMU,8250,,,,,,,,0.0925,-0.0166,9.7422,-0.0003,-0.0005,-0.0013,27.91,,,,,,,,,,,
IMU,8260,,,,,,,,0.0965,-0.0139,9.7361,0.0008,-0.0008,-0.0011,27.91,,,,,,,,,,,
IMU,8270,,,,,,,,0.1142,0.0385,9.7067,0.0011,-0.0005,-0.0013,27.91,,,,,,,,,,,
IMU,8280,,,,,,,,0.1163,0.0457,9.7173,-0.0008,-0.0008,-0.0011,27.91,,,,,,,,,,,
IMU,8290,,,,,,,,0.1211,0.0207,9.7652,-0.0003,-0.0011,-0.0011,27.91,,,,,,,,,,,
IMU,8300,,,,,,,,0.1180,0.0286,9.7708,0.0005,-0.0003,-0.0013,27.91,,,,,,,,,,,
IMU,8310,,,,,,,,0.0925,0.0392,9.7317,-0.0005,0.0003,-0.0016,27.91,,,,,,,,,,,
IMU,8320,,,,,,,,0.0656,-0.0078,9.7296,-0.0016,-0.0011,-0.0021,27.91,,,,,,,,,,,
IMU,8330,,,,,,,,0.0907,-0.0317,9.7449,0.0003,-0.0019,-0.0013,27.91,,,,,,,,,,,
IMU,8340,,,,,,,,0.1163,-0.0067,9.7335,0.0003,-0.0003,-0.0013,27.91,,,,,,,,,,,
IMU,8350,,,,,,,,0.1190,-0.0160,9.7238,-0.0016,-0.0003,-0.0008,27.91,,,,,,,,,,,
IMU,8360,,,,,,,,0.1301,-0.0397,9.7402,0.0000,-0.0011,-0.0005,27.91,,,,,,,,,,,
IMU,8370,,,,,,,,0.1332,-0.0130,9.7467,0.0024,-0.0011,-0.0008,27.91,,,,,,,,,,,
IMU,8380,,,,,,,,0.1081,0.0163,9.7444,0.0003,-0.0005,-0.0008,27.91,,,,,,,,,,,
IMU,8390,,,,,,,,0.0829,-0.0124,9.7614,-0.0003,-0.0011,-0.0016,27.91,,,,,,,,,,,
IMU,8400,,,,,,,,0.0855,0.0001,9.7486,0.0011,-0.0011,-0.0005,27.91,,,,,,,,,,,
IMU,8410,,,,,,,,0.0986,0.0376,9.7126,0.0008,-0.0011,-0.0003,27.91,,,,,,,,,,,
IMU,8420,,,,,,,,0.0977,0.0319,9.7206,-0.0005,-0.0005,-0.0011,27.91,,,,,,,,,,,
IMU,8431,,,,,,,,0.1162,0.0007,9.7458,-0.0005,-0.0016,-0.0008,27.91,,,,,,,,,,,
IMU,8440,,,,,,,,0.1232,0.0269,9.7395,0.0005,-0.0011,-0.0005,27.91,,,,,,,,,,,
IMU,8450,,,,,,,,0.0954,0.0292,9.7256,-0.0011,-0.0003,-0.0008,27.91,,,,,,,,,,,
IMU,8460,,,,,,,,0.0799,-0.0171,9.7497,-0.0019,-0.0011,-0.0013,27.91,,,,,,,,,,,
IMU,8470,,,,,,,,0.0997,-0.0325,9.7667,0.0005,-0.0021,-0.0005,27.91,,,,,,,,,,,
IMU,8480,,,,,,,,0.1172,-0.0004,9.7474,0.0003,-0.0008,-0.0008,27.91,,,,,,,,,,,
IMU,8491,,,,,,,,0.1201,-0.0144,9.7434,-0.0005,-0.0005,-0.0008,27.91,,,,,,,,,,,
IMU,8501,,,,,,,,0.1334,-0.0314,9.7516,0.0011,-0.0011,-0.0011,27.91,,,,,,,,,,,
IMU,8511,,,,,,,,0.1308,0.0210,9.7416,0.0019,-0.0005,-0.0011,27.91,,,,,,,,,,,
IMU,8521,,,,,,,,0.0936,0.0425,9.7292,-0.0005,-0.0008,-0.0016,27.91,,,,,,,,,,,
IMU,8531,,,,,,,,0.0729,0.0036,9.7444,-0.0008,-0.0011,-0.0013,27.91,,,,,,,,,,,
IMU,8541,,,,,,,,0.0831,0.0072,9.7392,0.0008,-0.0016,-0.0011,27.91,,,,,,,,,,,
IMU,8551,,,,,,,,0.0952,0.0540,9.7130,0.0005,-0.0013,-0.0005,27.91,,,,,,,,,,,
IMU,8561,,,,,,,,0.1048,0.0237,9.7335,-0.0013,-0.0013,-0.0008,27.91,,,,,,,,,,,
IMU,8571,,,,,,,,0.1260,-0.0127,9.7657,0.0003,-0.0016,-0.0013,27.91,,,,,,,,,,,
IMU,8581,,,,,,,,0.1251,0.0073,9.7527,0.0008,-0.0003,-0.0024,27.91,,,,,,,,,,,
IMU,8591,,,,,,,,0.0991,0.0015,9.7299,-0.0008,0.0005,-0.0016,27.91,,,,,,,,,,,
IMU,8601,,,,,,,,0.0861,-0.0436,9.7503,-0.0011,-0.0005,-0.0005,27.91,,,,,,,,,,,
IMU,8611,,,,,,,,0.1054,-0.0371,9.7534,-0.0000,-0.0013,-0.0005,27.91,,,,,,,,,,,
IMU,8621,,,,,,,,0.1174,-0.0016,9.7299,0.0008,-0.0005,-0.0005,27.91,,,,,,,,,,,
IMU,8631,,,,,,,,0.1159,-0.0097,9.7301,0.0000,-0.0008,-0.0016,27.91,,,,,,,,,,,
IMU,8641,,,,,,,,0.1235,-0.0112,9.7506,0.0019,-0.0019,-0.0019,27.91,,,,,,,,,,,
IMU,8651,,,,,,,,0.1171,0.0383,9.7464,0.0027,-0.0011,-0.0013,27.91,,,,,,,,,,,
IMU,8661,,,,,,,,0.0855,0.0481,9.7410,-0.0003,-0.0005,-0.0011,27.91,,,,,,,,,,,
IMU,8671,,,,,,,,0.0675,0.0081,9.7458,-0.0011,-0.0011,-0.0005,27.91,,,,,,,,,,,
IMU,8681,,,,,,,,0.0954,0.0268,9.7286,0.0005,-0.0011,-0.0008,27.91,,,,,,,,,,,
IMU,8691,,,,,,,,0.1174,0.0500,9.7132,-0.0005,-0.0008,-0.0008,27.91,,,,,,,,,,,
IMU,8701,,,,,,,,0.1295,0.0048,9.7401,-0.0013,-0.0013,-0.0013,27.91,,,,,,,,,,,
IMU,8711,,,,,,,,0.1386,-0.0260,9.7706,0.0000,-0.0016,-0.0008,27.91,,,,,,,,,,,
IMU,8721,,,,,,,,0.1241,0.0025,9.7489,0.0008,-0.0005,-0.0008,27.91,,,,,,,,,,,
IMU,8731,,,,,,,,0.0871,-0.0025,9.7358,-0.0011,0.0003,-0.0011,27.91,,,,,,,,,,,
IMU,8741,,,,,,,,0.0766,-0.0419,9.7540,-0.0005,-0.0005,-0.0016,27.91,,,,,,,,,,,
IMU,8752,,,,,,,,0.0931,-0.0163,9.7389,0.0011,-0.0011,-0.0008,27.91,,,,,,,,,,,
IMU,8762,,,,,,,,0.1072,0.0156,9.7190,0.0005,-0.0008,-0.0003,27.91,,,,,,,,,,,
IMU,8772,,,,,,,,0.1027,-0.0024,9.7343,-0.0003,-0.0013,-0.0003,27.91,,,,,,,,,,,
IMU,8782,,,,,,,,0.1192,-0.0106,9.7489,0.0011,-0.0016,-0.0003,27.91,,,,,,,,,,,
IMU,8792,,,,,,,,0.1221,0.0210,9.7401,0.0016,-0.0008,-0.0005,27.91,,,,,,,,,,,
IMU,8802,,,,,,,,0.0982,0.0139,9.7435,-0.0005,-0.0000,-0.0008,27.91,,,,,,,,,,,
IMU,8812,,,,,,,,0.0811,-0.0166,9.7497,-0.0003,-0.0008,-0.0013,27.91,,,,,,,,,,,
IMU,8822,,,,,,,,0.1049,0.0102,9.7362,0.0008,-0.0011,-0.0019,27.91,,,,,,,,,,,
IMU,8832,,,,,,,,0.1100,0.0344,9.7155,0.0000,-0.0005,-0.0019,27.91,,,,,,,,,,,
IMU,8842,,,,,,,,0.1085,-0.0022,9.7371,-0.0011,-0.0008,-0.0013,27.91,,,,,,,,,,,
IMU,8852,,,,,,,,0.1257,-0.0180,9.7485,0.0000,-0.0008,0.0000,27.91,,,,,,,,,,,
IMU,8862,,,,,,,,0.1203,0.0033,9.7304,-0.0003,-0.0005,0.0000,27.91,,,,,,,,,,,
IMU,8872,,,,,,,,0.0925,-0.0132,9.7277,-0.0011,0.0000,-0.0016,27.91,,,,,,,,,,,
IMU,8882,,,,,,,,0.0820,-0.0305,9.7476,-0.0003,-0.0013,-0.0013,27.91,,,,,,,,,,,
IMU,8892,,,,,,,,0.0974,0.0004,9.7364,0.0011,-0.0008,-0.0008,27.91,,,,,,,,,,,
IMU,8902,,,,,,,,0.1114,0.0257,9.7239,0.0000,-0.0003,-0.0011,27.91,,,,,,,,,,,
IMU,8912,,,,,,,,0.1233,-0.0055,9.7455,-0.0008,-0.0011,-0.0011,27.91,,,,,,,,,,,
IMU,8922,,,,,,,,0.1325,0.0016,9.7646,0.0008,-0.0013,-0.0003,27.91,,,,,,,,,,,
IMU,8932,,,,,,,,0.1181,0.0377,9.7392,0.0003,-0.0005,-0.0005,27.91,,,,,,,,,,,
IMU,8942,,,,,,,,0.0967,0.0162,9.7236,-0.0019,-0.0005,-0.0005,27.91,,,,,,,,,,,
IMU,8952,,,,,,,,0.1010,-0.0168,9.7396,0.0003,-0.0013,-0.0005,27.91,,,,,,,,,,,
IMU,8962,,,,,,,,0.1144,0.0123,9.7293,0.0013,-0.0011,-0.0008,27.91,,,,,,,,,,,
IMU,8972,,,,,,,,0.1144,0.0319,9.7230,-0.0008,-0.0003,-0.0019,27.91,,,,,,,,,,,
IMU,8982,,,,,,,,0.1117,-0.0090,9.7429,-0.0011,-0.0013,-0.0011,27.91,,,,,,,,,,,
IMU,8992,,,,,,,,0.1138,-0.0081,9.7501,0.0008,-0.0008,-0.0013,27.91,,,,,,,,,,,
IMU,9002,,,,,,,,0.1007,0.0204,9.7361,0.0008,0.0008,-0.0013,27.91,,,,,,,,,,,
IMU,9012,,,,,,,,0.0783,-0.0018,9.7419,-0.0011,0.0000,-0.0019,27.91,,,,,,,,,,,
IMU,9022,,,,,,,,0.0787,-0.0256,9.7621,-0.0003,-0.0019,-0.0011,27.91,,,,,,,,,,,
IMU,9033,,,,,,,,0.1049,0.0130,9.7449,0.0011,-0.0016,-0.0005,27.91,,,,,,,,,,,
IMU,9043,,,,,,,,0.1198,0.0254,9.7215,-0.0005,-0.0008,-0.0008,27.91,,,,,,,,,,,
IMU,9053,,,,,,,,0.1139,-0.0141,9.7518,-0.0008,-0.0013,-0.0008,27.91,,,,,,,,,,,
IMU,9063,,,,,,,,0.1114,-0.0109,9.7625,0.0008,-0.0016,-0.0016,27.91,,,,,,,,,,,
IMU,9073,,,,,,,,0.0961,0.0240,9.7331,0.0008,-0.0005,-0.0013,27.91,,,,,,,,,,,
IMU,9083,,,,,,,,0.0852,0.0037,9.7298,-0.0013,0.0000,-0.0005,27.91,,,,,,,,,,,
IMU,9093,,,,,,,,0.0928,-0.0204,9.7395,0.0003,-0.0011,-0.0011,27.91,,,,,,,,,,,
IMU,9103,,,,,,,,0.1135,0.0168,9.7349,0.0011,-0.0011,-0.0005,27.91,,,,,,,,,,,
IMU,9113,,,,,,,,0.1138,0.0223,9.7280,-0.0005,-0.0005,-0.0008,27.91,,,,,,,,,,,
IMU,9123,,,,,,,,0.1174,-0.0153,9.7503,-0.0005,-0.0016,-0.0013,27.91,,,,,,,,,,,
IMU,9133,,,,,,,,0.1227,-0.0079,9.7491,0.0008,-0.0021,-0.0016,27.91,,,,,,,,,,,
IMU,9143,,,,,,,,0.1057,0.0250,9.7319,-0.0005,-0.0016,-0.0013,27.91,,,,,,,,,,,
IMU,9153,,,,,,,,0.0922,-0.0042,9.7374,-0.0011,-0.0011,-0.0013,27.91,,,,,,,,,,,
IMU,9163,,,,,,,,0.1069,-0.0256,9.7470,0.0005,-0.0005,-0.0013,27.91,,,,,,,,,,,
IMU,9173,,,,,,,,0.1198,0.0114,9.7182,0.0011,-0.0005,-0.0011,27.91,,,,,,,,,,,
IMU,9183,,,,,,,,0.1105,0.0216,9.7114,-0.0005,0.0000,-0.0011,27.91,,,,,,,,,,,
IMU,9193,,,,,,,,0.1094,-0.0171,9.7522,0.0000,-0.0005,-0.0008,27.91,,,,,,,,,,,
IMU,9203,,,,,,,,0.1079,-0.0043,9.7563,0.0016,-0.0005,-0.0008,27.91,,,,,,,,,,,
IMU,9213,,,,,,,,0.0898,0.0166,9.7304,0.0000,-0.0003,-0.0005,27.91,,,,,,,,,,,
IMU,9223,,,,,,,,0.0834,-0.0150,9.7284,-0.0013,-0.0003,-0.0013,27.91,,,,,,,,,,,
IMU,9233,,,,,,,,0.1112,-0.0223,9.7396,0.0005,-0.0008,-0.0003,27.91,,,,,,,,,,,
IMU,9243,,,,,,,,0.1245,0.0217,9.7238,0.0011,-0.0005,0.0000,27.91,,,,,,,,,,,
IMU,9253,,,,,,,,0.1190,0.0193,9.7364,-0.0013,-0.0008,-0.0013,27.91,,,,,,,,,,,
IMU,9263,,,,,,,,0.1088,-0.0147,9.7593,-0.0005,-0.0013,-0.0019,27.91,,,,,,,,,,,
IMU,9273,,,,,,,,0.1103,0.0043,9.7498,0.0005,-0.0013,-0.0005,27.91,,,,,,,,,,,
IMU,9283,,,,,,,,0.0922,0.0136,9.7399,0.0003,-0.0005,-0.0011,27.91,,,,,,,,,,,
IMU,9293,,,,,,,,0.0733,-0.0040,9.7392,-0.0013,-0.0011,-0.0011,27.91,,,,,,,,,,,
IMU,9303,,,,,,,,0.0762,-0.0280,9.7358,-0.0008,-0.0019,-0.0008,27.91,,,,,,,,,,,
IMU,9314,,,,,,,,0.0988,-0.0061,9.7123,0.0000,-0.0013,-0.0005,27.91,,,,,,,,,,,
IMU,9324,,,,,,,,0.1111,0.0121,9.7103,-0.0008,-0.0008,-0.0013,27.91,,,,,,,,,,,
IMU,9334,,,,,,,,0.1220,-0.0051,9.7462,-0.0003,-0.0016,-0.0013,27.91,,,,,,,,,,,
IMU,9344,,,,,,,,0.1305,-0.0016,9.7657,0.0011,-0.0013,-0.0008,27.91,,,,,,,,,,,
IMU,9354,,,,,,,,0.1268,0.0247,9.7521,0.0008,0.0003,-0.0013,27.91,,,,,,,,,,,
IMU,9364,,,,,,,,0.1190,0.0114,9.7554,-0.0003,-0.0003,-0.0013,27.91,,,,,,,,,,,
IMU,9374,,,,,,,,0.1166,-0.0001,9.7530,0.0000,-0.0011,-0.0013,27.91,,,,,,,,,,,
IMU,9384,,,,,,,,0.1199,0.0237,9.7235,0.0003,-0.0008,-0.0008,27.91,,,,,,,,,,,
IMU,9394,,,,,,,,0.1043,0.0326,9.7124,-0.0011,0.0000,-0.0008,27.91,,,,,,,,,,,
IMU,9404,,,,,,,,0.0903,-0.0051,9.7392,-0.0005,-0.0005,-0.0013,27.91,,,,,,,,,,,
IMU,9414,,,,,,,,0.0925,-0.0202,9.7620,0.0005,-0.0013,-0.0021,27.91,,,,,,,,,,,
IMU,9424,,,,,,,,0.0907,0.0082,9.7356,0.0008,-0.0016,-0.0019,27.91,,,,,,,,,,,
IMU,9434,,,,,,,,0.0738,-0.0054,9.7356,-0.0011,-0.0013,-0.0016,27.91,,,,,,,,,,,
IMU,9444,,,,,,,,0.0795,-0.0421,9.7596,-0.0008,-0.0011,-0.0011,27.91,,,,,,,,,,,
IMU,9454,,,,,,,,0.1085,-0.0183,9.7440,0.0011,-0.0005,-0.0005,27.91,,,,,,,,,,,
IMU,9464,,,,,,,,0.1196,0.0091,9.7224,0.0003,-0.0008,-0.0008,27.91,,,,,,,,,,,
IMU,9474,,,,,,,,0.1168,-0.0323,9.7560,-0.0008,-0.0016,-0.0003,27.91,,,,,,,,,,,
IMU,9484,,,,,,,,0.1217,-0.0289,9.7563,0.0013,-0.0011,-0.0005,27.91,,,,,,,,,,,
IMU,9494,,,,,,,,0.1099,0.0184,9.7200,0.0013,-0.0013,-0.0016,27.91,,,,,,,,,,,
IMU,9504,,,,,,,,0.0808,0.0124,9.7238,-0.0005,-0.0008,-0.0011,27.91,,,,,,,,,,,
IMU,9514,,,,,,,,0.0810,-0.0076,9.7500,0.0008,-0.0011,-0.0005,27.91,,,,,,,,,,,
IMU,9524,,,,,,,,0.1000,0.0362,9.7386,0.0021,-0.0011,0.0000,27.91,,,,,,,,,,,
IMU,9534,,,,,,,,0.1284,0.0665,9.7262,-0.0005,-0.0008,-0.0008,27.91,,,,,,,,,,,
IMU,9544,,,,,,,,0.1340,0.0151,9.7530,-0.0021,-0.0013,-0.0016,27.91,,,,,,,,,,,
IMU,9554,,,,,,,,0.1293,-0.0057,9.7549,0.0000,-0.0016,-0.0013,27.91,,,,,,,,,,,
IMU,9564,,,,,,,,0.1150,0.0256,9.7311,-0.0008,-0.0008,-0.0011,27.91,,,,,,,,,,,
IMU,9574,,,,,,,,0.0882,-0.0114,9.7221,-0.0032,-0.0005,-0.0013,27.91,,,,,,,,,,,
IMU,9585,,,,,,,,0.0892,-0.0591,9.7622,-0.0003,-0.0013,-0.0008,27.91,,,,,,,,,,,
IMU,9595,,,,,,,,0.1198,-0.0085,9.7371,0.0016,-0.0003,-0.0005,27.91,,,,,,,,,,,
IMU,9605,,,,,,,,0.1247,0.0242,9.7009,-0.0005,-0.0005,-0.0011,27.91,,,,,,,,,,,
IMU,9615,,,,,,,,0.1232,-0.0269,9.7564,-0.0019,-0.0013,-0.0003,27.91,,,,,,,,,,,
IMU,9625,,,,,,,,0.1293,-0.0205,9.7808,0.0019,-0.0013,0.0000,27.91,,,,,,,,,,,
IMU,9635,,,,,,,,0.1157,0.0452,9.7308,0.0011,-0.0003,-0.0005,27.91,,,,,,,,,,,
IMU,9645,,,,,,,,0.0904,0.0274,9.7232,-0.0019,-0.0008,-0.0013,27.91,,,,,,,,,,,
IMU,9655,,,,,,,,0.0889,-0.0085,9.7474,0.0000,-0.0013,-0.0005,27.91,,,,,,,,,,,
IMU,9665,,,,,,,,0.0968,0.0373,9.7142,0.0019,-0.0005,-0.0003,27.91,,,,,,,,,,,
IMU,9675,,,,,,,,0.0912,0.0467,9.7039,-0.0016,-0.0003,-0.0008,27.91,,,,,,,,,,,
IMU,9685,,,,,,,,0.0924,-0.0259,9.7670,-0.0016,-0.0016,-0.0016,27.91,,,,,,,,,,,
IMU,9695,,,,,,,,0.1087,-0.0295,9.7733,0.0011,-0.0011,-0.0008,27.91,,,,,,,,,,,
IMU,9705,,,,,,,,0.1201,0.0177,9.7343,0.0011,0.0005,-0.0005,27.91,,,,,,,,,,,
IMU,9715,,,,,,,,0.1091,-0.0144,9.7440,-0.0019,-0.0003,-0.0003,27.91,,,,,,,,,,,
IMU,9725,,,,,,,,0.1157,-0.0458,9.7593,0.0005,-0.0011,-0.0005,27.91,,,,,,,,,,,
IMU,9735,,,,,,,,0.1344,0.0208,9.7200,0.0024,-0.0003,-0.0005,27.91,,,,,,,,,,,
IMU,9745,,,,,,,,0.1278,0.0463,9.7182,-0.0005,0.0000,-0.0011,27.91,,,,,,,,,,,
IMU,9755,,,,,,,,0.1075,0.0030,9.7545,-0.0008,-0.0011,-0.0005,27.91,,,,,,,,,,,
IMU,9765,,,,,,,,0.0955,0.0109,9.7500,0.0019,-0.0008,0.0000,27.91,,,,,,,,,,,
IMU,9775,,,,,,,,0.0822,0.0510,9.7197,0.0008,0.0003,-0.0008,27.91,,,,,,,,,,,
IMU,9785,,,,,,,,0.0666,0.0141,9.7386,-0.0021,-0.0005,-0.0019,27.91,,,,,,,,,,,
IMU,9795,,,,,,,,0.0894,-0.0211,9.7528,-0.0011,-0.0016,-0.0013,27.91,,,,,,,,,,,
IMU,9805,,,,,,,,0.1241,0.0186,9.7170,0.0003,-0.0011,-0.0011,27.91,,,,,,,,,,,
IMU,9815,,,,,,,,0.1250,0.0205,9.7205,-0.0021,-0.0011,-0.0021,27.91,,,,,,,,,,,
IMU,9825,,,,,,,,0.1151,-0.0449,9.7642,-0.0021,-0.0011,-0.0011,27.91,,,,,,,,,,,
IMU,9836,,,,,,,,0.1218,-0.0475,9.7572,0.0011,-0.0005,-0.0008,27.91,,,,,,,,,,,
IMU,9845,,,,,,,,0.1055,0.0109,9.7269,0.0000,-0.0005,-0.0008,27.91,,,,,,,,,,,
IMU,9856,,,,,,,,0.0810,-0.0076,9.6950,-0.0021,-0.0005,-0.0013,27.91,,,,,,,,,,,
IMU,9866,,,,,,,,0.0901,-0.0356,9.7314,0.0005,-0.0024,-0.0008,27.91,,,,,,,,,,,
IMU,9876,,,,,,,,0.1296,0.0157,9.7883,0.0029,-0.0008,0.0003,27.91,,,,,,,,,,,
IMU,9886,,,,,,,,0.1304,0.0675,9.7699,0.0000,0.0005,-0.0005,27.91,,,,,,,,,,,
IMU,9896,,,,,,,,0.1214,0.0156,9.7239,-0.0013,-0.0005,-0.0013,27.91,,,,,,,,,,,
IMU,9906,,,,,,,,0.1145,0.0091,9.7042,0.0008,-0.0011,-0.0013,27.91,,,,,,,,,,,
IMU,9916,,,,,,,,0.0936,0.0497,9.7208,-0.0003,-0.0011,-0.0005,27.91,,,,,,,,,,,
IMU,9926,,,,,,,,0.0793,0.0199,9.7636,-0.0024,-0.0008,-0.0005,27.91,,,,,,,,,,,
IMU,9936,,,,,,,,0.0992,-0.0340,9.7639,-0.0011,-0.0005,-0.0005,27.91,,,,,,,,,,,
IMU,9946,,,,,,,,0.1181,-0.0139,9.7103,0.0013,-0.0008,-0.0000,27.91,,,,,,,,,,,
IMU,9956,,,,,,,,0.1091,0.0004,9.6938,0.0000,-0.0016,-0.0013,27.91,,,,,,,,,,,
IMU,9966,,,,,,,,0.1019,-0.0469,9.7730,-0.0011,-0.0027,-0.0013,27.91,,,,,,,,,,,
IMU,9976,,,,,,,,0.1139,-0.0463,9.8090,0.0005,-0.0013,-0.0013,27.91,,,,,,,,,,,
IMU,9986,,,,,,,,0.1009,0.0078,9.7334,0.0000,0.0003,-0.0016,27.91,,,,,,,,,,,
IMU,9996,,,,,,,,0.0907,0.0001,9.7093,-0.0005,-0.0008,-0.0019,27.91,,,,,,,,,,,
IMU,10006,,,,,,,,0.1208,-0.0060,9.7379,0.0016,-0.0021,-0.0011,27.91,,,,,,,,,,,
IMU,10016,,,,,,,,0.1458,0.0489,9.7292,0.0021,-0.0005,-0.0005,27.91,,,,,,,,,,,
IMU,10026,,,,,,,,0.1203,0.0644,9.7188,-0.0003,-0.0003,-0.0013,27.91,,,,,,,,,,,
IMU,10036,,,,,,,,0.0960,0.0198,9.7389,-0.0016,-0.0013,-0.0019,27.91,,,,,,,,,,,
IMU,10046,,,,,,,,0.0933,0.0237,9.7432,0.0000,-0.0019,-0.0011,27.90,,,,,,,,,,,
IMU,10056,,,,,,,,0.0775,0.0338,9.7290,-0.0005,-0.0008,-0.0013,27.90,,,,,,,,,,,
IMU,10066,,,,,,,,0.0735,-0.0124,9.7531,-0.0021,-0.0013,-0.0013,27.90,,,,,,,,,,,
IMU,10076,,,,,,,,0.1013,-0.0509,9.7488,-0.0013,-0.0008,-0.0011,27.90,,,,,,,,,,,
IMU,10086,,,,,,,,0.1233,-0.0135,9.7106,0.0000,-0.0008,-0.0011,27.90,,,,,,,,,,,
IMU,10096,,,,,,,,0.1320,-0.0129,9.7262,-0.0013,-0.0019,-0.0008,27.90,,,,,,,,,,,
IMU,10106,,,,,,,,0.1436,-0.0448,9.7792,-0.0003,-0.0019,0.0000,27.90,,,,,,,,,,,
IMU,10116,,,,,,,,0.1379,-0.0222,9.7625,0.0019,-0.0005,0.0005,27.90,,,,,,,,,,,
IMU,10126,,,,,,,,0.1003,0.0214,9.7206,0.0013,0.0005,-0.0008,27.90,,,,,,,,,,,
IMU,10137,,,,,,,,0.0760,0.0228,9.7241,-0.0003,-0.0008,-0.0016,27.90,,,,,,,,,,,
IMU,10147,,,,,,,,0.0912,0.0247,9.7423,0.0019,-0.0019,-0.0021,27.90,,,,,,,,,,,
IMU,10157,,,,,,,,0.1049,0.0684,9.7328,0.0013,-0.0011,-0.0016,27.90,,,,,,,,,,,
IMU,10167,,,,,,,,0.1145,0.0534,9.7417,-0.0013,-0.0011,-0.0021,27.90,,,,,,,,,,,
IMU,10177,,,,,,,,0.1233,0.0070,9.7560,-0.0013,-0.0011,-0.0005,27.90,,,,,,,,,,,
IMU,10187,,,,,,,,0.1277,0.0238,9.7389,0.0008,-0.0003,-0.0003,27.90,,,,,,,,,,,
IMU,10197,,,,,,,,0.0985,0.0368,9.7129,-0.0013,-0.0003,-0.0013,27.90,,,,,,,,,,,
IMU,10207,,,,,,,,0.0591,-0.0250,9.7373,-0.0024,-0.0011,-0.0016,27.90,,,,,,,,,,,
IMU,10217,,,,,,,,0.0874,-0.0498,9.7498,0.0005,-0.0011,-0.0011,27.90,,,,,,,,,,,
IMU,10227,,,,,,,,0.1142,-0.0198,9.7281,0.0003,-0.0003,-0.0011,27.90,,,,,,,,,,,
IMU,10237,,,,,,,,0.1205,-0.0331,9.7450,-0.0016,-0.0008,-0.0005,27.90,,,,,,,,,,,
IMU,10247,,,,,,,,0.1361,-0.0537,9.7813,0.0005,-0.0019,-0.0008,27.90,,,,,,,,,,,
IMU,10257,,,,,,,,0.1353,-0.0030,9.7501,0.0027,-0.0008,-0.0008,27.90,,,,,,,,,,,
IMU,10267,,,,,,,,0.1022,0.0368,9.7063,0.0011,-0.0000,-0.0016,27.90,,,,,,,,,,,
IMU,10277,,,,,,,,0.0792,0.0253,9.7221,-0.0008,-0.0005,-0.0021,27.90,,,,,,,,,,,
IMU,10287,,,,,,,,0.0889,0.0425,9.7398,0.0013,-0.0013,-0.0011,27.90,,,,,,,,,,,
IMU,10297,,,,,,,,0.1214,0.0765,9.7271,-0.0003,-0.0008,0.0003,27.90,,,,,,,,,,,
IMU,10307,,,,,,,,0.1183,0.0413,9.7452,-0.0024,-0.0011,-0.0008,27.90,,,,,,,,,,,
IMU,10317,,,,,,,,0.1153,-0.0069,9.7780,-0.0005,-0.0013,-0.0011,27.90,,,,,,,,,,,
IMU,10327,,,,,,,,0.1099,0.0001,9.7464,0.0005,-0.0008,-0.0016,27.90,,,,,,,,,,,
IMU,10337,,,,,,,,0.0805,0.0021,9.7193,-0.0024,-0.0005,-0.0021,27.90,,,,,,,,,,,
IMU,10347,,,,,,,,0.0713,-0.0494,9.7395,-0.0019,-0.0005,-0.0013,27.90,,,,,,,,,,,
IMU,10357,,,,,,,,0.1109,-0.0512,9.7344,0.0013,-0.0003,0.0000,27.90,,,,,,,,,,,
IMU,10367,,,,,,,,0.1401,-0.0021,9.7072,0.0003,0.0005,-0.0003,27.90,,,,,,,,,,,
IMU,10377,,,,,,,,0.1394,-0.0144,9.7441,-0.0013,-0.0008,-0.0008,27.90,,,,,,,,,,,
IMU,10387,,,,,,,,0.1341,-0.0301,9.7750,0.0008,-0.0013,-0.0013,27.90,,,,,,,,,,,
IMU,10397,,,,,,,,0.1123,0.0240,9.7432,0.0016,-0.0003,-0.0011,27.90,,,,,,,,,,,
IMU,10408,,,,,,,,0.0744,0.0512,9.7211,0.0003,-0.0008,-0.0011,27.90,,,,,,,,,,,
IMU,10418,,,,,,,,0.0708,0.0144,9.7465,0.0005,-0.0008,-0.0013,27.90,,,,,,,,,,,
IMU,10428,,,,,,,,0.1057,0.0311,9.7346,0.0013,-0.0008,0.0008,27.90,,,,,,,,,,,
IMU,10438,,,,,,,,0.1147,0.0627,9.6995,-0.0003,-0.0003,-0.0003,27.90,,,,,,,,,,,
IMU,10448,,,,,,,,0.1100,0.0147,9.7308,-0.0021,-0.0011,-0.0016,27.90,,,,,,,,,,,
IMU,10458,,,,,,,,0.1127,-0.0317,9.7637,-0.0011,-0.0021,-0.0016,27.90,,,,,,,,,,,
IMU,10468,,,,,,,,0.1064,-0.0187,9.7344,-0.0003,-0.0013,-0.0008,27.90,,,,,,,,,,,
IMU,10478,,,,,,,,0.0838,-0.0171,9.7259,-0.0019,-0.0005,-0.0005,27.90,,,,,,,,,,,
IMU,10488,,,,,,,,0.0930,-0.0540,9.7600,-0.0013,-0.0013,-0.0003,27.90,,,,,,,,,,,
IMU,10498,,,,,,,,0.1211,-0.0338,9.7501,0.0013,-0.0013,-0.0008,27.90,,,,,,,,,,,
IMU,10508,,,,,,,,0.1356,0.0058,9.7238,0.0008,-0.0003,-0.0003,27.90,,,,,,,,,,,
IMU,10518,,,,,,,,0.1208,-0.0112,9.7522,-0.0011,-0.0008,-0.0011,27.90,,,,,,,,,,,
IMU,10528,,,,,,,,0.1162,-0.0124,9.7709,0.0011,-0.0013,-0.0013,27.90,,,,,,,,,,,
IMU,10538,,,,,,,,0.1070,0.0457,9.7238,0.0021,-0.0003,-0.0005,27.90,,,,,,,,,,,
IMU,10548,,,,,,,,0.0814,0.0504,9.7049,0.0000,-0.0005,-0.0008,27.90,,,,,,,,,,,
IMU,10558,,,,,,,,0.0886,0.0127,9.7441,-0.0005,-0.0011,-0.0021,27.90,,,,,,,,,,,
IMU,10568,,,,,,,,0.1180,0.0280,9.7462,0.0008,-0.0013,-0.0013,27.90,,,,,,,,,,,
IMU,10578,,,,,,,,0.1156,0.0466,9.7272,-0.0008,-0.0008,-0.0011,27.90,,,,,,,,,,,
IMU,10588,,,,,,,,0.1108,-0.0102,9.7575,-0.0024,-0.0013,-0.0027,27.90,,,,,,,,,,,
IMU,10598,,,,,,,,0.1154,-0.0451,9.7705,-0.0003,-0.0019,-0.0021,27.90,,,,,,,,,,,
IMU,10608,,,,,,,,0.1037,-0.0163,9.7293,0.0000,-0.0003,-0.0008,27.90,,,,,,,,,,,
IMU,10618,,,,,,,,0.0850,-0.0289,9.7170,-0.0024,-0.0005,-0.0005,27.90,,,,,,,,,,,
IMU,10628,,,,,,,,0.0879,-0.0663,9.7482,-0.0008,-0.0011,-0.0003,27.90,,,,,,,,,,,
IMU,10638,,,,,,,,0.1096,-0.0201,9.7410,0.0019,-0.0008,0.0003,27.90,,,,,,,,,,,
IMU,10648,,,,,,,,0.1165,0.0216,9.7268,0.0011,0.0000,-0.0011,27.90,,,,,,,,,,,
IMU,10658,,,,,,,,0.1096,-0.0060,9.7596,-0.0008,-0.0016,-0.0011,27.90,,,,,,,,,,,
IMU,10668,,,,,,,,0.1171,-0.0021,9.7795,0.0016,-0.0013,-0.0011,27.90,,,,,,,,,,,
IMU,10679,,,,,,,,0.1186,0.0536,9.7313,0.0011,-0.0003,-0.0005,27.90,,,,,,,,,,,
IMU,10689,,,,,,,,0.0916,0.0478,9.7135,-0.0021,-0.0005,-0.0005,27.90,,,,,,,,,,,
IMU,10699,,,,,,,,0.0979,0.0061,9.7441,-0.0011,-0.0011,-0.0005,27.90,,,,,,,,,,,
IMU,10709,,,,,,,,0.1245,0.0332,9.7352,0.0008,-0.0008,0.0000,27.90,,,,,,,,,,,
IMU,10719,,,,,,,,0.1202,0.0353,9.7223,-0.0005,0.0003,-0.0016,27.90,,,,,,,,,,,
IMU,10729,,,,,,,,0.1048,-0.0193,9.7557,-0.0013,-0.0008,-0.0021,27.90,,,,,,,,,,,
IMU,10739,,,,,,,,0.1175,-0.0382,9.7633,0.0008,-0.0005,-0.0005,27.90,,,,,,,,,,,
IMU,10749,,,,,,,,0.1157,-0.0030,9.7353,0.0008,0.0003,-0.0003,27.90,,,,,,,,,,,
IMU,10759,,,,,,,,0.0906,-0.0154,9.7331,-0.0011,0.0000,-0.0013,27.90,,,,,,,,,,,
IMU,10769,,,,,,,,0.1015,-0.0446,9.7492,0.0000,-0.0013,-0.0013,27.90,,,,,,,,,,,
IMU,10779,,,,,,,,0.1214,-0.0015,9.7341,0.0019,-0.0011,-0.0008,27.90,,,,,,,,,,,
IMU,10789,,,,,,,,0.1160,0.0201,9.7266,-0.0005,-0.0003,-0.0013,27.90,,,,,,,,,,,
IMU,10799,,,,,,,,0.1093,-0.0139,9.7557,-0.0016,-0.0013,-0.0013,27.90,,,,,,,,,,,
IMU,10809,,,,,,,,0.1075,-0.0024,9.7506,0.0008,-0.0016,-0.0008,27.90,,,,,,,,,,,
IMU,10819,,,,,,,,0.0977,0.0437,9.7121,0.0005,-0.0003,-0.0005,27.90,,,,,,,,,,,
IMU,10829,,,,,,,,0.0796,0.0250,9.7232,-0.0019,-0.0005,-0.0005,27.90,,,,,,,,,,,
IMU,10839,,,,,,,,0.0957,-0.0084,9.7599,-0.0008,-0.0021,-0.0011,27.90,,,,,,,,,,,
IMU,10849,,,,,,,,0.1263,0.0159,9.7480,0.0008,-0.0016,-0.0013,27.90,,,,,,,,,,,
IMU,10859,,,,,,,,0.1280,0.0210,9.7350,-0.0011,-0.0005,-0.0016,27.90,,,,,,,,,,,
IMU,10869,,,,,,,,0.1121,-0.0352,9.7639,-0.0013,-0.0008,-0.0016,27.90,,,,,,,,,,,
IMU,10879,,,,,,,,0.1130,-0.0362,9.7691,0.0008,-0.0011,-0.0008,27.90,,,,,,,,,,,
IMU,10889,,,,,,,,0.0948,0.0051,9.7283,0.0005,0.0005,0.0000,27.90,,,,,,,,,,,
IMU,10899,,,,,,,,0.0729,-0.0180,9.7188,-0.0011,-0.0005,-0.0005,27.90,,,,,,,,,,,
IMU,10909,,,,,,,,0.0922,-0.0376,9.7370,0.0011,-0.0011,-0.0003,27.90,,,,,,,,,,,
IMU,10919,,,,,,,,0.1257,0.0136,9.7299,0.0016,-0.0013,-0.0011,27.90,,,,,,,,,,,
IMU,10929,,,,,,,,0.1293,0.0352,9.7396,-0.0008,-0.0008,-0.0008,27.90,,,,,,,,,,,
IMU,10939,,,,,,,,0.1232,-0.0054,9.7765,-0.0011,-0.0013,-0.0011,27.90,,,,,,,,,,,
IMU,10949,,,,,,,,0.1221,0.0130,9.7660,0.0008,-0.0008,-0.0005,27.90,,,,,,,,,,,
IMU,10960,,,,,,,,0.0955,0.0512,9.7117,-0.0003,-0.0005,-0.0011,27.90,,,,,,,,,,,
IMU,10970,,,,,,,,0.0772,0.0189,9.7135,-0.0016,-0.0013,-0.0011,27.90,,,,,,,,,,,
IMU,10980,,,,,,,,0.0992,-0.0141,9.7373,-0.0003,-0.0019,-0.0016,27.90,,,,,,,,,,,
IMU,10990,,,,,,,,0.1192,0.0082,9.7250,0.0008,-0.0013,-0.0013,27.90,,,,,,,,,,,
IMU,11000,,,,,,,,0.1311,0.0192,9.7256,-0.0008,-0.0003,-0.0019,27.90,,,,,,,,,,,
IMU,11010,,,,,,,,0.1103,-0.0199,9.7590,-0.0013,-0.0005,-0.0016,27.90,,,,,,,,,,,
IMU,11020,,,,,,,,0.0948,-0.0308,9.7681,0.0000,-0.0013,-0.0003,27.90,,,,,,,,,,,
IMU,11030,,,,,,,,0.0814,0.0063,9.7373,-0.0000,-0.0000,-0.0005,27.90,,,,,,,,,,,
IMU,11040,,,,,,,,0.0748,-0.0019,9.7232,-0.0013,-0.0005,-0.0008,27.90,,,,,,,,,,,
IMU,11050,,,,,,,,0.0913,-0.0322,9.7495,0.0005,-0.0011,-0.0008,27.90,,,,,,,,,,,
IMU,11060,,,,,,,,0.1349,0.0045,9.7395,0.0016,-0.0011,-0.0011,27.90,,,,,,,,,,,
IMU,11070,,,,,,,,0.1449,0.0334,9.7256,0.0000,-0.0008,-0.0013,27.90,,,,,,,,,,,
IMU,11080,,,,,,,,0.1314,0.0103,9.7444,0.0000,-0.0005,-0.0016,27.90,,,,,,,,,,,
IMU,11090,,,,,,,,0.1189,0.0076,9.7509,0.0003,-0.0011,-0.0008,27.90,,,,,,,,,,,
IMU,11100,,,,,,,,0.0916,0.0425,9.7250,0.0000,-0.0003,-0.0003,27.90,,,,,,,,,,,
IMU,11110,,,,,,,,0.0671,0.0292,9.7316,-0.0013,-0.0003,-0.0016,27.90,,,,,,,,,,,
IMU,11120,,,,,,,,0.0891,-0.0004,9.7524,-0.0003,-0.0016,-0.0013,27.90,,,,,,,,,,,
IMU,11130,,,,,,,,0.1196,0.0159,9.7301,0.0008,-0.0011,-0.0005,27.90,,,,,,,,,,,
IMU,11140,,,,,,,,0.1251,0.0166,9.7181,-0.0008,-0.0013,-0.0005,27.90,,,,,,,,,,,
IMU,11150,,,,,,,,0.1178,-0.0362,9.7591,-0.0008,-0.0019,-0.0008,27.90,,,,,,,,,,,
IMU,11160,,,,,,,,0.1112,-0.0422,9.7670,0.0005,-0.0019,-0.0003,27.90,,,,,,,,,,,
IMU,11170,,,,,,,,0.0948,-0.0051,9.7194,0.0000,-0.0003,-0.0008,27.90,,,,,,,,,,,
IMU,11180,,,,,,,,0.0763,-0.0120,9.7121,-0.0011,-0.0005,-0.0011,27.90,,,,,,,,,,,
IMU,11190,,,,,,,,0.0968,-0.0201,9.7474,0.0000,-0.0019,-0.0011,27.90,,,,,,,,,,,
IMU,11200,,,,,,,,0.1217,0.0165,9.7450,0.0016,-0.0013,-0.0005,27.90,,,,,,,,,,,
IMU,11210,,,,,,,,0.1316,0.0322,9.7411,0.0003,-0.0005,-0.0008,27.90,,,,,,,,,,,
IMU,11220,,,,,,,,0.1199,0.0024,9.7602,0.0000,-0.0013,-0.0005,27.90,,,,,,,,,,,
IMU,11230,,,,,,,,0.1109,0.0180,9.7525,0.0011,-0.0011,0.0000,27.90,,,,,,,,,,,
IMU,11241,,,,,,,,0.1001,0.0497,9.7109,-0.0000,-0.0005,-0.0003,27.90,,,,,,,,,,,
IMU,11251,,,,,,,,0.0865,0.0202,9.7217,-0.0019,-0.0008,-0.0008,27.90,,,,,,,,,,,
IMU,11261,,,,,,,,0.1052,-0.0033,9.7513,-0.0008,-0.0011,-0.0005,27.90,,,,,,,,,,,
IMU,11271,,,,,,,,0.1272,0.0216,9.7346,0.0005,-0.0011,-0.0008,27.90,,,,,,,,,,,
IMU,11281,,,,,,,,0.1099,0.0175,9.6997,-0.0016,-0.0011,-0.0011,27.90,,,,,,,,,,,
IMU,11291,,,,,,,,0.1013,-0.0407,9.7823,-0.0013,-0.0024,-0.0013,27.90,,,,,,,,,,,
IMU,11301,,,,,,,,0.1129,-0.0349,9.8416,0.0019,-0.0013,-0.0005,27.90,,,,,,,,,,,
IMU,11311,,,,,,,,0.1063,0.0229,9.7188,0.0008,0.0008,-0.0016,27.90,,,,,,,,,,,
IMU,11321,,,,,,,,0.0847,-0.0081,9.6420,-0.0016,0.0000,-0.0021,27.90,,,,,,,,,,,
IMU,11331,,,,,,,,0.0971,-0.0439,9.7239,0.0000,-0.0019,-0.0013,27.90,,,,,,,,,,,
IMU,11341,,,,,,,,0.1178,0.0144,9.7858,0.0024,-0.0024,0.0005,27.90,,,,,,,,,,,
IMU,11351,,,,,,,,0.1102,0.0485,9.7630,-0.0011,-0.0011,-0.0003,27.90,,,,,,,,,,,
IMU,11361,,,,,,,,0.1054,-0.0202,9.7471,-0.0013,-0.0011,-0.0008,27.90,,,,,,,,,,,
IMU,11371,,,,,,,,0.1012,-0.0129,9.7296,0.0016,-0.0008,-0.0008,27.90,,,,,,,,,,,
IMU,11381,,,,,,,,0.0882,0.0548,9.6943,0.0003,-0.0005,-0.0013,27.90,,,,,,,,,,,
IMU,11391,,,,,,,,0.0883,0.0232,9.7489,-0.0021,-0.0019,-0.0011,27.90,,,,,,,,,,,
IMU,11401,,,,,,,,0.1184,-0.0307,9.7859,0.0000,-0.0008,0.0000,27.90,,,,,,,,,,,
IMU,11411,,,,,,,,0.1386,0.0111,9.7187,0.0016,0.0000,-0.0003,27.90,,,,,,,,,,,
IMU,11421,,,,,,,,0.1212,0.0184,9.7085,-0.0016,-0.0011,-0.0011,27.90,,,,,,,,,,,
IMU,11431,,,,,,,,0.1097,-0.0361,9.7852,-0.0019,-0.0016,-0.0013,27.90,,,,,,,,,,,
IMU,11441,,,,,,,,0.0977,-0.0301,9.7745,0.0008,-0.0008,-0.0013,27.90,,,,,,,,,,,
IMU,11451,,,,,,,,0.0686,0.0166,9.7046,0.0008,0.0005,-0.0011,27.90,,,,,,,,,,,
IMU,11461,,,,,,,,0.0656,-0.0073,9.7173,-0.0011,-0.0013,-0.0011,27.90,,,,,,,,,,,
IMU,11471,,,,,,,,0.1076,-0.0290,9.7666,0.0005,-0.0021,0.0005,27.90,,,,,,,,,,,
IMU,11481,,,,,,,,0.1428,0.0269,9.7479,0.0019,-0.0013,0.0005,27.90,,,,,,,,,,,
IMU,11491,,,,,,,,0.1329,0.0445,9.7296,-0.0005,-0.0008,-0.0008,27.90,,,,,,,,,,,
IMU,11502,,,,,,,,0.1130,-0.0016,9.7426,-0.0013,-0.0016,-0.0024,27.90,,,,,,,,,,,
IMU,11512,,,,,,,,0.0982,0.0033,9.7337,0.0008,-0.0011,-0.0024,27.90,,,,,,,,,,,
IMU,11522,,,,,,,,0.0850,0.0373,9.7230,-0.0003,0.0003,-0.0011,27.90,,,,,,,,,,,
IMU,11532,,,,,,,,0.0795,0.0036,9.7500,-0.0024,-0.0008,-0.0003,27.90,,,,,,,,,,,
IMU,11542,,,,,,,,0.1120,-0.0157,9.7515,0.0003,-0.0005,-0.0003,27.90,,,,,,,,,,,
IMU,11552,,,,,,,,0.1275,0.0289,9.7152,0.0016,-0.0000,-0.0000,27.90,,,,,,,,,,,
IMU,11562,,,,,,,,0.1094,0.0223,9.7320,-0.0005,-0.0003,-0.0008,27.90,,,,,,,,,,,
IMU,11572,,,,,,,,0.0961,-0.0337,9.7711,-0.0008,-0.0021,-0.0011,27.90,,,,,,,,,,,
IMU,11582,,,,,,,,0.0954,-0.0226,9.7479,0.0011,-0.0013,-0.0008,27.90,,,,,,,,,,,
IMU,11592,,,,,,,,0.0900,0.0141,9.7136,0.0000,-0.0003,-0.0003,27.90,,,,,,,,,,,
IMU,11602,,,,,,,,0.0916,-0.0102,9.7371,-0.0016,-0.0008,-0.0003,27.90,,,,,,,,,,,
IMU,11612,,,,,,,,0.1193,-0.0120,9.7617,0.0005,-0.0013,0.0008,27.90,,,,,,,,,,,
IMU,11622,,,,,,,,0.1380,0.0344,9.7307,0.0013,-0.0008,0.0005,27.90,,,,,,,,,,,
IMU,11632,,,,,,,,0.1271,0.0344,9.7223,-0.0008,-0.0003,-0.0011,27.90,,,,,,,,,,,
IMU,11642,,,,,,,,0.1031,-0.0129,9.7455,0.0000,-0.0008,-0.0013,27.90,,,,,,,,,,,
IMU,11652,,,,,,,,0.0888,0.0133,9.7482,0.0008,-0.0005,-0.0005,27.90,,,,,,,,,,,
IMU,11662,,,,,,,,0.0750,0.0311,9.7263,-0.0016,-0.0011,-0.0003,27.90,,,,,,,,,,,
IMU,11672,,,,,,,,0.0805,-0.0118,9.7410,-0.0027,-0.0021,-0.0019,27.90,,,,,,,,,,,
IMU,11682,,,,,,,,0.1151,-0.0219,9.7564,0.0008,-0.0021,-0.0013,27.90,,,,,,,,,,,
IMU,11692,,,,,,,,0.1168,0.0051,9.7335,0.0008,-0.0003,-0.0011,27.90,,,,,,,,,,,
IMU,11702,,,,,,,,0.0968,-0.0106,9.7419,-0.0016,0.0000,-0.0013,27.90,,,,,,,,,,,
IMU,11712,,,,,,,,0.0971,-0.0475,9.7614,-0.0003,-0.0011,-0.0011,27.90,,,,,,,,,,,
IMU,11722,,,,,,,,0.1057,-0.0174,9.7358,0.0019,-0.0008,-0.0008,27.90,,,,,,,,,,,
IMU,11732,,,,,,,,0.0879,0.0187,9.7114,-0.0000,0.0000,-0.0011,27.90,,,,,,,,,,,
IMU,11742,,,,,,,,0.0936,-0.0088,9.7416,-0.0008,-0.0011,-0.0013,27.90,,,,,,,,,,,
IMU,11752,,,,,,,,0.1290,0.0033,9.7563,0.0016,-0.0013,-0.0008,27.90,,,,,,,,,,,
IMU,11762,,,,,,,,0.1407,0.0537,9.7373,0.0016,-0.0008,-0.0011,27.90,,,,,,,,,,,
IMU,11772,,,,,,,,0.1218,0.0337,9.7428,-0.0011,-0.0011,-0.0008,27.90,,,,,,,,,,,
IMU,11783,,,,,,,,0.1088,0.0027,9.7637,-0.0003,-0.0016,-0.0003,27.90,,,,,,,,,,,
IMU,11793,,,,,,,,0.1028,0.0356,9.7405,0.0005,-0.0008,0.0003,27.90,,,,,,,,,,,
IMU,11803,,,,,,,,0.0837,0.0404,9.7109,-0.0016,-0.0003,-0.0013,27.90,,,,,,,,,,,
IMU,11813,,,,,,,,0.0832,-0.0154,9.7311,-0.0016,-0.0011,-0.0019,27.90,,,,,,,,,,,
IMU,11823,,,,,,,,0.1133,-0.0222,9.7476,0.0008,-0.0013,-0.0013,27.90,,,,,,,,,,,
IMU,11833,,,,,,,,0.1293,0.0096,9.7401,0.0005,-0.0011,-0.0005,27.90,,,,,,,,,,,
IMU,11843,,,,,,,,0.1214,-0.0174,9.7537,-0.0016,-0.0008,-0.0005,27.90,,,,,,,,,,,
IMU,11853,,,,,,,,0.1120,-0.0419,9.7669,0.0005,-0.0008,0.0003,27.90,,,,,,,,,,,
IMU,11863,,,,,,,,0.1018,0.0009,9.7349,0.0019,0.0003,-0.0005,27.90,,,,,,,,,,,
IMU,11873,,,,,,,,0.0820,0.0225,9.7148,-0.0000,0.0008,-0.0019,27.90,,,,,,,,,,,
IMU,11883,,,,,,,,0.0864,-0.0003,9.7371,-0.0005,-0.0011,-0.0013,27.90,,,,,,,,,,,
IMU,11893,,,,,,,,0.1253,0.0196,9.7461,0.0019,-0.0019,0.0000,27.90,,,,,,,,,,,
IMU,11903,,,,,,,,0.1419,0.0548,9.7286,0.0008,-0.0011,-0.0011,27.90,,,,,,,,,,,
IMU,11913,,,,,,,,0.1184,0.0262,9.7425,-0.0005,-0.0008,-0.0016,27.90,,,,,,,,,,,
IMU,11923,,,,,,,,0.0968,-0.0007,9.7615,0.0003,-0.0016,-0.0013,27.90,,,,,,,,,,,
IMU,11933,,,,,,,,0.0874,0.0238,9.7373,0.0005,-0.0003,-0.0011,27.90,,,,,,,,,,,
IMU,11943,,,,,,,,0.0823,0.0163,9.7181,-0.0019,-0.0003,-0.0011,27.90,,,,,,,,,,,
IMU,11953,,,,,,,,0.1024,-0.0359,9.7425,-0.0011,-0.0016,-0.0013,27.90,,,,,,,,,,,
IMU,11963,,,,,,,,0.1394,-0.0256,9.7537,0.0013,-0.0016,-0.0008,27.90,,,,,,,,,,,
IMU,11973,,,,,,,,0.1533,0.0100,9.7374,0.0003,-0.0011,-0.0011,27.90,,,,,,,,,,,
IMU,11983,,,,,,,,0.1358,-0.0052,9.7429,-0.0013,-0.0008,-0.0013,27.90,,,,,,,,,,,
IMU,11993,,,,,,,,0.1102,-0.0373,9.7567,0.0000,-0.0019,-0.0013,27.90,,,,,,,,,,,
IMU,12003,,,,,,,,0.0924,0.0078,9.7343,0.0016,-0.0008,-0.0011,27.90,,,,,,,,,,,
IMU,12013,,,,,,,,0.0654,0.0409,9.7248,-0.0003,-0.0003,-0.0008,27.90,,,,,,,,,,,
IMU,12023,,,,,,,,0.0807,0.0034,9.7507,-0.0013,-0.0011,0.0008,27.90,,,,,,,,,,,
IMU,12033,,,,,,,,0.1217,0.0018,9.7534,0.0016,-0.0013,0.0003,27.90,,,,,,,,,,,
IMU,12044,,,,,,,,0.1404,0.0510,9.7304,0.0008,-0.0008,-0.0005,27.90,,,,,,,,,,,
IMU,12053,,,,,,,,0.1189,0.0174,9.7459,-0.0016,-0.0013,-0.0013,27.91,,,,,,,,,,,
IMU,12064,,,,,,,,0.1010,-0.0352,9.7700,-0.0005,-0.0019,-0.0016,27.91,,,,,,,,,,,
IMU,12074,,,,,,,,0.0810,0.0004,9.7483,0.0005,-0.0008,-0.0011,27.91,,,,,,,,,,,
IMU,12084,,,,,,,,0.0648,0.0144,9.7245,-0.0011,-0.0005,-0.0008,27.91,,,,,,,,,,,
IMU,12094,,,,,,,,0.0862,-0.0379,9.7446,-0.0008,-0.0016,-0.0008,27.91,,,,,,,,,,,
IMU,12104,,,,,,,,0.1356,-0.0263,9.7497,0.0019,-0.0016,-0.0005,27.91,,,,,,,,,,,
IMU,12114,,,,,,,,0.1480,0.0248,9.7349,0.0011,0.0000,-0.0008,27.91,,,,,,,,,,,
IMU,12124,,,,,,,,0.1301,0.0088,9.7467,-0.0008,-0.0008,-0.0013,27.91,,,,,,,,,,,
IMU,12134,,,,,,,,0.0939,-0.0165,9.7564,0.0000,-0.0016,-0.0016,27.91,,,,,,,,,,,
IMU,12144,,,,,,,,0.0789,0.0319,9.7265,0.0005,-0.0019,-0.0013,27.91,,,,,,,,,,,
IMU,12154,,,,,,,,0.0674,0.0442,9.7319,-0.0011,-0.0008,-0.0008,27.91,,,,,,,,,,,
IMU,12164,,,,,,,,0.0891,-0.0103,9.7699,-0.0016,-0.0011,0.0003,27.91,,,,,,,,,,,
IMU,12174,,,,,,,,0.1322,-0.0004,9.7512,0.0011,-0.0005,-0.0003,27.91,,,,,,,,,,,
IMU,12184,,,,,,,,0.1293,0.0400,9.7178,0.0003,0.0008,-0.0011,27.91,,,,,,,,,,,
IMU,12194,,,,,,,,0.1033,-0.0051,9.7367,-0.0016,-0.0003,-0.0013,27.91,,,,,,,,,,,
IMU,12204,,,,,,,,0.0986,-0.0419,9.7533,-0.0003,-0.0011,-0.0005,27.91,,,,,,,,,,,
IMU,12214,,,,,,,,0.0952,-0.0031,9.7235,0.0003,-0.0005,-0.0005,27.91,,,,,,,,,,,
IMU,12224,,,,,,,,0.0907,0.0003,9.7129,-0.0016,-0.0008,-0.0003,27.91,,,,,,,,,,,
IMU,12234,,,,,,,,0.1093,-0.0407,9.7420,-0.0008,-0.0013,-0.0003,27.91,,,,,,,,,,,
IMU,12244,,,,,,,,0.1468,-0.0127,9.7533,0.0021,-0.0011,0.0005,27.91,,,,,,,,,,,
IMU,12254,,,,,,,,0.1439,0.0280,9.7426,0.0003,0.0000,-0.0008,27.91,,,,,,,,,,,
IMU,12264,,,,,,,,0.1018,0.0018,9.7542,-0.0016,-0.0005,-0.0008,27.91,,,,,,,,,,,
IMU,12274,,,,,,,,0.0868,-0.0058,9.7491,0.0008,-0.0013,-0.0008,27.91,,,,,,,,,,,
IMU,12284,,,,,,,,0.0831,0.0473,9.7182,0.0008,-0.0011,-0.0011,27.91,,,,,,,,,,,
IMU,12294,,,,,,,,0.0757,0.0403,9.7214,-0.0019,-0.0011,-0.0011,27.91,,,,,,,,,,,
IMU,12304,,,,,,,,0.1099,-0.0129,9.7497,-0.0011,-0.0019,-0.0005,27.91,,,,,,,,,,,
IMU,12314,,,,,,,,0.1424,0.0034,9.7359,0.0019,-0.0013,0.0003,27.91,,,,,,,,,,,
IMU,12324,,,,,,,,0.1380,0.0323,9.7209,-0.0003,-0.0011,-0.0008,27.91,,,,,,,,,,,
IMU,12335,,,,,,,,0.1039,-0.0144,9.7563,-0.0019,-0.0008,-0.0013,27.91,,,,,,,,,,,
IMU,12345,,,,,,,,0.0974,-0.0373,9.7682,0.0005,-0.0011,-0.0008,27.91,,,,,,,,,,,
IMU,12355,,,,,,,,0.0892,0.0075,9.7280,0.0016,-0.0003,-0.0005,27.91,,,,,,,,,,,
IMU,12365,,,,,,,,0.0781,0.0033,9.7299,-0.0008,-0.0011,-0.0011,27.91,,,,,,,,,,,
IMU,12375,,,,,,,,0.1028,-0.0299,9.7570,-0.0003,-0.0021,-0.0005,27.91,,,,,,,,,,,
IMU,12385,,,,,,,,0.1365,-0.0012,9.7404,0.0016,-0.0019,-0.0008,27.91,,,,,,,,,,,
IMU,12395,,,,,,,,0.1374,0.0272,9.7212,0.0003,-0.0008,-0.0013,27.91,,,,,,,,,,,
IMU,12405,,,,,,,,0.1066,-0.0096,9.7441,-0.0016,0.0000,-0.0011,27.91,,,,,,,,,,,
IMU,12415,,,,,,,,0.0906,-0.0105,9.7542,0.0005,-0.0013,-0.0003,27.91,,,,,,,,,,,
IMU,12425,,,,,,,,0.0847,0.0419,9.7206,0.0008,-0.0003,-0.0005,27.91,,,,,,,,,,,
IMU,12435,,,,,,,,0.0807,0.0222,9.7223,-0.0021,-0.0013,-0.0011,27.91,,,,,,,,,,,
IMU,12445,,,,,,,,0.1093,-0.0274,9.7593,-0.0008,-0.0019,0.0000,27.91,,,,,,,,,,,
IMU,12455,,,,,,,,0.1439,-0.0031,9.7443,0.0016,-0.0011,0.0011,27.91,,,,,,,,,,,
IMU,12465,,,,,,,,0.1341,0.0241,9.7266,-0.0003,-0.0003,0.0003,27.91,,,,,,,,,,,
IMU,12475,,,,,,,,0.1072,-0.0240,9.7492,-0.0016,-0.0011,-0.0013,27.91,,,,,,,,,,,
IMU,12485,,,,,,,,0.0894,-0.0338,9.7443,0.0008,-0.0013,-0.0013,27.91,,,,,,,,,,,
IMU,12495,,,,,,,,0.0802,0.0259,9.7069,0.0008,-0.0008,-0.0005,27.91,,,,,,,,,,,
IMU,12505,,,,,,,,0.0716,0.0027,9.7167,-0.0013,-0.0013,-0.0013,27.91,,,,,,,,,,,
IMU,12515,,,,,,,,0.1103,-0.0376,9.7516,0.0003,-0.0016,-0.0008,27.91,,,,,,,,,,,
IMU,12525,,,,,,,,0.1558,0.0133,9.7524,0.0024,-0.0011,-0.0008,27.91,,,,,,,,,,,
IMU,12535,,,,,,,,0.1461,0.0352,9.7531,-0.0005,-0.0005,-0.0005,27.91,,,,,,,,,,,
IMU,12545,,,,,,,,0.1186,-0.0105,9.7636,-0.0008,-0.0011,-0.0005,27.91,,,,,,,,,,,
IMU,12555,,,,,,,,0.0970,-0.0036,9.7428,0.0011,-0.0008,-0.0005,27.91,,,,,,,,,,,
IMU,12565,,,,,,,,0.0754,0.0472,9.7051,0.0005,0.0003,-0.0013,27.91,,,,,,,,,,,
IMU,12575,,,,,,,,0.0710,0.0272,9.7202,-0.0024,-0.0003,-0.0016,27.91,,,,,,,,,,,
IMU,12585,,,,,,,,0.1069,-0.0124,9.7513,-0.0003,-0.0013,-0.0003,27.91,,,,,,,,,,,
IMU,12595,,,,,,,,0.1488,0.0105,9.7413,0.0019,-0.0013,-0.0003,27.91,,,,,,,,,,,
IMU,12606,,,,,,,,0.1397,0.0172,9.7426,-0.0005,-0.0008,-0.0016,27.91,,,,,,,,,,,
IMU,12616,,,,,,,,0.1180,-0.0317,9.7744,-0.0011,-0.0008,-0.0021,27.91,,,,,,,,,,,
IMU,12626,,,,,,,,0.0927,-0.0257,9.7525,0.0011,-0.0016,-0.0021,27.91,,,,,,,,,,,
IMU,12636,,,,,,,,0.0684,0.0193,9.7152,0.0003,-0.0008,-0.0016,27.91,,,,,,,,,,,
IMU,12646,,,,,,,,0.0724,-0.0070,9.7260,-0.0019,-0.0008,-0.0008,27.91,,,,,,,,,,,
IMU,12656,,,,,,,,0.1168,-0.0295,9.7462,0.0000,-0.0019,0.0000,27.91,,,,,,,,,,,
IMU,12666,,,,,,,,0.1465,0.0123,9.7262,0.0011,-0.0008,-0.0003,27.91,,,,,,,,,,,
IMU,12676,,,,,,,,0.1367,0.0298,9.7244,-0.0011,-0.0005,-0.0008,27.91,,,,,,,,,,,
IMU,12686,,,,,,,,0.1073,-0.0127,9.7608,-0.0005,-0.0016,-0.0016,27.91,,,,,,,,,,,
IMU,12696,,,,,,,,0.0856,-0.0064,9.7611,0.0011,-0.0019,-0.0016,27.91,,,,,,,,,,,
IMU,12706,,,,,,,,0.0760,0.0253,9.7271,0.0005,-0.0011,-0.0019,27.91,,,,,,,,,,,
IMU,12716,,,,,,,,0.0826,0.0198,9.7218,-0.0019,-0.0011,-0.0016,27.91,,,,,,,,,,,
IMU,12726,,,,,,,,0.1127,-0.0186,9.7471,-0.0011,-0.0008,-0.0005,27.91,,,,,,,,,,,
IMU,12736,,,,,,,,0.1434,-0.0027,9.7328,0.0005,-0.0008,-0.0003,27.91,,,,,,,,,,,
IMU,12746,,,,,,,,0.1346,0.0181,9.7235,-0.0011,-0.0005,-0.0011,27.91,,,,,,,,,,,
IMU,12756,,,,,,,,0.1009,-0.0263,9.7452,-0.0016,-0.0013,-0.0013,27.91,,,,,,,,,,,
IMU,12766,,,,,,,,0.0832,-0.0331,9.7476,0.0013,-0.0016,-0.0005,27.91,,,,,,,,,,,
IMU,12776,,,,,,,,0.0742,0.0120,9.7199,0.0011,-0.0013,-0.0003,27.91,,,,,,,,,,,
IMU,12786,,,,,,,,0.0814,0.0018,9.7356,-0.0011,-0.0011,-0.0003,27.91,,,,,,,,,,,
IMU,12796,,,,,,,,0.1217,-0.0296,9.7685,0.0000,-0.0003,0.0000,27.91,,,,,,,,,,,
IMU,12806,,,,,,,,0.1488,0.0111,9.7483,0.0011,-0.0003,-0.0008,27.91,,,,,,,,,,,
IMU,12816,,,,,,,,0.1295,0.0302,9.7317,-0.0003,-0.0005,-0.0021,27.91,,,,,,,,,,,
IMU,12826,,,,,,,,0.0986,-0.0121,9.7507,0.0003,-0.0008,-0.0008,27.91,,,,,,,,,,,
IMU,12836,,,,,,,,0.0873,-0.0102,9.7435,0.0021,-0.0011,0.0000,27.91,,,,,,,,,,,
IMU,12846,,,,,,,,0.0801,0.0302,9.7091,0.0005,-0.0003,-0.0003,27.91,,,,,,,,,,,
IMU,12856,,,,,,,,0.0862,0.0120,9.7283,-0.0016,-0.0013,-0.0013,27.91,,,,,,,,,,,
IMU,12866,,,,,,,,0.1108,-0.0222,9.7548,0.0000,-0.0021,-0.0008,27.91,,,,,,,,,,,
IMU,12876,,,,,,,,0.1379,0.0055,9.7543,0.0016,-0.0013,-0.0005,27.91,,,,,,,,,,,
IMU,12887,,,,,,,,0.1220,0.0166,9.7440,-0.0008,-0.0005,-0.0003,27.91,,,,,,,,,,,
IMU,12897,,,,,,,,0.0847,-0.0190,9.7554,-0.0013,-0.0008,-0.0008,27.91,,,,,,,,,,,
IMU,12907,,,,,,,,0.0756,-0.0108,9.7381,0.0011,-0.0013,-0.0005,27.91,,,,,,,,,,,
IMU,12917,,,,,,,,0.0721,0.0217,9.7070,0.0003,-0.0005,-0.0005,27.91,,,,,,,,,,,
IMU,12927,,,,,,,,0.0727,-0.0100,9.7332,-0.0019,-0.0016,-0.0011,27.91,,,,,,,,,,,
IMU,12937,,,,,,,,0.1094,-0.0391,9.7622,0.0000,-0.0008,-0.0003,27.91,,,,,,,,,,,
IMU,12947,,,,,,,,0.1386,-0.0075,9.7320,0.0013,-0.0008,-0.0005,27.91,,,,,,,,,,,
IMU,12957,,,,,,,,0.1129,0.0127,9.7284,-0.0008,-0.0003,-0.0011,27.91,,,,,,,,,,,
IMU,12967,,,,,,,,0.0977,-0.0223,9.7676,-0.0008,-0.0005,-0.0013,27.91,,,,,,,,,,,
IMU,12977,,,,,,,,0.1007,0.0052,9.7558,0.0008,-0.0013,-0.0013,27.91,,,,,,,,,,,
IMU,12987,,,,,,,,0.0957,0.0483,9.7173,-0.0003,-0.0005,-0.0016,27.91,,,,,,,,,,,
IMU,12997,,,,,,,,0.1003,0.0171,9.7353,-0.0016,-0.0011,-0.0016,27.91,,,,,,,,,,,
IMU,13007,,,,,,,,0.1374,-0.0010,9.7646,0.0005,-0.0021,-0.0011,27.91,,,,,,,,,,,
IMU,13017,,,,,,,,0.1516,0.0395,9.7447,0.0003,-0.0008,-0.0013,27.91,,,,,,,,,,,
IMU,13027,,,,,,,,0.1214,0.0332,9.7308,-0.0019,0.0000,-0.0016,27.91,,,,,,,,,,,
IMU,13037,,,,,,,,0.0901,-0.0178,9.7425,-0.0011,-0.0011,-0.0013,27.91,,,,,,,,,,,
IMU,13047,,,,,,,,0.0784,0.0016,9.7314,0.0008,-0.0013,-0.0008,27.91,,,,,,,,,,,
IMU,13057,,,,,,,,0.0711,0.0232,9.7126,-0.0000,-0.0011,-0.0011,27.91,,,,,,,,,,,
IMU,13067,,,,,,,,0.0763,-0.0198,9.7410,-0.0019,-0.0016,-0.0008,27.91,,,,,,,,,,,
IMU,13077,,,,,,,,0.1202,-0.0404,9.7643,0.0008,-0.0013,-0.0003,27.91,,,,,,,,,,,
IMU,13087,,,,,,,,0.1455,0.0055,9.7343,0.0013,-0.0013,-0.0011,27.91,,,,,,,,,,,
IMU,13097,,,,,,,,0.1217,0.0021,9.7259,-0.0008,-0.0003,-0.0019,27.91,,,,,,,,,,,
IMU,13107,,,,,,,,0.0898,-0.0304,9.7534,0.0000,-0.0011,-0.0021,27.91,,,,,,,,,,,
IMU,13117,,,,,,,,0.0846,0.0040,9.7384,0.0016,-0.0011,-0.0008,27.91,,,,,,,,,,,
IMU,13127,,,,,,,,0.0757,0.0415,9.7040,0.0005,0.0003,-0.0008,27.91,,,,,,,,,,,
IMU,13137,,,,,,,,0.0874,0.0036,9.7230,-0.0008,-0.0008,-0.0005,27.91,,,,,,,,,,,
IMU,13148,,,,,,,,0.1233,0.0012,9.7543,0.0005,-0.0016,-0.0005,27.91,,,,,,,,,,,
IMU,13158,,,,,,,,0.1380,0.0356,9.7443,0.0008,-0.0000,-0.0005,27.91,,,,,,,,,,,
IMU,13168,,,,,,,,0.1196,0.0231,9.7444,-0.0011,-0.0008,-0.0005,27.91,,,,,,,,,,,
IMU,13178,,,,,,,,0.0980,-0.0271,9.7546,-0.0011,-0.0008,-0.0016,27.91,,,,,,,,,,,
IMU,13188,,,,,,,,0.0900,-0.0040,9.7262,0.0005,-0.0005,-0.0008,27.91,,,,,,,,,,,
IMU,13198,,,,,,,,0.0903,0.0177,9.7193,-0.0008,0.0003,-0.0003,27.91,,,,,,,,,,,
IMU,13208,,,,,,,,0.1060,-0.0201,9.7422,-0.0013,-0.0011,-0.0003,27.91,,,,,,,,,,,
IMU,13218,,,,,,,,0.1409,-0.0219,9.7510,0.0013,-0.0016,0.0000,27.91,,,,,,,,,,,
IMU,13228,,,,,,,,0.1447,0.0198,9.7304,0.0008,-0.0013,-0.0005,27.91,,,,,,,,,,,
IMU,13238,,,,,,,,0.1153,-0.0007,9.7447,-0.0019,-0.0013,-0.0008,27.91,,,,,,,,,,,
IMU,13248,,,,,,,,0.0951,-0.0262,9.7745,-0.0003,-0.0013,-0.0005,27.91,,,,,,,,,,,
IMU,13258,,,,,,,,0.0864,0.0220,9.7395,0.0013,-0.0005,-0.0011,27.91,,,,,,,,,,,
IMU,13268,,,,,,,,0.0858,0.0501,9.7061,-0.0005,0.0003,-0.0011,27.91,,,,,,,,,,,
IMU,13278,,,,,,,,0.0957,0.0016,9.7356,-0.0011,-0.0008,-0.0008,27.91,,,,,,,,,,,
IMU,13288,,,,,,,,0.1233,-0.0022,9.7590,0.0008,-0.0008,-0.0003,27.91,,,,,,,,,,,
IMU,13298,,,,,,,,0.1208,0.0326,9.7420,-0.0000,-0.0005,-0.0008,27.91,,,,,,,,,,,
IMU,13308,,,,,,,,0.0970,0.0051,9.7346,-0.0021,-0.0003,-0.0013,27.91,,,,,,,,,,,
IMU,13318,,,,,,,,0.0799,-0.0388,9.7465,-0.0005,-0.0013,-0.0011,27.91,,,,,,,,,,,
IMU,13328,,,,,,,,0.0808,-0.0129,9.7326,0.0008,-0.0013,-0.0005,27.91,,,,,,,,,,,
IMU,13338,,,,,,,,0.0837,0.0027,9.7161,-0.0005,-0.0019,-0.0008,27.91,,,,,,,,,,,
IMU,13348,,,,,,,,0.1102,-0.0383,9.7491,-0.0005,-0.0024,-0.0013,27.91,,,,,,,,,,,
IMU,13358,,,,,,,,0.1489,-0.0177,9.7533,0.0024,-0.0005,-0.0011,27.91,,,,,,,,,,,
IMU,13368,,,,,,,,0.1391,0.0365,9.7293,0.0016,0.0000,-0.0016,27.91,,,,,,,,,,,
IMU,13378,,,,,,,,0.1064,0.0159,9.7447,-0.0005,-0.0008,-0.0013,27.91,,,,,,,,,,,
IMU,13388,,,,,,,,0.0925,-0.0076,9.7620,0.0005,-0.0011,-0.0021,27.91,,,,,,,,,,,
IMU,13398,,,,,,,,0.0811,0.0326,9.7182,0.0011,-0.0008,-0.0016,27.91,,,,,,,,,,,
IMU,13408,,,,,,,,0.0675,0.0440,9.7061,-0.0011,-0.0005,-0.0016,27.91,,,,,,,,,,,
IMU,13418,,,,,,,,0.0967,-0.0015,9.7443,-0.0005,-0.0019,-0.0008,27.91,,,,,,,,,,,
IMU,13429,,,,,,,,0.1302,-0.0072,9.7600,0.0008,-0.0013,-0.0011,27.91,,,,,,,,,,,
IMU,13439,,,,,,,,0.1364,0.0292,9.7393,0.0008,-0.0003,-0.0008,27.91,,,,,,,,,,,
IMU,13449,,,,,,,,0.1016,-0.0061,9.7380,-0.0021,-0.0003,-0.0019,27.91,,,,,,,,,,,
IMU,13459,,,,,,,,0.0811,-0.0527,9.7597,-0.0011,-0.0005,-0.0016,27.91,,,,,,,,,,,
IMU,13469,,,,,,,,0.0892,-0.0099,9.7361,0.0013,-0.0005,-0.0008,27.91,,,,,,,,,,,
IMU,13479,,,,,,,,0.0835,0.0172,9.7188,-0.0005,-0.0008,0.0000,27.91,,,,,,,,,,,
IMU,13489,,,,,,,,0.1054,-0.0244,9.7498,-0.0008,-0.0019,-0.0013,27.91,,,,,,,,,,,
IMU,13499,,,,,,,,0.1433,-0.0180,9.7554,0.0021,-0.0024,-0.0005,27.91,,,,,,,,,,,
IMU,13509,,,,,,,,0.1458,0.0424,9.7268,0.0011,-0.0008,-0.0011,27.91,,,,,,,,,,,
IMU,13519,,,,,,,,0.1055,0.0257,9.7356,-0.0005,-0.0011,-0.0019,27.91,,,,,,,,,,,
IMU,13529,,,,,,,,0.0889,-0.0001,9.7542,0.0005,-0.0011,-0.0005,27.91,,,,,,,,,,,
IMU,13539,,,,,,,,0.0952,0.0340,9.7212,0.0016,-0.0005,-0.0003,27.91,,,,,,,,,,,
IMU,13549,,,,,,,,0.0928,0.0460,9.7138,-0.0008,0.0000,-0.0011,27.91,,,,,,,,,,,
IMU,13559,,,,,,,,0.1139,-0.0057,9.7573,-0.0013,-0.0008,-0.0016,27.91,,,,,,,,,,,
IMU,13569,,,,,,,,0.1404,-0.0138,9.7711,0.0011,-0.0005,-0.0011,27.91,,,,,,,,,,,
IMU,13579,,,,,,,,0.1329,0.0148,9.7350,0.0005,0.0003,-0.0013,27.91,,,,,,,,,,,
IMU,13589,,,,,,,,0.0900,-0.0199,9.7323,-0.0021,-0.0008,-0.0016,27.91,,,,,,,,,,,
IMU,13599,,,,,,,,0.0714,-0.0539,9.7519,-0.0003,-0.0013,-0.0008,27.91,,,,,,,,,,,
IMU,13609,,,,,,,,0.0780,-0.0088,9.7239,0.0016,-0.0008,-0.0005,27.91,,,,,,,,,,,
IMU,13619,,,,,,,,0.0796,0.0070,9.7055,-0.0003,-0.0005,0.0005,27.91,,,,,,,,,,,
IMU,13629,,,,,,,,0.1036,-0.0311,9.7437,-0.0005,-0.0019,-0.0008,27.91,,,,,,,,,,,
IMU,13639,,,,,,,,0.1443,-0.0096,9.7666,0.0021,-0.0019,-0.0003,27.91,,,,,,,,,,,
IMU,13649,,,,,,,,0.1425,0.0430,9.7426,0.0005,-0.0005,-0.0013,27.91,,,,,,,,,,,
IMU,13659,,,,,,,,0.1075,0.0205,9.7485,-0.0013,-0.0008,-0.0024,27.91,,,,,,,,,,,
IMU,13669,,,,,,,,0.0961,0.0051,9.7631,0.0008,-0.0013,-0.0011,27.91,,,,,,,,,,,
IMU,13679,,,,,,,,0.0973,0.0476,9.7287,0.0016,0.0000,0.0003,27.91,,,,,,,,,,,
IMU,13689,,,,,,,,0.0973,0.0469,9.7188,-0.0011,0.0000,-0.0003,27.91,,,,,,,,,,,
IMU,13699,,,,,,,,0.1114,-0.0048,9.7549,-0.0008,-0.0019,-0.0016,27.91,,,,,,,,,,,
IMU,13710,,,,,,,,0.1383,0.0003,9.7533,0.0013,-0.0005,-0.0008,27.91,,,,,,,,,,,
IMU,13720,,,,,,,,0.1286,0.0153,9.7215,-0.0005,0.0003,-0.0008,27.91,,,,,,,,,,,
IMU,13730,,,,,,,,0.0936,-0.0238,9.7311,-0.0016,-0.0003,-0.0019,27.91,,,,,,,,,,,
IMU,13740,,,,,,,,0.0877,-0.0415,9.7479,0.0005,-0.0013,-0.0013,27.91,,,,,,,,,,,
IMU,13750,,,,,,,,0.1025,0.0004,9.7281,0.0005,-0.0008,0.0000,27.91,,,,,,,,,,,
IMU,13760,,,,,,,,0.1004,0.0073,9.7298,-0.0011,0.0000,-0.0003,27.91,,,,,,,,,,,
IMU,13770,,,,,,,,0.1150,-0.0355,9.7614,0.0000,-0.0013,-0.0003,27.91,,,,,,,,,,,
IMU,13780,,,,,,,,0.1367,-0.0091,9.7513,0.0011,-0.0008,-0.0005,27.91,,,,,,,,,,,
IMU,13790,,,,,,,,0.1169,0.0374,9.7266,0.0000,0.0003,-0.0005,27.91,,,,,,,,,,,
IMU,13800,,,,,,,,0.0850,0.0060,9.7453,-0.0013,-0.0008,-0.0008,27.91,,,,,,,,,,,
IMU,13810,,,,,,,,0.0792,-0.0103,9.7453,0.0011,-0.0016,-0.0011,27.91,,,,,,,,,,,
IMU,13820,,,,,,,,0.0835,0.0389,9.7106,0.0011,-0.0008,-0.0011,27.91,,,,,,,,,,,
IMU,13830,,,,,,,,0.0931,0.0307,9.7338,-0.0016,-0.0011,-0.0011,27.91,,,,,,,,,,,
IMU,13840,,,,,,,,0.1208,-0.0201,9.7778,-0.0008,-0.0011,-0.0008,27.91,,,,,,,,,,,
IMU,13850,,,,,,,,0.1459,-0.0019,9.7522,0.0013,0.0003,-0.0008,27.91,,,,,,,,,,,
IMU,13860,,,,,,,,0.1260,0.0213,9.7223,-0.0016,0.0008,-0.0013,27.91,,,,,,,,,,,
IMU,13870,,,,,,,,0.0960,-0.0187,9.7498,-0.0019,-0.0005,-0.0019,27.91,,,,,,,,,,,
IMU,13880,,,,,,,,0.0877,-0.0295,9.7558,0.0016,-0.0003,-0.0008,27.91,,,,,,,,,,,
IMU,13890,,,,,,,,0.0819,0.0175,9.7271,0.0011,-0.0000,-0.0016,27.91,,,,,,,,,,,
IMU,13900,,,,,,,,0.0829,0.0061,9.7296,-0.0011,-0.0011,-0.0016,27.91,,,,,,,,,,,
IMU,13910,,,,,,,,0.1045,-0.0290,9.7645,0.0003,-0.0019,-0.0008,27.91,,,,,,,,,,,
IMU,13920,,,,,,,,0.1316,0.0072,9.7513,0.0016,-0.0008,-0.0003,27.91,,,,,,,,,,,
IMU,13930,,,,,,,,0.1190,0.0370,9.7287,-0.0005,-0.0003,-0.0016,27.91,,,,,,,,,,,
IMU,13940,,,,,,,,0.0973,-0.0118,9.7513,-0.0011,-0.0008,-0.0019,27.91,,,,,,,,,,,
IMU,13950,,,,,,,,0.0921,-0.0145,9.7486,0.0011,-0.0019,-0.0013,27.91,,,,,,,,,,,
IMU,13960,,,,,,,,0.0919,0.0325,9.7181,0.0005,-0.0008,-0.0011,27.91,,,,,,,,,,,
IMU,13970,,,,,,,,0.0988,0.0141,9.7090,-0.0024,-0.0008,-0.0011,27.91,,,,,,,,,,,
IMU,13980,,,,,,,,0.1218,-0.0400,9.7679,-0.0005,-0.0021,-0.0011,27.91,,,,,,,,,,,
IMU,13991,,,,,,,,0.1361,0.0039,9.7762,0.0021,-0.0011,-0.0005,27.91,,,,,,,,,,,
IMU,14001,,,,,,,,0.1157,0.0278,9.7256,-0.0008,0.0008,-0.0013,27.91,,,,,,,,,,,
IMU,14011,,,,,,,,0.0853,-0.0302,9.7332,-0.0021,-0.0008,-0.0005,27.91,,,,,,,,,,,
IMU,14021,,,,,,,,0.0846,-0.0260,9.7380,0.0008,-0.0013,-0.0003,27.91,,,,,,,,,,,
IMU,14031,,,,,,,,0.0901,0.0281,9.7181,0.0008,-0.0005,0.0000,27.91,,,,,,,,,,,
IMU,14041,,,,,,,,0.0954,0.0138,9.7290,-0.0016,-0.0011,-0.0008,27.91,,,,,,,,,,,
IMU,14051,,,,,,,,0.1238,-0.0257,9.7661,0.0003,-0.0016,-0.0005,27.91,,,,,,,,,,,
IMU,14061,,,,,,,,0.1355,0.0181,9.7428,0.0021,0.0000,-0.0005,27.93,,,,,,,,,,,
IMU,14071,,,,,,,,0.1148,0.0380,9.7208,-0.0008,0.0003,-0.0019,27.93,,,,,,,,,,,
IMU,14081,,,,,,,,0.0879,-0.0138,9.7570,-0.0019,-0.0013,-0.0029,27.93,,,,,,,,,,,
IMU,14091,,,,,,,,0.0826,-0.0078,9.7515,0.0011,-0.0008,-0.0013,27.93,,,,,,,,,,,
IMU,14101,,,,,,,,0.0814,0.0341,9.7100,0.0000,-0.0003,-0.0005,27.93,,,,,,,,,,,
IMU,14111,,,,,,,,0.0974,-0.0052,9.7384,-0.0016,-0.0016,-0.0008,27.93,,,,,,,,,,,
IMU,14121,,,,,,,,0.1346,-0.0313,9.7822,0.0000,-0.0019,-0.0011,27.93,,,,,,,,,,,
IMU,14131,,,,,,,,0.1488,0.0100,9.7468,0.0021,-0.0008,-0.0011,27.93,,,,,,,,,,,
IMU,14141,,,,,,,,0.1115,0.0220,9.7175,-0.0003,0.0003,-0.0016,27.93,,,,,,,,,,,
IMU,14151,,,,,,,,0.0742,-0.0268,9.7497,0.0000,-0.0005,-0.0008,27.93,,,,,,,,,,,
IMU,14161,,,,,,,,0.0864,-0.0040,9.7522,0.0016,-0.0011,-0.0003,27.93,,,,,,,,,,,
IMU,14171,,,,,,,,0.0986,0.0457,9.7182,0.0000,-0.0005,-0.0005,27.93,,,,,,,,,,,
IMU,14181,,,,,,,,0.1066,0.0117,9.7367,-0.0016,-0.0008,-0.0005,27.93,,,,,,,,,,,
IMU,14191,,,,,,,,0.1430,-0.0162,9.7697,0.0008,-0.0016,-0.0011,27.93,,,,,,,,,,,
IMU,14201,,,,,,,,0.1512,0.0308,9.7383,0.0016,-0.0005,-0.0008,27.93,,,,,,,,,,,
IMU,14211,,,,,,,,0.1108,0.0274,9.7449,-0.0013,-0.0008,-0.0019,27.93,,,,,,,,,,,
IMU,14221,,,,,,,,0.0765,-0.0136,9.7566,-0.0016,-0.0011,-0.0027,27.93,,,,,,,,,,,
IMU,14231,,,,,,,,0.0736,0.0052,9.7179,0.0005,-0.0016,-0.0016,27.93,,,,,,,,,,,
IMU,14241,,,,,,,,0.0901,0.0190,9.7142,-0.0003,-0.0005,-0.0013,27.93,,,,,,,,,,,
IMU,14252,,,,,,,,0.1174,-0.0166,9.7563,-0.0013,-0.0013,-0.0005,27.93,,,,,,,,,,,
IMU,14262,,,,,,,,0.1459,-0.0359,9.7654,0.0005,-0.0019,-0.0008,27.93,,,,,,,,,,,
IMU,14272,,,,,,,,0.1404,0.0030,9.7259,0.0013,-0.0003,-0.0011,27.93,,,,,,,,,,,
IMU,14282,,,,,,,,0.1016,-0.0078,9.7242,-0.0008,0.0000,-0.0021,27.93,,,,,,,,,,,
IMU,14292,,,,,,,,0.0765,-0.0334,9.7567,0.0000,-0.0013,-0.0019,27.93,,,,,,,,,,,
IMU,14302,,,,,,,,0.0834,0.0082,9.7419,0.0013,-0.0005,0.0000,27.93,,,,,,,,,,,
IMU,14312,,,,,,,,0.0927,0.0307,9.7245,-0.0003,0.0005,0.0005,27.93,,,,,,,,,,,
IMU,14322,,,,,,,,0.1081,0.0108,9.7358,-0.0008,-0.0005,-0.0005,27.93,,,,,,,,,,,
IMU,14332,,,,,,,,0.1250,0.0021,9.7497,0.0003,-0.0011,0.0000,27.93,,,,,,,,,,,
IMU,14342,,,,,,,,0.1328,0.0272,9.7401,0.0005,-0.0005,0.0003,27.93,,,,,,,,,,,
IMU,14352,,,,,,,,0.1129,0.0198,9.7456,-0.0016,-0.0011,-0.0008,27.93,,,,,,,,,,,
IMU,14362,,,,,,,,0.0888,-0.0193,9.7458,-0.0011,-0.0011,-0.0008,27.93,,,,,,,,,,,
IMU,14372,,,,,,,,0.0850,-0.0090,9.7277,0.0011,-0.0003,-0.0011,27.93,,,,,,,,,,,
IMU,14382,,,,,,,,0.0922,0.0160,9.7227,0.0003,-0.0003,-0.0008,27.93,,,,,,,,,,,
IMU,14392,,,,,,,,0.1054,-0.0037,9.7429,-0.0013,-0.0008,-0.0011,27.93,,,,,,,,,,,
IMU,14402,,,,,,,,0.1287,-0.0187,9.7572,-0.0008,-0.0011,-0.0008,27.93,,,,,,,,,,,
IMU,14412,,,,,,,,0.1518,-0.0028,9.7479,0.0005,-0.0008,-0.0011,27.93,,,,,,,,,,,
IMU,14422,,,,,,,,0.1278,0.0192,9.7362,-0.0005,-0.0003,-0.0016,27.93,,,,,,,,,,,
IMU,14432,,,,,,,,0.0867,-0.0049,9.7431,-0.0008,-0.0011,-0.0013,27.93,,,,,,,,,,,
IMU,14442,,,,,,,,0.0775,-0.0136,9.7497,0.0000,-0.0016,-0.0003,27.93,,,,,,,,,,,
IMU,14452,,,,,,,,0.0883,0.0248,9.7316,0.0000,0.0000,-0.0005,27.93,,,,,,,,,,,
IMU,14462,,,,,,,,0.0962,0.0172,9.7277,-0.0011,-0.0008,-0.0008,27.93,,,,,,,,,,,
IMU,14472,,,,,,,,0.1247,-0.0108,9.7462,-0.0005,-0.0021,-0.0005,27.93,,,,,,,,,,,
IMU,14482,,,,,,,,0.1424,0.0100,9.7453,0.0011,-0.0013,-0.0003,27.93,,,,,,,,,,,
IMU,14492,,,,,,,,0.1301,0.0244,9.7319,0.0000,-0.0005,-0.0005,27.93,,,,,,,,,,,
IMU,14502,,,,,,,,0.1018,-0.0028,9.7417,-0.0016,-0.0011,-0.0016,27.93,,,,,,,,,,,
IMU,14512,,,,,,,,0.0971,-0.0079,9.7435,-0.0005,-0.0019,-0.0016,27.93,,,,,,,,,,,
IMU,14522,,,,,,,,0.1013,0.0235,9.7368,0.0005,-0.0005,-0.0011,27.93,,,,,,,,,,,
IMU,14533,,,,,,,,0.1034,0.0120,9.7429,-0.0008,0.0000,-0.0005,27.93,,,,,,,,,,,
IMU,14543,,,,,,,,0.1106,-0.0165,9.7558,-0.0005,-0.0008,-0.0005,27.93,,,,,,,,,,,
IMU,14553,,,,,,,,0.1275,0.0000,9.7408,0.0005,-0.0008,-0.0011,27.93,,,,,,,,,,,
IMU,14563,,,,,,,,0.1141,0.0284,9.7268,-0.0005,0.0000,-0.0013,27.93,,,,,,,,,,,
IMU,14573,,,,,,,,0.0850,-0.0178,9.7560,-0.0019,-0.0013,-0.0021,27.93,,,,,,,,,,,
IMU,14583,,,,,,,,0.0898,-0.0280,9.7681,0.0005,-0.0016,-0.0013,27.93,,,,,,,,,,,
IMU,14593,,,,,,,,0.0898,0.0473,9.6058,0.0000,-0.0008,-0.0008,27.93,,,,,,,,,,,
IMU,14603,,,,,,,,0.1067,-0.0031,9.7361,-0.0024,-0.0029,-0.0016,27.93,,,,,,,,,,,
IMU,14613,,,,,,,,0.1591,-0.0540,9.9453,0.0019,-0.0013,0.0000,27.93,,,,,,,,,,,
IMU,14623,,,,,,,,0.1566,0.0416,9.7461,0.0029,0.0027,-0.0005,27.93,,,,,,,,,,,
IMU,14633,,,,,,,,0.1099,0.0335,9.5712,-0.0029,0.0019,-0.0024,27.93,,,,,,,,,,,
IMU,14643,,,,,,,,0.0678,-0.0539,9.6859,-0.0029,-0.0016,-0.0029,27.93,,,,,,,,,,,
IMU,14653,,,,,,,,0.0590,-0.0208,9.8113,0.0024,-0.0027,-0.0008,27.93,,,,,,,,,,,
IMU,14663,,,,,,,,0.0710,0.0584,9.7742,0.0003,-0.0013,0.0000,27.93,,,,,,,,,,,
IMU,14673,,,,,,,,0.0986,-0.0139,9.7367,-0.0029,-0.0005,-0.0016,27.93,,,,,,,,,,,
IMU,14683,,,,,,,,0.1337,-0.0689,9.7281,0.0027,-0.0013,-0.0011,27.93,,,,,,,,,,,
IMU,14693,,,,,,,,0.1443,0.0314,9.6732,0.0037,-0.0011,0.0000,27.93,,,,,,,,,,,
IMU,14703,,,,,,,,0.1187,0.0335,9.7581,-0.0029,-0.0011,-0.0021,27.93,,,,,,,,,,,
IMU,14713,,,,,,,,0.1051,-0.0615,9.8503,-0.0029,-0.0003,-0.0016,27.93,,,,,,,,,,,
IMU,14723,,,,,,,,0.0847,-0.0275,9.7206,0.0024,0.0000,-0.0008,27.93,,,,,,,,,,,
IMU,14733,,,,,,,,0.0744,0.0522,9.6476,0.0013,-0.0019,-0.0003,27.93,,,,,,,,,,,
IMU,14743,,,,,,,,0.0962,0.0088,9.7462,-0.0024,-0.0024,-0.0013,27.93,,,,,,,,,,,
IMU,14753,,,,,,,,0.1302,-0.0389,9.7937,0.0005,-0.0016,-0.0011,27.93,,,,,,,,,,,
IMU,14763,,,,,,,,0.1573,0.0298,9.7298,0.0021,0.0003,-0.0005,27.93,,,,,,,,,,,
IMU,14773,,,,,,,,0.1319,0.0454,9.7120,-0.0019,0.0016,-0.0011,27.93,,,,,,,,,,,
IMU,14783,,,,,,,,0.1066,-0.0316,9.7558,-0.0016,0.0003,-0.0005,27.93,,,,,,,,,,,
IMU,14793,,,,,,,,0.1061,-0.0082,9.7516,0.0016,-0.0005,0.0003,27.93,,,,,,,,,,,
IMU,14803,,,,,,,,0.0909,0.0630,9.7114,-0.0003,0.0003,-0.0016,27.93,,,,,,,,,,,
IMU,14814,,,,,,,,0.0753,0.0018,9.7136,-0.0032,-0.0005,-0.0029,27.93,,,,,,,,,,,
IMU,14824,,,,,,,,0.0940,-0.0578,9.7326,-0.0003,-0.0016,-0.0019,27.93,,,,,,,,,,,
IMU,14834,,,,,,,,0.1268,0.0066,9.7432,0.0013,-0.0016,0.0003,27.93,,,,,,,,,,,
IMU,14844,,,,,,,,0.1163,0.0150,9.7602,-0.0016,0.0000,0.0000,27.93,,,,,,,,,,,
IMU,14854,,,,,,,,0.1006,-0.0500,9.7670,-0.0013,-0.0003,-0.0005,27.93,,,,,,,,,,,
IMU,14864,,,,,,,,0.1034,-0.0174,9.7283,0.0027,-0.0011,-0.0019,27.93,,,,,,,,,,,
IMU,14874,,,,,,,,0.0973,0.0510,9.6937,0.0013,-0.0005,-0.0021,27.93,,,,,,,,,,,
IMU,14884,,,,,,,,0.0892,0.0091,9.7337,-0.0021,-0.0013,-0.0021,27.93,,,,,,,,,,,
IMU,14894,,,,,,,,0.1166,-0.0278,9.7835,0.0000,-0.0021,-0.0005,27.93,,,,,,,,,,,
IMU,14904,,,,,,,,0.1368,0.0358,9.7534,0.0013,0.0003,0.0005,27.93,,,,,,,,,,,
IMU,14914,,,,,,,,0.1217,0.0257,9.7296,-0.0019,0.0003,-0.0011,27.93,,,,,,,,,,,
IMU,14924,,,,,,,,0.1006,-0.0377,9.7540,-0.0008,-0.0011,-0.0011,27.93,,,,,,,,,,,
IMU,14934,,,,,,,,0.0916,-0.0007,9.7343,0.0024,-0.0011,-0.0011,27.93,,,,,,,,,,,
IMU,14944,,,,,,,,0.0888,0.0516,9.6953,0.0005,-0.0000,-0.0029,27.93,,,,,,,,,,,
IMU,14954,,,,,,,,0.0980,0.0030,9.7250,-0.0019,-0.0011,-0.0024,27.93,,,,,,,,,,,
IMU,14964,,,,,,,,0.1364,-0.0425,9.7744,0.0008,-0.0021,-0.0008,27.93,,,,,,,,,,,
IMU,14974,,,,,,,,0.1617,0.0147,9.7615,0.0019,-0.0013,0.0003,27.93,,,,,,,,,,,
IMU,14984,,,,,,,,0.1362,0.0127,9.7533,-0.0016,-0.0013,-0.0019,27.93,,,,,,,,,,,
IMU,14994,,,,,,,,0.1099,-0.0433,9.7681,-0.0008,-0.0013,-0.0027,27.93,,,,,,,,,,,
IMU,15004,,,,,,,,0.0864,-0.0127,9.7356,0.0024,-0.0003,-0.0019,27.93,,,,,,,,,,,
IMU,15014,,,,,,,,0.0623,0.0364,9.6938,0.0003,0.0000,-0.0011,27.93,,,,,,,,,,,
IMU,15024,,,,,,,,0.0686,-0.0091,9.7286,-0.0021,-0.0016,0.0003,27.93,,,,,,,,,,,
IMU,15034,,,,,,,,0.1187,-0.0295,9.7536,0.0003,-0.0019,0.0008,27.93,,,,,,,,,,,
IMU,15044,,,,,,,,0.1401,0.0302,9.7259,0.0016,-0.0008,0.0000,27.93,,,,,,,,,,,
IMU,15054,,,,,,,,0.1156,0.0281,9.7301,-0.0011,-0.0016,-0.0019,27.93,,,,,,,,,,,
IMU,15064,,,,,,,,0.0937,-0.0284,9.7631,-0.0005,-0.0019,-0.0029,27.93,,,,,,,,,,,
IMU,15074,,,,,,,,0.1046,0.0024,9.7500,0.0008,-0.0013,-0.0013,27.93,,,,,,,,,,,
IMU,15085,,,,,,,,0.1009,0.0287,9.7338,-0.0016,-0.0003,-0.0008,27.93,,,,,,,,,,,
IMU,15095,,,,,,,,0.0985,-0.0245,9.7539,-0.0019,-0.0003,-0.0003,27.93,,,,,,,,,,,
IMU,15105,,,,,,,,0.1329,-0.0344,9.7530,0.0016,-0.0008,-0.0011,27.93,,,,,,,,,,,
IMU,15115,,,,,,,,0.1337,0.0337,9.7126,0.0019,-0.0003,-0.0013,27.93,,,,,,,,,,,
IMU,15125,,,,,,,,0.0909,0.0250,9.7097,-0.0005,-0.0013,-0.0019,27.93,,,,,,,,,,,
IMU,15135,,,,,,,,0.0693,-0.0208,9.7416,-0.0003,-0.0024,-0.0019,27.93,,,,,,,,,,,
IMU,15145,,,,,,,,0.0910,0.0204,9.7407,0.0016,-0.0021,-0.0005,27.93,,,,,,,,,,,
IMU,15155,,,,,,,,0.1064,0.0497,9.7349,-0.0008,-0.0013,0.0003,27.93,,,,,,,,,,,
IMU,15165,,,,,,,,0.1326,-0.0108,9.7651,-0.0013,-0.0011,0.0000,27.93,,,,,,,,,,,
IMU,15175,,,,,,,,0.1471,-0.0219,9.7706,0.0005,-0.0013,-0.0011,27.93,,,,,,,,,,,
IMU,15185,,,,,,,,0.1183,0.0222,9.7217,0.0008,-0.0003,-0.0021,27.93,,,,,,,,,,,
IMU,15195,,,,,,,,0.0614,-0.0001,9.7138,-0.0024,-0.0005,-0.0024,27.93,,,,,,,,,,,
IMU,15205,,,,,,,,0.0612,-0.0388,9.7411,-0.0011,-0.0021,-0.0008,27.93,,,,,,,,,,,
IMU,15215,,,,,,,,0.0934,0.0054,9.7260,0.0011,-0.0019,0.0013,27.93,,,,,,,,,,,
IMU,15225,,,,,,,,0.1084,0.0216,9.7236,-0.0008,-0.0011,0.0008,27.93,,,,,,,,,,,
IMU,15235,,,,,,,,0.1298,-0.0225,9.7645,-0.0011,-0.0013,0.0003,27.93,,,,,,,,,,,
IMU,15245,,,,,,,,0.1582,-0.0093,9.7684,0.0021,-0.0011,-0.0003,27.93,,,,,,,,,,,
IMU,15255,,,,,,,,0.1272,0.0428,9.7346,0.0013,-0.0005,-0.0013,27.93,,,,,,,,,,,
IMU,15265,,,,,,,,0.0862,0.0160,9.7362,-0.0011,-0.0013,-0.0011,27.93,,,,,,,,,,,
IMU,15275,,,,,,,,0.0724,-0.0213,9.7440,-0.0003,-0.0019,0.0005,27.93,,,,,,,,,,,
IMU,15285,,,,,,,,0.0907,0.0213,9.7176,0.0008,-0.0016,0.0005,27.93,,,,,,,,,,,
IMU,15295,,,,,,,,0.1054,0.0272,9.7143,-0.0016,-0.0016,-0.0005,27.93,,,,,,,,,,,
IMU,15305,,,,,,,,0.1214,-0.0231,9.7561,-0.0013,-0.0021,-0.0013,27.93,,,,,,,,,,,
IMU,15315,,,,,,,,0.1431,-0.0141,9.7570,0.0011,-0.0008,-0.0021,27.93,,,,,,,,,,,
IMU,15325,,,,,,,,0.1218,0.0305,9.7241,-0.0003,0.0003,-0.0021,27.93,,,,,,,,,,,
IMU,15335,,,,,,,,0.0849,-0.0015,9.7362,-0.0019,-0.0008,-0.0016,27.93,,,,,,,,,,,
IMU,15345,,,,,,,,0.0937,-0.0332,9.7640,0.0003,-0.0019,-0.0003,27.93,,,,,,,,,,,
IMU,15356,,,,,,,,0.1163,0.0129,9.7543,0.0019,-0.0005,0.0000,27.93,,,,,,,,,,,
IMU,15366,,,,,,,,0.1127,0.0335,9.6823,-0.0005,0.0003,-0.0005,27.93,,,,,,,,,,,
IMU,15376,,,,,,,,0.1153,-0.0171,9.7132,-0.0011,-0.0024,-0.0016,27.93,,,,,,,,,,,
IMU,15386,,,,,,,,0.1355,-0.0118,9.8419,0.0029,-0.0019,-0.0011,27.93,,,,,,,,,,,
IMU,15396,,,,,,,,0.1147,0.0546,9.7925,0.0013,0.0016,-0.0003,27.93,,,,,,,,,,,
IMU,15406,,,,,,,,0.0783,0.0256,9.6709,-0.0021,0.0013,-0.0016,27.93,,,,,,,,,,,
IMU,15416,,,,,,,,0.0644,-0.0343,9.6765,-0.0013,-0.0008,-0.0013,27.93,,,,,,,,,,,
IMU,15426,,,,,,,,0.0883,0.0073,9.7387,0.0003,-0.0019,-0.0003,27.93,,,,,,,,,,,
IMU,15436,,,,,,,,0.1097,0.0272,9.7831,-0.0016,-0.0013,-0.0013,27.93,,,,,,,,,,,
IMU,15446,,,,,,,,0.1373,-0.0308,9.7853,-0.0016,-0.0016,-0.0011,27.93,,,,,,,,,,,
IMU,15456,,,,,,,,0.1473,-0.0380,9.7383,0.0019,-0.0005,-0.0016,27.93,,,,,,,,,,,
IMU,15466,,,,,,,,0.1067,0.0204,9.6718,0.0016,0.0000,-0.0016,27.93,,,,,,,,,,,
IMU,15476,,,,,,,,0.0665,-0.0012,9.7268,-0.0021,-0.0016,-0.0013,27.93,,,,,,,,,,,
IMU,15486,,,,,,,,0.0808,-0.0395,9.8139,-0.0013,-0.0013,-0.0013,27.93,,,,,,,,,,,
IMU,15496,,,,,,,,0.0850,0.0138,9.7462,0.0011,0.0005,-0.0005,27.93,,,,,,,,,,,
IMU,15506,,,,,,,,0.0891,0.0350,9.6699,0.0000,-0.0003,-0.0008,27.93,,,,,,,,,,,
IMU,15516,,,,,,,,0.1311,-0.0091,9.7257,-0.0003,-0.0021,-0.0013,27.93,,,,,,,,,,,
IMU,15526,,,,,,,,0.1524,0.0052,9.7664,0.0013,-0.0019,-0.0013,27.93,,,,,,,,,,,
IMU,15536,,,,,,,,0.1135,0.0392,9.7292,-0.0003,-0.0005,-0.0005,27.93,,,,,,,,,,,
IMU,15546,,,,,,,,0.0707,0.0052,9.7317,-0.0024,-0.0005,-0.0008,27.93,,,,,,,,,,,
IMU,15556,,,,,,,,0.0804,-0.0259,9.7540,-0.0003,-0.0003,-0.0003,27.93,,,,,,,,,,,
IMU,15566,,,,,,,,0.1183,0.0229,9.7407,0.0016,0.0003,0.0003,27.93,,,,,,,,,,,
IMU,15576,,,,,,,,0.1245,0.0325,9.7341,-0.0005,0.0003,0.0000,27.93,,,,,,,,,,,
IMU,15586,,,,,,,,0.1356,-0.0214,9.7398,-0.0005,-0.0013,-0.0013,27.93,,,,,,,,,,,
IMU,15596,,,,,,,,0.1332,-0.0157,9.7157,0.0011,-0.0013,-0.0024,27.93,,,,,,,,,,,
IMU,15606,,,,,,,,0.0976,0.0162,9.7139,0.0000,-0.0011,-0.0019,27.93,,,,,,,,,,,
IMU,15616,,,,,,,,0.0790,-0.0096,9.7709,-0.0019,-0.0024,-0.0008,27.93,,,,,,,,,,,
IMU,15626,,,,,,,,0.0977,-0.0302,9.7816,0.0008,-0.0013,0.0000,27.93,,,,,,,,,,,
IMU,15637,,,,,,,,0.1061,0.0037,9.7296,0.0019,0.0000,-0.0003,27.93,,,,,,,,,,,
IMU,15647,,,,,,,,0.1007,0.0112,9.7173,-0.0005,-0.0008,-0.0016,27.93,,,,,,,,,,,
IMU,15657,,,,,,,,0.1171,-0.0102,9.7488,-0.0011,-0.0013,-0.0016,27.93,,,,,,,,,,,
IMU,15667,,,,,,,,0.1265,0.0124,9.7447,0.0005,-0.0011,0.0000,27.93,,,,,,,,,,,
IMU,15677,,,,,,,,0.1009,0.0245,9.7350,-0.0008,-0.0005,-0.0011,27.93,,,,,,,,,,,
IMU,15687,,,,,,,,0.0874,-0.0184,9.7546,-0.0008,-0.0008,-0.0016,27.93,,,,,,,,,,,
IMU,15697,,,,,,,,0.0995,-0.0187,9.7569,0.0016,-0.0013,-0.0008,27.93,,,,,,,,,,,
IMU,15707,,,,,,,,0.1109,0.0257,9.7377,0.0016,-0.0003,-0.0008,27.93,,,,,,,,,,,
IMU,15717,,,,,,,,0.1168,0.0099,9.7368,-0.0008,0.0000,-0.0013,27.93,,,,,,,,,,,
IMU,15727,,,,,,,,0.1328,-0.0195,9.7497,-0.0003,-0.0013,-0.0008,27.93,,,,,,,,,,,
IMU,15737,,,,,,,,0.1295,0.0082,9.7407,0.0011,-0.0008,-0.0005,27.93,,,,,,,,,,,
IMU,15747,,,,,,,,0.0995,0.0162,9.7353,-0.0011,-0.0011,0.0000,27.93,,,,,,,,,,,
IMU,15757,,,,,,,,0.0924,-0.0156,9.7516,-0.0011,-0.0024,0.0000,27.93,,,,,,,,,,,
IMU,15767,,,,,,,,0.1115,-0.0045,9.7420,0.0011,-0.0013,-0.0008,27.93,,,,,,,,,,,
IMU,15777,,,,,,,,0.1082,0.0271,9.7197,0.0013,-0.0005,-0.0011,27.93,,,,,,,,,,,
IMU,15787,,,,,,,,0.0985,0.0099,9.7358,-0.0011,-0.0011,-0.0016,27.93,,,,,,,,,,,
IMU,15797,,,,,,,,0.1117,-0.0100,9.7615,0.0000,-0.0011,0.0000,27.93,,,,,,,,,,,
IMU,15807,,,,,,,,0.1201,0.0190,9.7358,0.0013,-0.0005,0.0003,27.93,,,,,,,,,,,
IMU,15817,,,,,,,,0.0894,0.0210,9.7224,-0.0011,0.0000,-0.0019,27.93,,,,,,,,,,,
IMU,15827,,,,,,,,0.0769,-0.0132,9.7443,-0.0013,-0.0008,-0.0021,27.93,,,,,,,,,,,
IMU,15837,,,,,,,,0.0985,-0.0033,9.7396,0.0008,-0.0013,-0.0019,27.93,,,,,,,,,,,
IMU,15847,,,,,,,,0.1040,0.0160,9.7256,0.0000,-0.0013,-0.0019,27.93,,,,,,,,,,,
IMU,15857,,,,,,,,0.1150,-0.0160,9.7417,-0.0013,-0.0013,-0.0016,27.93,,,,,,,,,,,
IMU,15867,,,,,,,,0.1340,-0.0265,9.7581,0.0000,-0.0008,-0.0003,27.93,,,,,,,,,,,
IMU,15877,,,,,,,,0.1290,0.0088,9.7361,0.0011,0.0003,0.0000,27.93,,,,,,,,,,,
IMU,15887,,,,,,,,0.0965,0.0031,9.7224,-0.0008,-0.0003,-0.0013,27.93,,,,,,,,,,,
IMU,15897,,,,,,,,0.0862,-0.0204,9.7428,0.0000,-0.0016,-0.0013,27.93,,,,,,,,,,,
IMU,15908,,,,,,,,0.1043,0.0088,9.7346,0.0019,-0.0013,-0.0013,27.93,,,,,,,,,,,
IMU,15918,,,,,,,,0.1144,0.0344,9.7208,0.0000,-0.0011,-0.0013,27.93,,,,,,,,,,,
IMU,15928,,,,,,,,0.1242,-0.0016,9.7549,-0.0013,-0.0008,-0.0008,27.93,,,,,,,,,,,
IMU,15938,,,,,,,,0.1437,-0.0091,9.7715,0.0008,-0.0011,-0.0005,27.93,,,,,,,,,,,
IMU,15948,,,,,,,,0.1229,0.0292,9.7361,0.0008,-0.0003,-0.0005,27.93,,,,,,,,,,,
IMU,15958,,,,,,,,0.0757,0.0157,9.7145,-0.0011,-0.0003,-0.0016,27.93,,,,,,,,,,,
IMU,15968,,,,,,,,0.0638,-0.0199,9.7368,-0.0005,-0.0019,-0.0024,27.93,,,,,,,,,,,
IMU,15978,,,,,,,,0.0847,0.0045,9.7338,0.0008,-0.0019,-0.0011,27.93,,,,,,,,,,,
IMU,15988,,,,,,,,0.1030,0.0177,9.7215,-0.0011,-0.0008,-0.0003,27.93,,,,,,,,,,,
IMU,15998,,,,,,,,0.1212,-0.0256,9.7444,-0.0016,-0.0016,-0.0005,27.93,,,,,,,,,,,
IMU,16008,,,,,,,,0.1459,-0.0337,9.7558,0.0016,-0.0019,-0.0008,27.93,,,,,,,,,,,
IMU,16018,,,,,,,,0.1301,0.0027,9.7301,0.0021,-0.0008,-0.0011,27.93,,,,,,,,,,,
IMU,16028,,,,,,,,0.0906,-0.0081,9.7283,-0.0005,-0.0005,-0.0016,27.93,,,,,,,,,,,
IMU,16038,,,,,,,,0.0766,-0.0251,9.7474,0.0000,-0.0019,-0.0013,27.93,,,,,,,,,,,
IMU,16048,,,,,,,,0.0974,0.0159,9.7335,0.0005,-0.0011,0.0000,27.93,,,,,,,,,,,
IMU,16058,,,,,,,,0.1046,0.0269,9.7141,-0.0005,-0.0005,0.0000,27.93,,,,,,,,,,,
IMU,16068,,,,,,,,0.1215,-0.0084,9.7444,-0.0008,-0.0008,-0.0008,27.92,,,,,,,,,,,
IMU,16078,,,,,,,,0.1344,0.0063,9.7587,0.0008,-0.0011,-0.0016,27.92,,,,,,,,,,,
IMU,16088,,,,,,,,0.1120,0.0455,9.7295,0.0003,-0.0005,-0.0021,27.92,,,,,,,,,,,
IMU,16098,,,,,,,,0.0754,0.0151,9.7319,-0.0013,-0.0005,-0.0021,27.92,,,,,,,,,,,
IMU,16108,,,,,,,,0.0736,-0.0138,9.7534,-0.0011,-0.0011,-0.0016,27.92,,,,,,,,,,,
IMU,16118,,,,,,,,0.0986,0.0001,9.7486,0.0003,-0.0013,-0.0003,27.92,,,,,,,,,,,
IMU,16128,,,,,,,,0.1245,0.0280,9.7236,-0.0008,-0.0008,0.0003,27.92,,,,,,,,,,,
IMU,16138,,,,,,,,0.1230,-0.0171,9.7323,-0.0013,-0.0013,-0.0013,27.92,,,,,,,,,,,
IMU,16148,,,,,,,,0.1235,-0.0274,9.7450,0.0011,-0.0016,-0.0008,27.92,,,,,,,,,,,
IMU,16158,,,,,,,,0.1070,0.0081,9.7301,0.0013,-0.0013,-0.0003,27.92,,,,,,,,,,,
IMU,16168,,,,,,,,0.0750,0.0018,9.7349,-0.0013,-0.0011,-0.0013,27.92,,,,,,,,,,,
IMU,16179,,,,,,,,0.0698,-0.0242,9.7528,-0.0003,-0.0005,-0.0003,27.92,,,,,,,,,,,
IMU,16189,,,,,,,,0.0943,0.0069,9.7328,0.0016,-0.0003,0.0005,27.92,,,,,,,,,,,
IMU,16199,,,,,,,,0.1052,0.0331,9.7109,-0.0005,-0.0011,-0.0003,27.92,,,,,,,,,,,
IMU,16209,,,,,,,,0.1172,-0.0025,9.7423,-0.0016,-0.0011,-0.0013,27.92,,,,,,,,,,,
IMU,16219,,,,,,,,0.1286,-0.0051,9.7636,0.0008,-0.0011,-0.0013,27.92,,,,,,,,,,,
IMU,16229,,,,,,,,0.1192,0.0349,9.7257,-0.0000,-0.0005,-0.0011,27.92,,,,,,,,,,,
IMU,16239,,,,,,,,0.0895,0.0189,9.7259,-0.0021,0.0000,0.0000,27.92,,,,,,,,,,,
IMU,16249,,,,,,,,0.0822,-0.0126,9.7563,-0.0003,-0.0008,-0.0003,27.92,,,,,,,,,,,
IMU,16259,,,,,,,,0.1054,0.0145,9.7486,0.0011,-0.0005,-0.0005,27.92,,,,,,,,,,,
IMU,16269,,,,,,,,0.1070,0.0298,9.7209,-0.0008,-0.0003,-0.0003,27.92,,,,,,,,,,,
IMU,16279,,,,,,,,0.1153,-0.0075,9.7374,-0.0019,-0.0011,-0.0013,27.92,,,,,,,,,,,
IMU,16289,,,,,,,,0.1260,-0.0033,9.7521,0.0011,-0.0019,-0.0013,27.92,,,,,,,,,,,
IMU,16299,,,,,,,,0.1132,0.0379,9.7355,0.0008,-0.0013,-0.0003,27.92,,,,,,,,,,,
IMU,16309,,,,,,,,0.0912,0.0096,9.7393,-0.0021,-0.0005,-0.0008,27.92,,,,,,,,,,,
IMU,16319,,,,,,,,0.0852,-0.0268,9.7563,0.0000,-0.0011,-0.0011,27.92,,,,,,,,,,,
IMU,16329,,,,,,,,0.1024,0.0055,9.7328,0.0019,-0.0005,-0.0003,27.92,,,,,,,,,,,
IMU,16339,,,,,,,,0.1087,0.0159,9.7176,-0.0003,-0.0005,-0.0011,27.92,,,,,,,,,,,
IMU,16349,,,,,,,,0.1190,-0.0211,9.7530,-0.0011,-0.0013,-0.0011,27.92,,,,,,,,,,,
IMU,16359,,,,,,,,0.1293,-0.0108,9.7576,0.0008,-0.0005,-0.0000,27.92,,,,,,,,,,,
IMU,16369,,,,,,,,0.1168,0.0346,9.7227,0.0003,-0.0003,-0.0005,27.92,,,,,,,,,,,
IMU,16379,,,,,,,,0.0841,0.0061,9.7292,-0.0013,-0.0013,-0.0016,27.92,,,,,,,,,,,
IMU,16389,,,,,,,,0.0798,-0.0142,9.7521,0.0003,-0.0019,-0.0013,27.92,,,,,,,,,,,
IMU,16399,,,,,,,,0.1027,0.0168,9.7344,0.0008,-0.0008,-0.0011,27.92,,,,,,,,,,,
IMU,16409,,,,,,,,0.1175,0.0235,9.7203,-0.0013,-0.0003,-0.0013,27.92,,,,,,,,,,,
IMU,16419,,,,,,,,0.1245,-0.0177,9.7401,-0.0011,-0.0008,-0.0016,27.92,,,,,,,,,,,
IMU,16429,,,,,,,,0.1314,-0.0073,9.7477,0.0013,-0.0016,-0.0008,27.92,,,,,,,,,,,
IMU,16439,,,,,,,,0.1088,0.0242,9.7402,0.0000,-0.0005,-0.0005,27.92,,,,,,,,,,,
IMU,16449,,,,,,,,0.0829,-0.0064,9.7497,-0.0011,-0.0011,-0.0005,27.92,,,,,,,,,,,
IMU,16460,,,,,,,,0.0799,-0.0247,9.7584,0.0008,-0.0013,-0.0005,27.92,,,,,,,,,,,
IMU,16470,,,,,,,,0.0983,0.0201,9.7323,0.0016,-0.0005,-0.0011,27.92,,,,,,,,,,,
IMU,16480,,,,,,,,0.1046,0.0205,9.7166,-0.0005,-0.0005,-0.0011,27.92,,,,,,,,,,,
IMU,16490,,,,,,,,0.1196,-0.0169,9.7423,-0.0003,-0.0016,-0.0008,27.92,,,,,,,,,,,
IMU,16500,,,,,,,,0.1353,0.0001,9.7399,0.0011,-0.0005,-0.0008,27.92,,,,,,,,,,,
IMU,16510,,,,,,,,0.1051,0.0216,9.7149,0.0003,-0.0008,-0.0013,27.92,,,,,,,,,,,
IMU,16520,,,,,,,,0.0648,-0.0189,9.7350,-0.0008,-0.0021,-0.0011,27.92,,,,,,,,,,,
IMU,16530,,,,,,,,0.0639,-0.0308,9.7551,0.0008,-0.0024,-0.0011,27.92,,,,,,,,,,,
IMU,16540,,,,,,,,0.0922,0.0039,9.7308,0.0008,-0.0003,-0.0003,27.92,,,,,,,,,,,
IMU,16550,,,,,,,,0.1169,0.0015,9.7269,-0.0011,-0.0003,-0.0008,27.92,,,,,,,,,,,
IMU,16560,,,,,,,,0.1477,-0.0305,9.7495,-0.0005,-0.0019,-0.0008,27.92,,,,,,,,,,,
IMU,16570,,,,,,,,0.1615,0.0001,9.7474,0.0005,-0.0016,-0.0008,27.92,,,,,,,,,,,
IMU,16580,,,,,,,,0.1287,0.0382,9.7262,-0.0003,0.0000,-0.0019,27.92,,,,,,,,,,,
IMU,16590,,,,,,,,0.0897,0.0078,9.7376,-0.0013,-0.0005,-0.0021,27.92,,,,,,,,,,,
IMU,16600,,,,,,,,0.0817,0.0019,9.7561,0.0013,-0.0016,-0.0008,27.92,,,,,,,,,,,
IMU,16610,,,,,,,,0.0870,0.0415,9.7323,0.0011,0.0000,0.0000,27.92,,,,,,,,,,,
IMU,16620,,,,,,,,0.0965,0.0304,9.7275,-0.0016,-0.0003,0.0008,27.92,,,,,,,,,,,
IMU,16630,,,,,,,,0.1177,-0.0202,9.7528,-0.0008,-0.0013,0.0000,27.92,,,,,,,,,,,
IMU,16640,,,,,,,,0.1367,0.0007,9.7468,0.0011,-0.0008,-0.0005,27.92,,,,,,,,,,,
IMU,16650,,,,,,,,0.1114,0.0159,9.7272,-0.0011,-0.0003,-0.0008,27.92,,,,,,,,,,,
IMU,16660,,,,,,,,0.0807,-0.0235,9.7384,-0.0011,-0.0013,-0.0011,27.92,,,,,,,,,,,
IMU,16670,,,,,,,,0.0823,-0.0275,9.7491,0.0005,-0.0016,-0.0003,27.92,,,,,,,,,,,
IMU,16680,,,,,,,,0.1003,0.0144,9.7223,0.0005,-0.0011,0.0000,27.92,,,,,,,,,,,
IMU,16690,,,,,,,,0.1108,-0.0006,9.7349,-0.0013,-0.0011,-0.0008,27.92,,,,,,,,,,,
IMU,16700,,,,,,,,0.1307,-0.0237,9.7708,0.0000,-0.0011,-0.0016,27.92,,,,,,,,,,,
IMU,16710,,,,,,,,0.1379,0.0124,9.7512,0.0019,-0.0011,-0.0013,27.92,,,,,,,,,,,
IMU,16720,,,,,,,,0.1066,0.0269,9.7247,-0.0003,0.0000,-0.0016,27.92,,,,,,,,,,,
IMU,16730,,,,,,,,0.0689,-0.0084,9.7383,-0.0011,-0.0013,-0.0021,27.92,,,,,,,,,,,
IMU,16741,,,,,,,,0.0750,0.0045,9.7411,0.0011,-0.0019,-0.0008,27.92,,,,,,,,,,,
IMU,16751,,,,,,,,0.0973,0.0343,9.7160,0.0000,-0.0011,-0.0005,27.92,,,,,,,,,,,
IMU,16761,,,,,,,,0.1066,0.0096,9.7257,-0.0019,-0.0013,-0.0005,27.92,,,,,,,,,,,
IMU,16771,,,,,,,,0.1305,-0.0293,9.7516,0.0000,-0.0016,-0.0005,27.92,,,,,,,,,,,
IMU,16781,,,,,,,,0.1319,0.0045,9.7429,0.0011,-0.0011,-0.0005,27.92,,,,,,,,,,,
IMU,16791,,,,,,,,0.1061,0.0094,9.7320,-0.0013,-0.0013,-0.0005,27.92,,,,,,,,,,,
IMU,16801,,,,,,,,0.0840,-0.0299,9.7563,-0.0019,-0.0016,-0.0005,27.92,,,,,,,,,,,
IMU,16811,,,,,,,,0.0957,-0.0145,9.7500,0.0011,-0.0008,-0.0005,27.92,,,,,,,,,,,
IMU,16821,,,,,,,,0.0988,0.0326,9.7111,0.0000,0.0003,-0.0005,27.92,,,,,,,,,,,
IMU,16831,,,,,,,,0.1055,0.0153,9.7266,-0.0013,-0.0005,-0.0003,27.92,,,,,,,,,,,
IMU,16841,,,,,,,,0.1245,-0.0034,9.7482,0.0000,-0.0016,-0.0005,27.92,,,,,,,,,,,
IMU,16851,,,,,,,,0.1193,0.0317,9.7272,0.0011,-0.0005,-0.0011,27.92,,,,,,,,,,,
IMU,16861,,,,,,,,0.0995,0.0341,9.7142,-0.0011,-0.0000,-0.0013,27.92,,,,,,,,,,,
IMU,16871,,,,,,,,0.0861,-0.0046,9.7398,-0.0013,-0.0013,-0.0013,27.92,,,,,,,,,,,
IMU,16881,,,,,,,,0.1063,0.0061,9.7522,0.0008,-0.0016,-0.0005,27.92,,,,,,,,,,,
IMU,16891,,,,,,,,0.1186,0.0295,9.7373,0.0003,-0.0008,-0.0005,27.92,,,,,,,,,,,
IMU,16901,,,,,,,,0.1215,-0.0055,9.7423,-0.0011,-0.0003,-0.0005,27.92,,,,,,,,,,,
IMU,16911,,,,,,,,0.1286,-0.0262,9.7525,0.0005,-0.0011,-0.0013,27.92,,,,,,,,,,,
IMU,16921,,,,,,,,0.1203,0.0106,9.7371,0.0013,0.0000,-0.0005,27.92,,,,,,,,,,,
IMU,16931,,,,,,,,0.0976,0.0081,9.7331,-0.0008,0.0005,-0.0005,27.92,,,,,,,,,,,
IMU,16941,,,,,,,,0.0870,-0.0320,9.7540,-0.0005,-0.0005,-0.0013,27.92,,,,,,,,,,,
IMU,16951,,,,,,,,0.0918,-0.0063,9.7355,0.0019,-0.0003,-0.0016,27.92,,,,,,,,,,,
IMU,16961,,,,,,,,0.0995,0.0338,9.7102,0.0000,0.0000,-0.0013,27.92,,,,,,,,,,,
IMU,16971,,,,,,,,0.1195,0.0064,9.7356,-0.0008,-0.0016,-0.0016,27.92,,,,,,,,,,,
IMU,16981,,,,,,,,0.1365,0.0016,9.7642,0.0008,-0.0011,-0.0008,27.92,,,,,,,,,,,
IMU,16991,,,,,,,,0.1359,0.0482,9.7440,0.0011,-0.0003,-0.0005,27.92,,,,,,,,,,,
IMU,17002,,,,,,,,0.0951,0.0382,9.7325,-0.0008,-0.0005,-0.0019,27.92,,,,,,,,,,,
IMU,17012,,,,,,,,0.0778,-0.0148,9.7393,-0.0005,-0.0013,-0.0013,27.92,,,,,,,,,,,
IMU,17022,,,,,,,,0.0939,-0.0012,9.7364,0.0008,-0.0011,-0.0005,27.92,,,,,,,,,,,
IMU,17032,,,,,,,,0.1033,0.0248,9.7155,-0.0013,-0.0005,-0.0008,27.92,,,,,,,,,,,
IMU,17042,,,,,,,,0.1138,-0.0186,9.7389,-0.0019,-0.0019,-0.0019,27.92,,,,,,,,,,,
IMU,17052,,,,,,,,0.1286,-0.0311,9.7501,0.0003,-0.0016,-0.0013,27.92,,,,,,,,,,,
IMU,17062,,,,,,,,0.1111,0.0006,9.7310,0.0008,-0.0008,-0.0003,27.92,,,,,,,,,,,
IMU,17072,,,,,,,,0.0774,-0.0102,9.7453,-0.0008,-0.0008,-0.0013,27.92,,,,,,,,,,,
IMU,17082,,,,,,,,0.0760,-0.0392,9.7685,0.0003,-0.0013,-0.0011,27.92,,,,,,,,,,,
IMU,17092,,,,,,,,0.0967,-0.0013,9.7346,0.0019,-0.0008,0.0008,27.92,,,,,,,,,,,
IMU,17102,,,,,,,,0.1124,0.0247,9.7102,0.0005,-0.0005,-0.0003,27.92,,,,,,,,,,,
IMU,17112,,,,,,,,0.1328,-0.0027,9.7464,-0.0008,-0.0008,-0.0008,27.92,,,,,,,,,,,
IMU,17122,,,,,,,,0.1403,0.0088,9.7582,0.0013,-0.0013,-0.0003,27.92,,,,,,,,,,,
IMU,17132,,,,,,,,0.1314,0.0454,9.7371,0.0008,0.0000,-0.0003,27.92,,,,,,,,,,,
IMU,17142,,,,,,,,0.0882,0.0320,9.7317,-0.0019,0.0005,-0.0016,27.92,,,,,,,,,,,
IMU,17152,,,,,,,,0.0732,-0.0163,9.7531,-0.0011,-0.0013,-0.0016,27.92,,,,,,,,,,,
IMU,17162,,,,,,,,0.1019,0.0087,9.7411,0.0008,-0.0016,-0.0008,27.92,,,,,,,,,,,
IMU,17172,,,,,,,,0.1051,0.0377,9.7226,-0.0016,-0.0008,-0.0011,27.92,,,,,,,,,,,
IMU,17182,,,,,,,,0.1193,-0.0145,9.7515,-0.0019,-0.0011,-0.0008,27.92,,,,,,,,,,,
IMU,17192,,,,,,,,0.1413,-0.0266,9.7600,0.0008,-0.0019,-0.0011,27.92,,,,,,,,,,,
IMU,17202,,,,,,,,0.1401,0.0245,9.7281,0.0005,-0.0013,-0.0019,27.92,,,,,,,,,,,
IMU,17212,,,,,,,,0.0948,0.0105,9.7338,-0.0016,-0.0005,-0.0019,27.92,,,,,,,,,,,
IMU,17222,,,,,,,,0.0684,-0.0388,9.7605,0.0000,-0.0008,-0.0008,27.92,,,,,,,,,,,
IMU,17232,,,,,,,,0.0823,-0.0046,9.7271,0.0021,-0.0003,0.0000,27.92,,,,,,,,,,,
IMU,17242,,,,,,,,0.0843,0.0283,9.7030,-0.0003,-0.0003,0.0003,27.92,,,,,,,,,,,
IMU,17252,,,,,,,,0.1105,-0.0117,9.7458,-0.0016,-0.0013,0.0000,27.92,,,,,,,,,,,
IMU,17263,,,,,,,,0.1419,-0.0073,9.7618,0.0016,-0.0013,0.0000,27.92,,,,,,,,,,,
IMU,17272,,,,,,,,0.1367,0.0503,9.7212,0.0013,-0.0003,-0.0005,27.92,,,,,,,,,,,
IMU,17283,,,,,,,,0.0961,0.0240,9.7248,-0.0011,-0.0011,-0.0013,27.92,,,,,,,,,,,
IMU,17293,,,,,,,,0.0834,-0.0171,9.7534,-0.0008,-0.0016,-0.0019,27.92,,,,,,,,,,,
IMU,17303,,,,,,,,0.1039,0.0121,9.7314,0.0011,-0.0008,0.0000,27.92,,,,,,,,,,,
IMU,17313,,,,,,,,0.1040,0.0305,9.7214,-0.0008,0.0003,0.0000,27.92,,,,,,,,,,,
IMU,17323,,,,,,,,0.1126,-0.0192,9.7516,-0.0011,-0.0003,-0.0005,27.92,,,,,,,,,,,
IMU,17333,,,,,,,,0.1308,-0.0190,9.7527,0.0013,-0.0011,-0.0011,27.92,,,,,,,,,,,
IMU,17343,,,,,,,,0.1135,0.0247,9.7313,0.0005,-0.0005,-0.0013,27.92,,,,,,,,,,,
IMU,17353,,,,,,,,0.0760,-0.0103,9.7373,-0.0019,-0.0008,-0.0019,27.92,,,,,,,,,,,
IMU,17363,,,,,,,,0.0829,-0.0486,9.7495,0.0003,-0.0013,-0.0013,27.92,,,,,,,,,,,
IMU,17373,,,,,,,,0.1052,0.0021,9.7191,0.0013,-0.0005,0.0003,27.92,,,,,,,,,,,
IMU,17383,,,,,,,,0.1172,0.0260,9.7079,-0.0005,0.0000,0.0000,27.92,,,,,,,,,,,
IMU,17393,,,,,,,,0.1286,-0.0183,9.7533,-0.0000,-0.0019,-0.0008,27.92,,,,,,,,,,,
IMU,17403,,,,,,,,0.1461,-0.0063,9.7603,0.0016,-0.0016,-0.0011,27.92,,,,,,,,,,,
IMU,17413,,,,,,,,0.1178,0.0356,9.7278,0.0005,0.0000,-0.0016,27.92,,,,,,,,,,,
IMU,17423,,,,,,,,0.0747,0.0009,9.7417,-0.0013,-0.0005,-0.0019,27.92,,,,,,,,,,,
IMU,17433,,,,,,,,0.0801,-0.0169,9.7593,0.0011,-0.0013,-0.0008,27.92,,,,,,,,,,,
IMU,17443,,,,,,,,0.0991,0.0332,9.7248,0.0011,-0.0003,-0.0008,27.92,,,,,,,,,,,
IMU,17453,,,,,,,,0.1111,0.0325,9.7040,-0.0019,0.0003,-0.0016,27.92,,,,,,,,,,,
IMU,17463,,,,,,,,0.1298,-0.0186,9.7411,-0.0016,-0.0013,-0.0016,27.92,,,,,,,,,,,
IMU,17473,,,,,,,,0.1412,-0.0042,9.7477,0.0016,-0.0011,-0.0016,27.92,,,,,,,,,,,
IMU,17483,,,,,,,,0.1112,0.0244,9.7226,0.0003,0.0000,-0.0013,27.92,,,,,,,,,,,
IMU,17493,,,,,,,,0.0786,-0.0210,9.7540,-0.0019,-0.0011,-0.0013,27.92,,,,,,,,,,,
IMU,17503,,,,,,,,0.0822,-0.0458,9.7684,0.0008,-0.0013,0.0000,27.92,,,,,,,,,,,
IMU,17513,,,,,,,,0.1027,0.0138,9.7314,0.0011,0.0000,0.0000,27.92,,,,,,,,,,,
IMU,17523,,,,,,,,0.1135,0.0189,9.7242,-0.0008,-0.0005,-0.0003,27.92,,,,,,,,,,,
IMU,17533,,,,,,,,0.1272,-0.0166,9.7525,0.0003,-0.0013,-0.0005,27.92,,,,,,,,,,,
IMU,17543,,,,,,,,0.1335,0.0160,9.7361,0.0013,-0.0008,0.0000,27.92,,,,,,,,,,,
IMU,17553,,,,,,,,0.1087,0.0457,9.7115,-0.0005,0.0000,-0.0013,27.92,,,,,,,,,,,
IMU,17564,,,,,,,,0.0807,-0.0004,9.7507,-0.0016,-0.0016,-0.0016,27.92,,,,,,,,,,,
IMU,17574,,,,,,,,0.0961,-0.0127,9.7672,0.0003,-0.0016,-0.0008,27.92,,,,,,,,,,,
IMU,17584,,,,,,,,0.1094,0.0329,9.7293,0.0003,0.0003,-0.0003,27.92,,,,,,,,,,,
IMU,17594,,,,,,,,0.1076,0.0096,9.7290,-0.0021,0.0000,-0.0016,27.92,,,,,,,,,,,
IMU,17604,,,,,,,,0.1242,-0.0314,9.7584,-0.0003,-0.0021,-0.0008,27.92,,,,,,,,,,,
IMU,17614,,,,,,,,0.1284,0.0045,9.7455,0.0016,-0.0013,-0.0003,27.92,,,,,,,,,,,
IMU,17624,,,,,,,,0.0973,0.0225,9.7233,-0.0005,-0.0008,-0.0005,27.92,,,,,,,,,,,
IMU,17634,,,,,,,,0.0834,-0.0198,9.7396,-0.0011,-0.0013,-0.0005,27.92,,,,,,,,,,,
IMU,17644,,,,,,,,0.0976,-0.0175,9.7443,0.0021,-0.0005,-0.0005,27.92,,,,,,,,,,,
IMU,17654,,,,,,,,0.1141,0.0214,9.7244,0.0008,0.0003,-0.0008,27.92,,,,,,,,,,,
IMU,17664,,,,,,,,0.1165,0.0006,9.7476,-0.0021,-0.0005,-0.0008,27.92,,,,,,,,,,,
IMU,17674,,,,,,,,0.1271,-0.0248,9.7805,-0.0003,-0.0016,-0.0013,27.92,,,,,,,,,,,
IMU,17684,,,,,,,,0.1353,0.0193,9.7462,0.0008,-0.0003,-0.0011,27.92,,,,,,,,,,,
IMU,17694,,,,,,,,0.0960,0.0323,9.7251,-0.0013,0.0003,-0.0008,27.92,,,,,,,,,,,
IMU,17704,,,,,,,,0.0775,-0.0177,9.7437,-0.0016,-0.0011,-0.0011,27.92,,,,,,,,,,,
IMU,17714,,,,,,,,0.0933,-0.0205,9.7392,0.0008,-0.0013,0.0000,27.92,,,,,,,,,,,
IMU,17724,,,,,,,,0.1003,0.0219,9.7046,0.0000,-0.0003,-0.0005,27.92,,,,,,,,,,,
IMU,17734,,,,,,,,0.1009,-0.0052,9.7220,-0.0019,-0.0011,-0.0008,27.92,,,,,,,,,,,
IMU,17744,,,,,,,,0.1242,-0.0346,9.7663,0.0003,-0.0021,-0.0005,27.92,,,,,,,,,,,
IMU,17754,,,,,,,,0.1322,0.0072,9.7584,0.0019,-0.0016,-0.0008,27.92,,,,,,,,,,,
IMU,17764,,,,,,,,0.0979,0.0184,9.7450,-0.0008,-0.0003,-0.0016,27.92,,,,,,,,,,,
IMU,17774,,,,,,,,0.0777,-0.0248,9.7608,-0.0008,-0.0011,-0.0013,27.92,,,,,,,,,,,
IMU,17784,,,,,,,,0.0960,-0.0144,9.7474,0.0013,-0.0008,-0.0011,27.92,,,,,,,,,,,
IMU,17794,,,,,,,,0.1064,0.0370,9.7138,0.0003,-0.0003,-0.0003,27.92,,,,,,,,,,,
IMU,17804,,,,,,,,0.1061,0.0157,9.7298,-0.0016,-0.0005,-0.0008,27.92,,,,,,,,,,,
IMU,17814,,,,,,,,0.1245,-0.0066,9.7527,0.0003,-0.0011,0.0000,27.92,,,,,,,,,,,
IMU,17824,,,,,,,,0.1359,0.0245,9.7365,0.0019,-0.0005,0.0003,27.92,,,,,,,,,,,
IMU,17835,,,,,,,,0.1018,0.0370,9.7166,-0.0003,-0.0003,-0.0005,27.92,,,,,,,,,,,
IMU,17845,,,,,,,,0.0874,-0.0151,9.7552,-0.0013,-0.0013,-0.0008,27.92,,,,,,,,,,,
IMU,17855,,,,,,,,0.0965,-0.0165,9.7672,0.0003,-0.0011,-0.0008,27.92,,,,,,,,,,,
IMU,17865,,,,,,,,0.1108,0.0308,9.7239,0.0005,-0.0000,-0.0005,27.92,,,,,,,,,,,
IMU,17875,,,,,,,,0.1215,0.0058,9.7259,-0.0011,-0.0008,-0.0003,27.92,,,,,,,,,,,
IMU,17885,,,,,,,,0.1391,-0.0272,9.7572,0.0005,-0.0021,-0.0016,27.92,,,,,,,,,,,
IMU,17895,,,,,,,,0.1371,0.0127,9.7419,0.0011,-0.0011,-0.0024,27.92,,,,,,,,,,,
IMU,17905,,,,,,,,0.0907,0.0217,9.7067,-0.0011,-0.0005,-0.0027,27.92,,,,,,,,,,,
IMU,17915,,,,,,,,0.0710,-0.0308,9.7340,-0.0016,-0.0016,-0.0021,27.92,,,,,,,,,,,
IMU,17925,,,,,,,,0.0853,-0.0193,9.7420,0.0011,-0.0016,-0.0011,27.92,,,,,,,,,,,
IMU,17935,,,,,,,,0.1027,0.0301,9.7194,0.0000,-0.0011,-0.0011,27.92,,,,,,,,,,,
IMU,17945,,,,,,,,0.1209,0.0076,9.7479,-0.0013,-0.0013,-0.0016,27.92,,,,,,,,,,,
IMU,17955,,,,,,,,0.1421,-0.0199,9.7661,0.0011,-0.0021,-0.0005,27.92,,,,,,,,,,,
IMU,17965,,,,,,,,0.1335,0.0163,9.7350,0.0011,-0.0008,-0.0005,27.92,,,,,,,,,,,
IMU,17975,,,,,,,,0.0943,0.0262,9.7298,-0.0013,-0.0003,-0.0008,27.92,,,,,,,,,,,
IMU,17985,,,,,,,,0.0719,-0.0160,9.7599,-0.0011,-0.0013,-0.0013,27.92,,,,,,,,,,,
IMU,17995,,,,,,,,0.0915,0.0054,9.7356,0.0011,-0.0013,0.0003,27.92,,,,,,,,,,,
IMU,18005,,,,,,,,0.1060,0.0389,9.7003,-0.0003,-0.0008,0.0000,27.92,,,,,,,,,,,
IMU,18015,,,,,,,,0.1156,0.0036,9.7341,-0.0016,-0.0016,-0.0008,27.92,,,,,,,,,,,
IMU,18025,,,,,,,,0.1367,-0.0159,9.7834,0.0008,-0.0019,-0.0008,27.92,,,,,,,,,,,
IMU,18035,,,,,,,,0.1226,0.0241,9.7543,0.0016,0.0005,-0.0008,27.92,,,,,,,,,,,
IMU,18045,,,,,,,,0.0730,0.0138,9.7322,-0.0016,0.0000,-0.0019,27.92,,,,,,,,,,,
IMU,18055,,,,,,,,0.0533,-0.0427,9.7536,-0.0011,-0.0016,-0.0016,27.92,,,,,,,,,,,
IMU,18065,,,,,,,,0.0817,-0.0154,9.7419,0.0013,-0.0013,-0.0011,27.92,,,,,,,,,,,
IMU,18075,,,,,,,,0.0995,0.0286,9.7051,-0.0003,-0.0000,-0.0005,27.95,,,,,,,,,,,
IMU,18085,,,,,,,,0.1205,-0.0117,9.7284,-0.0024,-0.0011,-0.0013,27.95,,,,,,,,,,,
IMU,18095,,,,,,,,0.1471,-0.0257,9.7476,0.0005,-0.0019,-0.0005,27.95,,,,,,,,,,,
IMU,18106,,,,,,,,0.1329,0.0334,9.7220,0.0011,-0.0005,-0.0008,27.95,,,,,,,,,,,
IMU,18116,,,,,,,,0.0907,0.0190,9.7319,-0.0013,0.0000,-0.0024,27.95,,,,,,,,,,,
IMU,18126,,,,,,,,0.0786,-0.0210,9.7691,-0.0008,-0.0013,-0.0016,27.95,,,,,,,,,,,
IMU,18136,,,,,,,,0.1012,0.0157,9.7488,0.0016,-0.0011,-0.0008,27.95,,,,,,,,,,,
IMU,18146,,,,,,,,0.1168,0.0506,9.7079,-0.0003,-0.0000,-0.0013,27.95,,,,,,,,,,,
IMU,18156,,,,,,,,0.1266,-0.0001,9.7383,-0.0016,-0.0019,-0.0011,27.95,,,,,,,,,,,
IMU,18166,,,,,,,,0.1340,-0.0117,9.7576,0.0003,-0.0024,-0.0008,27.95,,,,,,,,,,,
IMU,18176,,,,,,,,0.1100,0.0260,9.7211,0.0008,0.0000,-0.0019,27.95,,,,,,,,,,,
IMU,18186,,,,,,,,0.0711,0.0013,9.7184,-0.0019,-0.0003,-0.0021,27.95,,,,,,,,,,,
IMU,18196,,,,,,,,0.0726,-0.0475,9.7603,-0.0005,-0.0011,-0.0008,27.95,,,,,,,,,,,
IMU,18206,,,,,,,,0.1016,-0.0006,9.7564,0.0016,-0.0005,0.0000,27.95,,,,,,,,,,,
IMU,18216,,,,,,,,0.1174,0.0228,9.7244,-0.0008,-0.0005,-0.0008,27.95,,,,,,,,,,,
IMU,18226,,,,,,,,0.1299,-0.0286,9.7503,-0.0011,-0.0008,-0.0011,27.95,,,,,,,,,,,
IMU,18236,,,,,,,,0.1362,-0.0219,9.7563,0.0019,-0.0005,-0.0011,27.95,,,,,,,,,,,
IMU,18246,,,,,,,,0.1105,0.0308,9.7145,0.0011,0.0005,-0.0011,27.95,,,,,,,,,,,
IMU,18256,,,,,,,,0.0689,0.0108,9.7193,-0.0013,-0.0008,-0.0013,27.95,,,,,,,,,,,
IMU,18266,,,,,,,,0.0813,-0.0138,9.7456,0.0005,-0.0019,-0.0005,27.95,,,,,,,,,,,
IMU,18276,,,,,,,,0.1030,0.0304,9.7206,0.0019,-0.0005,0.0000,27.95,,,,,,,,,,,
IMU,18286,,,,,,,,0.1168,0.0448,9.7109,-0.0005,-0.0003,-0.0016,27.95,,,,,,,,,,,
IMU,18296,,,,,,,,0.1308,-0.0099,9.7596,-0.0016,-0.0016,-0.0011,27.95,,,,,,,,,,,
IMU,18306,,,,,,,,0.1422,0.0013,9.7769,0.0005,-0.0011,-0.0003,27.95,,,,,,,,,,,
IMU,18316,,,,,,,,0.1183,0.0382,9.7387,0.0003,0.0003,-0.0005,27.95,,,,,,,,,,,
IMU,18326,,,,,,,,0.0811,-0.0061,9.7380,-0.0019,-0.0008,-0.0016,27.95,,,,,,,,,,,
IMU,18336,,,,,,,,0.0843,-0.0425,9.7507,-0.0008,-0.0008,-0.0016,27.95,,,,,,,,,,,
IMU,18346,,,,,,,,0.1000,0.0054,9.7220,0.0011,-0.0003,-0.0003,27.95,,,,,,,,,,,
IMU,18356,,,,,,,,0.0982,0.0084,9.7099,-0.0008,-0.0003,-0.0003,27.95,,,,,,,,,,,
IMU,18366,,,,,,,,0.1114,-0.0395,9.7435,-0.0005,-0.0005,-0.0005,27.95,,,,,,,,,,,
IMU,18376,,,,,,,,0.1338,-0.0105,9.7533,0.0027,-0.0005,-0.0008,27.95,,,,,,,,,,,
IMU,18387,,,,,,,,0.1070,0.0379,9.7356,0.0005,-0.0003,-0.0011,27.95,,,,,,,,,,,
IMU,18397,,,,,,,,0.0695,-0.0036,9.7564,-0.0019,-0.0008,-0.0016,27.95,,,,,,,,,,,
IMU,18407,,,,,,,,0.0769,-0.0171,9.7669,0.0003,-0.0016,-0.0019,27.95,,,,,,,,,,,
IMU,18417,,,,,,,,0.0954,0.0374,9.7281,0.0005,-0.0003,-0.0003,27.95,,,,,,,,,,,
IMU,18427,,,,,,,,0.1076,0.0296,9.7161,-0.0019,-0.0005,-0.0005,27.95,,,,,,,,,,,
IMU,18437,,,,,,,,0.1256,-0.0247,9.7497,-0.0003,-0.0016,-0.0008,27.95,,,,,,,,,,,
IMU,18447,,,,,,,,0.1344,-0.0033,9.7435,0.0013,-0.0008,-0.0005,27.95,,,,,,,,,,,
IMU,18457,,,,,,,,0.1082,0.0226,9.7205,-0.0008,-0.0003,-0.0021,27.95,,,,,,,,,,,
IMU,18467,,,,,,,,0.0847,-0.0232,9.7359,-0.0021,-0.0013,-0.0024,27.95,,,,,,,,,,,
IMU,18477,,,,,,,,0.0980,-0.0329,9.7587,0.0003,-0.0016,-0.0008,27.95,,,,,,,,,,,
IMU,18487,,,,,,,,0.1028,0.0269,9.7383,0.0005,-0.0008,-0.0003,27.95,,,,,,,,,,,
IMU,18497,,,,,,,,0.1061,0.0159,9.7298,-0.0019,-0.0008,-0.0003,27.95,,,,,,,,,,,
IMU,18507,,,,,,,,0.1293,-0.0133,9.7509,0.0000,-0.0021,-0.0011,27.95,,,,,,,,,,,
IMU,18517,,,,,,,,0.1434,0.0259,9.7411,0.0008,-0.0011,-0.0008,27.95,,,,,,,,,,,
IMU,18527,,,,,,,,0.1012,0.0473,9.7305,-0.0005,-0.0003,-0.0016,27.95,,,,,,,,,,,
IMU,18537,,,,,,,,0.0777,-0.0103,9.7489,-0.0016,-0.0005,-0.0016,27.95,,,,,,,,,,,
IMU,18547,,,,,,,,0.0829,-0.0072,9.7446,0.0005,-0.0008,-0.0011,27.95,,,,,,,,,,,
IMU,18557,,,,,,,,0.0843,0.0265,9.7121,0.0003,-0.0003,-0.0013,27.95,,,,,,,,,,,
IMU,18567,,,,,,,,0.0988,-0.0040,9.7367,-0.0021,-0.0008,-0.0013,27.95,,,,,,,,,,,
IMU,18577,,,,,,,,0.1358,-0.0400,9.7798,-0.0005,-0.0011,-0.0013,27.95,,,,,,,,,,,
IMU,18587,,,,,,,,0.1494,-0.0016,9.7585,0.0011,-0.0005,-0.0005,27.95,,,,,,,,,,,
IMU,18597,,,,,,,,0.1108,0.0136,9.7250,-0.0013,0.0000,-0.0008,27.95,,,,,,,,,,,
IMU,18607,,,,,,,,0.0811,-0.0410,9.7440,-0.0005,-0.0008,-0.0011,27.95,,,,,,,,,,,
IMU,18617,,,,,,,,0.0939,-0.0186,9.7404,0.0019,-0.0005,0.0003,27.95,,,,,,,,,,,
IMU,18627,,,,,,,,0.1006,0.0442,9.7175,0.0013,0.0000,0.0000,27.95,,,,,,,,,,,
IMU,18637,,,,,,,,0.1057,0.0223,9.7289,-0.0013,-0.0008,-0.0003,27.95,,,,,,,,,,,
IMU,18647,,,,,,,,0.1314,-0.0066,9.7578,0.0000,-0.0013,-0.0008,27.95,,,,,,,,,,,
IMU,18658,,,,,,,,0.1325,0.0419,9.7343,0.0008,-0.0003,-0.0011,27.95,,,,,,,,,,,
IMU,18668,,,,,,,,0.0892,0.0403,9.7093,-0.0027,0.0000,-0.0016,27.95,,,,,,,,,,,
IMU,18678,,,,,,,,0.0636,-0.0299,9.7594,-0.0021,-0.0019,-0.0016,27.95,,,,,,,,,,,
IMU,18688,,,,,,,,0.0903,-0.0257,9.7985,0.0016,-0.0011,-0.0003,27.95,,,,,,,,,,,
IMU,18698,,,,,,,,0.1117,0.0129,9.7471,0.0003,0.0003,-0.0011,27.95,,,,,,,,,,,
IMU,18708,,,,,,,,0.1308,-0.0248,9.7028,-0.0016,0.0003,-0.0016,27.95,,,,,,,,,,,
IMU,18718,,,,,,,,0.1512,-0.0467,9.7191,0.0011,0.0003,-0.0011,27.95,,,,,,,,,,,
IMU,18728,,,,,,,,0.1470,0.0093,9.7413,0.0024,0.0005,-0.0008,27.95,,,,,,,,,,,
IMU,18738,,,,,,,,0.1021,0.0229,9.7620,-0.0003,-0.0013,-0.0013,27.95,,,,,,,,,,,
IMU,18748,,,,,,,,0.0853,-0.0046,9.7789,0.0003,-0.0024,-0.0011,27.95,,,,,,,,,,,
IMU,18758,,,,,,,,0.0898,0.0265,9.7265,0.0027,-0.0011,-0.0008,27.95,,,,,,,,,,,
IMU,18768,,,,,,,,0.0853,0.0735,9.6832,0.0008,-0.0000,-0.0019,27.95,,,,,,,,,,,
IMU,18778,,,,,,,,0.0960,0.0244,9.7444,-0.0019,-0.0013,-0.0016,27.95,,,,,,,,,,,
IMU,18788,,,,,,,,0.1310,-0.0081,9.7768,0.0005,-0.0011,-0.0011,27.95,,,,,,,,,,,
IMU,18798,,,,,,,,0.1239,0.0290,9.7280,0.0013,0.0005,-0.0008,27.95,,,,,,,,,,,
IMU,18808,,,,,,,,0.0819,-0.0039,9.7127,-0.0021,-0.0008,-0.0013,27.95,,,,,,,,,,,
IMU,18818,,,,,,,,0.0756,-0.0587,9.7482,-0.0005,-0.0029,-0.0019,27.95,,,,,,,,,,,
IMU,18828,,,,,,,,0.0957,-0.0343,9.7438,0.0024,-0.0021,-0.0021,27.95,,,,,,,,,,,
IMU,18838,,,,,,,,0.1015,0.0048,9.7253,0.0008,-0.0005,-0.0005,27.95,,,,,,,,,,,
IMU,18848,,,,,,,,0.1087,-0.0341,9.7597,-0.0005,-0.0008,-0.0005,27.95,,,,,,,,,,,
IMU,18858,,,,,,,,0.1430,-0.0316,9.7715,0.0021,-0.0008,0.0008,27.95,,,,,,,,,,,
IMU,18868,,,,,,,,0.1410,0.0310,9.7373,0.0021,0.0000,0.0008,27.95,,,,,,,,,,,
IMU,18878,,,,,,,,0.0983,0.0305,9.7289,-0.0008,-0.0003,-0.0011,27.95,,,,,,,,,,,
IMU,18888,,,,,,,,0.0753,-0.0022,9.7335,0.0003,-0.0016,-0.0021,27.95,,,,,,,,,,,
IMU,18898,,,,,,,,0.0739,0.0374,9.7108,0.0011,-0.0011,-0.0016,27.95,,,,,,,,,,,
IMU,18908,,,,,,,,0.0795,0.0564,9.7061,-0.0016,-0.0003,-0.0008,27.95,,,,,,,,,,,
IMU,18918,,,,,,,,0.1010,0.0025,9.7530,-0.0024,-0.0016,-0.0003,27.95,,,,,,,,,,,
IMU,18929,,,,,,,,0.1453,-0.0084,9.7781,0.0000,-0.0016,0.0000,27.95,,,,,,,,,,,
IMU,18939,,,,,,,,0.1455,0.0195,9.7501,0.0000,-0.0003,0.0000,27.95,,,,,,,,,,,
IMU,18949,,,,,,,,0.1105,-0.0112,9.7337,-0.0024,0.0003,-0.0021,27.95,,,,,,,,,,,
IMU,18959,,,,,,,,0.0940,-0.0503,9.7329,-0.0005,-0.0013,-0.0016,27.95,,,,,,,,,,,
IMU,18969,,,,,,,,0.0910,-0.0043,9.7135,0.0008,-0.0011,-0.0008,27.95,,,,,,,,,,,
IMU,18979,,,,,,,,0.0951,0.0139,9.7233,-0.0011,-0.0011,-0.0005,27.95,,,,,,,,,,,
IMU,18989,,,,,,,,0.1166,-0.0260,9.7673,-0.0008,-0.0013,0.0003,27.95,,,,,,,,,,,
IMU,18999,,,,,,,,0.1425,0.0006,9.7596,0.0016,-0.0008,0.0011,27.95,,,,,,,,,,,
IMU,19009,,,,,,,,0.1212,0.0410,9.7295,0.0013,0.0000,-0.0005,27.95,,,,,,,,,,,
IMU,19019,,,,,,,,0.0847,0.0186,9.7435,-0.0008,-0.0005,-0.0021,27.95,,,,,,,,,,,
IMU,19029,,,,,,,,0.0810,0.0066,9.7512,0.0003,-0.0011,-0.0019,27.95,,,,,,,,,,,
IMU,19039,,,,,,,,0.0852,0.0445,9.7146,0.0005,-0.0000,-0.0003,27.95,,,,,,,,,,,
IMU,19049,,,,,,,,0.0945,0.0238,9.7105,-0.0024,-0.0005,0.0000,27.95,,,,,,,,,,,
IMU,19059,,,,,,,,0.1302,-0.0268,9.7609,-0.0011,-0.0024,-0.0005,27.95,,,,,,,,,,,
IMU,19069,,,,,,,,0.1624,-0.0120,9.7705,0.0011,-0.0011,-0.0003,27.95,,,,,,,,,,,
IMU,19079,,,,,,,,0.1350,0.0085,9.7425,0.0005,0.0003,-0.0013,27.95,,,,,,,,,,,
IMU,19089,,,,,,,,0.0983,-0.0371,9.7464,-0.0013,0.0000,-0.0024,27.95,,,,,,,,,,,
IMU,19099,,,,,,,,0.0850,-0.0430,9.7399,0.0011,-0.0011,-0.0021,27.95,,,,,,,,,,,
IMU,19109,,,,,,,,0.0870,0.0177,9.7100,0.0005,-0.0008,0.0000,27.95,,,,,,,,,,,
IMU,19119,,,,,,,,0.0906,0.0159,9.7220,-0.0019,-0.0013,-0.0003,27.95,,,,,,,,,,,
IMU,19129,,,,,,,,0.1220,-0.0115,9.7578,-0.0011,-0.0024,-0.0013,27.95,,,,,,,,,,,
IMU,19139,,,,,,,,0.1383,0.0211,9.7373,0.0011,-0.0011,-0.0011,27.95,,,,,,,,,,,
IMU,19149,,,,,,,,0.1150,0.0531,9.7206,-0.0003,-0.0005,-0.0016,27.95,,,,,,,,,,,
IMU,19159,,,,,,,,0.0979,0.0018,9.7491,-0.0008,-0.0016,-0.0013,27.95,,,,,,,,,,,
IMU,19169,,,,,,,,0.1007,-0.0003,9.7579,0.0005,-0.0008,-0.0011,27.95,,,,,,,,,,,
IMU,19179,,,,,,,,0.1015,0.0302,9.7287,-0.0005,0.0003,0.0000,27.95,,,,,,,,,,,
IMU,19189,,,,,,,,0.1013,0.0064,9.7275,-0.0021,-0.0003,-0.0008,27.95,,,,,,,,,,,
IMU,19199,,,,,,,,0.1247,-0.0314,9.7537,-0.0003,-0.0016,-0.0016,27.95,,,,,,,,,,,
IMU,19210,,,,,,,,0.1362,-0.0006,9.7468,0.0008,-0.0016,-0.0016,27.95,,,,,,,,,,,
IMU,19220,,,,,,,,0.1097,0.0079,9.7278,-0.0016,0.0000,-0.0016,27.95,,,,,,,,,,,
IMU,19230,,,,,,,,0.0850,-0.0308,9.7488,-0.0019,-0.0011,-0.0013,27.95,,,,,,,,,,,
IMU,19240,,,,,,,,0.0865,-0.0153,9.7443,0.0008,-0.0011,-0.0003,27.95,,,,,,,,,,,
IMU,19250,,,,,,,,0.0946,0.0269,9.7235,0.0008,0.0000,-0.0005,27.95,,,,,,,,,,,
IMU,19260,,,,,,,,0.1090,0.0033,9.7468,-0.0008,-0.0005,-0.0016,27.95,,,,,,,,,,,
IMU,19270,,,,,,,,0.1251,-0.0169,9.7681,0.0011,-0.0016,-0.0016,27.95,,,,,,,,,,,
IMU,19280,,,,,,,,0.1233,0.0259,9.7358,0.0013,-0.0011,-0.0008,27.95,,,,,,,,,,,
IMU,19290,,,,,,,,0.0986,0.0314,9.7295,-0.0005,-0.0011,-0.0011,27.95,,,,,,,,,,,
IMU,19300,,,,,,,,0.0880,-0.0105,9.7579,-0.0003,-0.0016,-0.0008,27.95,,,,,,,,,,,
IMU,19310,,,,,,,,0.0983,-0.0006,9.7420,0.0011,-0.0011,-0.0008,27.95,,,,,,,,,,,
IMU,19320,,,,,,,,0.0931,0.0298,9.7115,0.0000,0.0003,-0.0011,27.95,,,,,,,,,,,
IMU,19330,,,,,,,,0.0961,-0.0088,9.7284,-0.0008,-0.0005,-0.0013,27.95,,,,,,,,,,,
IMU,19340,,,,,,,,0.1298,-0.0320,9.7602,0.0003,-0.0016,-0.0011,27.95,,,,,,,,,,,
IMU,19350,,,,,,,,0.1397,0.0046,9.7527,0.0003,-0.0008,-0.0011,27.95,,,,,,,,,,,
IMU,19360,,,,,,,,0.1127,-0.0060,9.7483,-0.0019,-0.0008,-0.0005,27.95,,,,,,,,,,,
IMU,19370,,,,,,,,0.0918,-0.0359,9.7566,-0.0003,-0.0013,-0.0005,27.95,,,,,,,,,,,
IMU,19380,,,,,,,,0.0954,0.0009,9.7341,0.0016,-0.0013,-0.0005,27.95,,,,,,,,,,,
IMU,19390,,,,,,,,0.0958,0.0314,9.7111,-0.0003,-0.0008,-0.0013,27.95,,,,,,,,,,,
IMU,19400,,,,,,,,0.1079,-0.0048,9.7407,-0.0013,-0.0016,-0.0011,27.95,,,,,,,,,,,
IMU,19410,,,,,,,,0.1406,-0.0075,9.7563,0.0005,-0.0011,-0.0005,27.95,,,,,,,,,,,
IMU,19420,,,,,,,,0.1461,0.0389,9.7292,0.0008,-0.0005,-0.0008,27.95,,,,,,,,,,,
IMU,19430,,,,,,,,0.1141,0.0169,9.7331,-0.0011,-0.0008,-0.0005,27.95,,,,,,,,,,,
IMU,19440,,,,,,,,0.0937,-0.0216,9.7554,-0.0005,-0.0013,-0.0011,27.95,,,,,,,,,,,
IMU,19450,,,,,,,,0.0859,0.0108,9.7370,0.0008,-0.0005,-0.0011,27.95,,,,,,,,,,,
IMU,19460,,,,,,,,0.0814,0.0187,9.7203,-0.0013,-0.0005,-0.0011,27.95,,,,,,,,,,,
IMU,19471,,,,,,,,0.0986,-0.0207,9.7482,-0.0016,-0.0016,-0.0013,27.95,,,,,,,,,,,
IMU,19480,,,,,,,,0.1373,-0.0138,9.7590,0.0005,-0.0008,-0.0005,27.95,,,,,,,,,,,
IMU,19491,,,,,,,,0.1317,0.0208,9.7338,0.0008,0.0005,-0.0003,27.95,,,,,,,,,,,
IMU,19501,,,,,,,,0.1051,-0.0058,9.7361,-0.0019,-0.0003,-0.0008,27.95,,,,,,,,,,,
IMU,19511,,,,,,,,0.0970,-0.0223,9.7515,0.0003,-0.0013,-0.0011,27.95,,,,,,,,,,,
IMU,19521,,,,,,,,0.0958,0.0055,9.7340,0.0016,-0.0011,-0.0005,27.95,,,,,,,,,,,
IMU,19531,,,,,,,,0.0937,0.0329,9.7212,-0.0005,-0.0011,-0.0011,27.95,,,,,,,,,,,
IMU,19541,,,,,,,,0.1048,0.0015,9.7435,-0.0011,-0.0019,-0.0005,27.95,,,,,,,,,,,
IMU,19551,,,,,,,,0.1307,-0.0076,9.7593,0.0003,-0.0016,0.0005,27.95,,,,,,,,,,,
IMU,19561,,,,,,,,0.1295,0.0244,9.7347,-0.0003,-0.0008,0.0000,27.95,,,,,,,,,,,
IMU,19571,,,,,,,,0.1015,0.0108,9.7341,-0.0016,-0.0008,-0.0013,27.95,,,,,,,,,,,
IMU,19581,,,,,,,,0.0823,-0.0130,9.7407,-0.0003,-0.0011,-0.0019,27.95,,,,,,,,,,,
IMU,19591,,,,,,,,0.0859,0.0030,9.7163,0.0008,-0.0008,-0.0013,27.95,,,,,,,,,,,
IMU,19601,,,,,,,,0.0922,0.0129,9.7169,-0.0003,-0.0003,-0.0005,27.95,,,,,,,,,,,
IMU,19611,,,,,,,,0.1154,-0.0259,9.7585,0.0000,-0.0016,-0.0011,27.95,,,,,,,,,,,
IMU,19621,,,,,,,,0.1443,-0.0234,9.7717,0.0005,-0.0011,0.0000,27.95,,,,,,,,,,,
IMU,19631,,,,,,,,0.1427,0.0102,9.7401,0.0003,0.0000,-0.0003,27.95,,,,,,,,,,,
IMU,19641,,,,,,,,0.1046,-0.0025,9.7331,-0.0011,-0.0011,-0.0021,27.95,,,,,,,,,,,
IMU,19651,,,,,,,,0.0823,-0.0190,9.7440,0.0008,-0.0016,-0.0019,27.95,,,,,,,,,,,
IMU,19661,,,,,,,,0.0858,0.0229,9.7173,0.0008,-0.0005,-0.0008,27.95,,,,,,,,,,,
IMU,19671,,,,,,,,0.0846,0.0358,9.7028,-0.0008,0.0000,0.0000,27.95,,,,,,,,,,,
IMU,19681,,,,,,,,0.1093,0.0003,9.7370,-0.0005,-0.0013,-0.0005,27.95,,,,,,,,,,,
IMU,19691,,,,,,,,0.1347,0.0012,9.7518,0.0008,-0.0016,-0.0013,27.95,,,,,,,,,,,
IMU,19701,,,,,,,,0.1211,0.0219,9.7387,-0.0000,-0.0005,-0.0016,27.95,,,,,,,,,,,
IMU,19711,,,,,,,,0.0873,0.0108,9.7533,-0.0011,-0.0008,-0.0027,27.95,,,,,,,,,,,
IMU,19721,,,,,,,,0.0684,-0.0350,9.7750,-0.0008,-0.0008,-0.0016,27.95,,,,,,,,,,,
IMU,19731,,,,,,,,0.0883,0.0013,9.7385,0.0011,0.0003,-0.0008,27.95,,,,,,,,,,,
IMU,19741,,,,,,,,0.0985,0.0214,9.7051,-0.0008,0.0003,-0.0005,27.95,,,,,,,,,,,
IMU,19752,,,,,,,,0.1193,-0.0234,9.7405,-0.0011,-0.0019,-0.0003,27.95,,,,,,,,,,,
IMU,19762,,,,,,,,0.1510,-0.0156,9.7561,0.0016,-0.0016,-0.0003,27.95,,,,,,,,,,,
IMU,19772,,,,,,,,0.1358,0.0346,9.7220,0.0019,0.0003,-0.0005,27.95,,,,,,,,,,,
IMU,19782,,,,,,,,0.0837,0.0082,9.7287,-0.0008,0.0000,-0.0005,27.95,,,,,,,,,,,
IMU,19792,,,,,,,,0.0719,-0.0127,9.7570,0.0005,-0.0013,0.0000,27.95,,,,,,,,,,,
IMU,19802,,,,,,,,0.0934,0.0316,9.7381,0.0011,-0.0008,0.0000,27.95,,,,,,,,,,,
IMU,19812,,,,,,,,0.1006,0.0352,9.7280,-0.0013,-0.0003,-0.0008,27.95,,,,,,,,,,,
IMU,19822,,,,,,,,0.1286,-0.0253,9.7524,-0.0005,-0.0013,-0.0013,27.95,,,,,,,,,,,
IMU,19832,,,,,,,,0.1534,-0.0157,9.7534,0.0013,-0.0013,-0.0011,27.95,,,,,,,,,,,
IMU,19842,,,,,,,,0.1271,0.0272,9.7292,0.0000,-0.0008,-0.0013,27.95,,,,,,,,,,,
IMU,19852,,,,,,,,0.0823,-0.0151,9.7455,-0.0016,-0.0011,-0.0016,27.95,,,,,,,,,,,
IMU,19862,,,,,,,,0.0765,-0.0389,9.7501,0.0000,-0.0011,-0.0005,27.95,,,,,,,,,,,
IMU,19872,,,,,,,,0.0943,0.0237,9.7115,0.0013,0.0000,-0.0003,27.95,,,,,,,,,,,
IMU,19882,,,,,,,,0.1027,0.0278,9.7196,0.0000,0.0000,-0.0011,27.95,,,,,,,,,,,
IMU,19892,,,,,,,,0.1245,-0.0253,9.7696,-0.0008,-0.0013,-0.0005,27.95,,,,,,,,,,,
IMU,19902,,,,,,,,0.1447,-0.0019,9.7625,0.0016,-0.0019,0.0000,27.95,,,,,,,,,,,
IMU,19912,,,,,,,,0.1278,0.0376,9.7266,-0.0000,-0.0011,-0.0019,27.95,,,,,,,,,,,
IMU,19922,,,,,,,,0.0937,0.0019,9.7398,-0.0021,-0.0016,-0.0016,27.95,,,,,,,,,,,
IMU,19932,,,,,,,,0.0895,-0.0133,9.7485,0.0003,-0.0013,-0.0005,27.95,,,,,,,,,,,
IMU,19942,,,,,,,,0.0948,0.0368,9.7169,0.0008,-0.0005,0.0000,27.95,,,,,,,,,,,
IMU,19952,,,,,,,,0.0931,0.0180,9.7203,-0.0016,-0.0005,-0.0008,27.95,,,,,,,,,,,
IMU,19962,,,,,,,,0.1203,-0.0332,9.7531,-0.0003,-0.0021,-0.0008,27.95,,,,,,,,,,,
IMU,19972,,,,,,,,0.1415,0.0013,9.7426,0.0019,-0.0013,-0.0003,27.95,,,,,,,,,,,
IMU,19982,,,,,,,,0.1171,0.0229,9.7365,-0.0011,0.0000,-0.0005,27.95,,,,,,,,,,,
IMU,19992,,,,,,,,0.0922,-0.0283,9.7649,-0.0021,-0.0011,-0.0013,27.95,,,,,,,,,,,
IMU,20002,,,,,,,,0.0924,-0.0216,9.7540,0.0008,-0.0013,-0.0005,27.95,,,,,,,,,,,
IMU,20012,,,,,,,,0.0945,0.0323,9.7082,0.0011,-0.0003,-0.0005,27.95,,,,,,,,,,,
IMU,20022,,,,,,,,0.1022,0.0112,9.7139,-0.0016,-0.0005,-0.0005,27.95,,,,,,,,,,,
IMU,20033,,,,,,,,0.1293,-0.0247,9.7588,0.0003,-0.0019,-0.0003,27.95,,,,,,,,,,,
IMU,20043,,,,,,,,0.1440,0.0217,9.7504,0.0019,-0.0008,-0.0008,27.95,,,,,,,,,,,
IMU,20053,,,,,,,,0.1129,0.0418,9.7248,0.0000,0.0003,-0.0019,27.95,,,,,,,,,,,
IMU,20063,,,,,,,,0.0831,-0.0084,9.7480,-0.0013,-0.0013,-0.0016,27.95,,,,,,,,,,,
IMU,20073,,,,,,,,0.0834,-0.0075,9.7455,0.0003,-0.0008,0.0000,27.95,,,,,,,,,,,
IMU,20083,,,,,,,,0.0871,0.0355,9.7221,0.0000,0.0000,-0.0005,27.94,,,,,,,,,,,
IMU,20093,,,,,,,,0.0933,0.0015,9.7355,-0.0016,-0.0011,-0.0005,27.94,,,,,,,,,,,
IMU,20103,,,,,,,,0.1253,-0.0371,9.7477,0.0005,-0.0024,-0.0003,27.94,,,,,,,,,,,
IMU,20113,,,,,,,,0.1395,0.0124,9.7256,0.0011,-0.0011,-0.0005,27.94,,,,,,,,,,,
IMU,20123,,,,,,,,0.1045,0.0093,9.7376,-0.0019,-0.0005,-0.0011,27.94,,,,,,,,,,,
IMU,20133,,,,,,,,0.0831,-0.0361,9.7706,-0.0011,-0.0011,-0.0013,27.94,,,,,,,,,,,
IMU,20143,,,,,,,,0.0841,-0.0135,9.7426,0.0019,-0.0005,-0.0005,27.94,,,,,,,,,,,
IMU,20153,,,,,,,,0.0855,0.0304,9.7117,0.0000,0.0003,0.0003,27.94,,,,,,,,,,,
IMU,20163,,,,,,,,0.1061,-0.0028,9.7479,-0.0013,-0.0008,-0.0003,27.94,,,,,,,,,,,
IMU,20173,,,,,,,,0.1386,-0.0174,9.7747,0.0011,-0.0013,-0.0011,27.94,,,,,,,,,,,
IMU,20183,,,,,,,,0.1412,0.0382,9.7413,0.0013,-0.0013,-0.0013,27.94,,,,,,,,,,,
IMU,20193,,,,,,,,0.1039,0.0265,9.7236,-0.0016,-0.0005,-0.0019,27.94,,,,,,,,,,,
IMU,20203,,,,,,,,0.0799,-0.0248,9.7404,-0.0005,-0.0013,-0.0019,27.94,,,,,,,,,,,
IMU,20213,,,,,,,,0.0828,0.0018,9.7287,0.0008,0.0000,-0.0013,27.94,,,,,,,,,,,
IMU,20223,,,,,,,,0.0858,0.0331,9.7112,-0.0013,0.0000,-0.0013,27.94,,,,,,,,,,,
IMU,20233,,,,,,,,0.1015,-0.0163,9.7437,-0.0021,-0.0013,-0.0008,27.94,,,,,,,,,,,
IMU,20243,,,,,,,,0.1482,-0.0337,9.7569,0.0008,-0.0013,0.0000,27.94,,,,,,,,,,,
IMU,20253,,,,,,,,0.1442,0.0129,9.7399,0.0013,-0.0005,0.0000,27.94,,,,,,,,,,,
IMU,20263,,,,,,,,0.1048,-0.0060,9.7497,-0.0013,-0.0008,-0.0019,27.94,,,,,,,,,,,
IMU,20273,,,,,,,,0.0829,-0.0388,9.7670,0.0003,-0.0019,-0.0005,27.94,,,,,,,,,,,
IMU,20283,,,,,,,,0.0901,0.0115,9.7310,0.0019,-0.0016,-0.0003,27.94,,,,,,,,,,,
IMU,20293,,,,,,,,0.0861,0.0460,9.7033,-0.0003,-0.0008,-0.0003,27.94,,,,,,,,,,,
IMU,20303,,,,,,,,0.1142,-0.0009,9.7373,-0.0008,-0.0011,0.0003,27.94,,,,,,,,,,,
IMU,20314,,,,,,,,0.1476,0.0007,9.7524,0.0016,-0.0011,-0.0003,27.94,,,,,,,,,,,
IMU,20324,,,,,,,,0.1274,0.0362,9.7335,0.0008,0.0000,-0.0003,27.94,,,,,,,,,,,
IMU,20334,,,,,,,,0.0888,-0.0024,9.7483,-0.0019,-0.0003,-0.0019,27.94,,,,,,,,,,,
IMU,20344,,,,,,,,0.0762,-0.0386,9.7655,-0.0008,-0.0019,-0.0016,27.94,,,,,,,,,,,
IMU,20354,,,,,,,,0.0888,0.0045,9.7307,0.0000,-0.0000,-0.0008,27.94,,,,,,,,,,,
IMU,20364,,,,,,,,0.1003,0.0127,9.7124,-0.0021,-0.0000,-0.0005,27.94,,,,,,,,,,,
IMU,20374,,,,,,,,0.1244,-0.0355,9.7446,-0.0011,-0.0019,-0.0008,27.94,,,,,,,,,,,
IMU,20384,,,,,,,,0.1564,-0.0144,9.7528,0.0019,-0.0016,-0.0003,27.94,,,,,,,,,,,
IMU,20394,,,,,,,,0.1347,0.0245,9.7335,0.0005,-0.0008,-0.0011,27.94,,,,,,,,,,,
IMU,20404,,,,,,,,0.0979,-0.0109,9.7543,-0.0013,-0.0008,-0.0024,27.94,,,,,,,,,,,
IMU,20414,,,,,,,,0.0814,-0.0257,9.7558,0.0013,-0.0011,-0.0016,27.94,,,,,,,,,,,
IMU,20424,,,,,,,,0.0835,0.0349,9.7167,0.0013,-0.0005,-0.0003,27.94,,,,,,,,,,,
IMU,20434,,,,,,,,0.0802,0.0403,9.7205,-0.0019,-0.0005,-0.0005,27.94,,,,,,,,,,,
IMU,20444,,,,,,,,0.1180,-0.0210,9.7570,-0.0013,-0.0019,0.0000,27.94,,,,,,,,,,,
IMU,20454,,,,,,,,0.1433,-0.0030,9.7447,0.0008,-0.0011,0.0005,27.94,,,,,,,,,,,
IMU,20464,,,,,,,,0.1133,0.0280,9.7307,0.0000,-0.0005,-0.0013,27.94,,,,,,,,,,,
IMU,20474,,,,,,,,0.0864,-0.0120,9.7534,-0.0013,-0.0011,-0.0019,27.94,,,,,,,,,,,
IMU,20484,,,,,,,,0.0948,-0.0350,9.7542,0.0005,-0.0011,-0.0016,27.94,,,,,,,,,,,
IMU,20494,,,,,,,,0.1000,0.0109,9.7169,0.0003,-0.0005,-0.0005,27.94,,,,,,,,,,,
IMU,20504,,,,,,,,0.0933,0.0102,9.7271,-0.0016,-0.0008,-0.0003,27.94,,,,,,,,,,,
IMU,20514,,,,,,,,0.1193,-0.0296,9.7672,-0.0005,-0.0021,-0.0005,27.94,,,,,,,,,,,
IMU,20524,,,,,,,,0.1412,0.0084,9.7501,0.0021,-0.0013,-0.0011,27.94,,,,,,,,,,,
IMU,20534,,,,,,,,0.1142,0.0374,9.7308,-0.0003,-0.0005,-0.0013,27.94,,,,,,,,,,,
IMU,20544,,,,,,,,0.0801,-0.0103,9.7483,-0.0005,-0.0008,-0.0011,27.94,,,,,,,,,,,
IMU,20554,,,,,,,,0.0894,-0.0042,9.7426,0.0016,-0.0013,-0.0008,27.94,,,,,,,,,,,
IMU,20564,,,,,,,,0.0937,0.0425,9.7173,0.0008,-0.0011,-0.0011,27.94,,,,,,,,,,,
IMU,20575,,,,,,,,0.0910,0.0201,9.7344,-0.0019,-0.0016,-0.0008,27.94,,,,,,,,,,,
IMU,20585,,,,,,,,0.1310,-0.0216,9.7558,0.0000,-0.0016,-0.0003,27.94,,,,,,,,,,,
IMU,20595,,,,,,,,0.1530,0.0123,9.7407,0.0011,-0.0005,0.0000,27.94,,,,,,,,,,,
IMU,20605,,,,,,,,0.1153,0.0250,9.7440,-0.0016,-0.0005,-0.0013,27.94,,,,,,,,,,,
IMU,20615,,,,,,,,0.0874,-0.0284,9.7681,-0.0016,-0.0011,-0.0019,27.94,,,,,,,,,,,
IMU,20625,,,,,,,,0.0982,-0.0181,9.7405,0.0013,-0.0008,-0.0016,27.94,,,,,,,,,,,
IMU,20635,,,,,,,,0.0895,0.0268,9.6931,0.0003,-0.0003,-0.0008,27.94,,,,,,,,,,,
IMU,20645,,,,,,,,0.0919,-0.0007,9.7172,-0.0016,-0.0016,-0.0003,27.94,,,,,,,,,,,
IMU,20655,,,,,,,,0.1221,-0.0240,9.7561,0.0003,-0.0019,-0.0000,27.94,,,,,,,,,,,
IMU,20665,,,,,,,,0.1320,0.0156,9.7437,0.0016,-0.0008,-0.0005,27.94,,,,,,,,,,,
IMU,20675,,,,,,,,0.1061,0.0217,9.7422,-0.0016,-0.0008,-0.0013,27.94,,,,,,,,,,,
IMU,20685,,,,,,,,0.0942,-0.0254,9.7648,-0.0008,-0.0016,-0.0011,27.94,,,,,,,,,,,
IMU,20695,,,,,,,,0.0946,0.0024,9.7435,0.0021,-0.0016,-0.0011,27.94,,,,,,,,,,,
IMU,20705,,,,,,,,0.0989,0.0428,9.7152,-0.0005,-0.0003,-0.0008,27.94,,,,,,,,,,,
IMU,20715,,,,,,,,0.1075,-0.0006,9.7417,-0.0024,-0.0008,-0.0011,27.94,,,,,,,,,,,
IMU,20725,,,,,,,,0.1329,-0.0195,9.7590,0.0003,-0.0013,-0.0013,27.94,,,,,,,,,,,
IMU,20735,,,,,,,,0.1322,0.0240,9.7257,0.0011,-0.0005,-0.0013,27.94,,,,,,,,,,,
IMU,20745,,,,,,,,0.0958,0.0051,9.7362,-0.0013,-0.0008,-0.0011,27.94,,,,,,,,,,,
IMU,20755,,,,,,,,0.0852,-0.0365,9.7688,-0.0003,-0.0013,-0.0005,27.94,,,,,,,,,,,
IMU,20765,,,,,,,,0.0903,-0.0052,9.7383,0.0011,-0.0005,-0.0005,27.94,,,,,,,,,,,
IMU,20775,,,,,,,,0.0897,0.0231,9.7164,0.0000,-0.0008,-0.0008,27.94,,,,,,,,,,,
IMU,20785,,,,,,,,0.1082,-0.0028,9.7355,-0.0016,-0.0008,-0.0005,27.94,,,,,,,,,,,
IMU,20795,,,,,,,,0.1344,-0.0148,9.7599,0.0000,-0.0019,-0.0003,27.94,,,,,,,,,,,
IMU,20805,,,,,,,,0.1352,0.0225,9.7479,0.0005,-0.0008,-0.0008,27.94,,,,,,,,,,,
IMU,20815,,,,,,,,0.1099,0.0157,9.7373,-0.0008,-0.0003,-0.0013,27.94,,,,,,,,,,,
IMU,20825,,,,,,,,0.0948,-0.0189,9.7546,-0.0005,-0.0011,-0.0013,27.94,,,,,,,,,,,
IMU,20835,,,,,,,,0.0946,0.0078,9.7326,0.0016,-0.0005,-0.0005,27.94,,,,,,,,,,,
IMU,20845,,,,,,,,0.0949,0.0278,9.7024,-0.0003,0.0000,-0.0011,27.94,,,,,,,,,,,
IMU,20856,,,,,,,,0.1135,-0.0099,9.7432,-0.0016,-0.0011,-0.0005,27.94,,,,,,,,,,,
IMU,20866,,,,,,,,0.1317,-0.0136,9.7712,0.0011,-0.0019,-0.0011,27.94,,,,,,,,,,,
IMU,20876,,,,,,,,0.1418,0.0235,9.7365,0.0011,-0.0008,-0.0021,27.94,,,,,,,,,,,
IMU,20886,,,,,,,,0.1120,-0.0003,9.7426,-0.0008,-0.0005,-0.0021,27.94,,,,,,,,,,,
IMU,20896,,,,,,,,0.0951,-0.0326,9.7627,0.0003,-0.0011,-0.0008,27.94,,,,,,,,,,,
IMU,20906,,,,,,,,0.0879,0.0090,9.7344,0.0011,-0.0008,0.0000,27.94,,,,,,,,,,,
IMU,20916,,,,,,,,0.0780,0.0254,9.7064,-0.0011,-0.0005,-0.0003,27.94,,,,,,,,,,,
IMU,20926,,,,,,,,0.0958,-0.0211,9.7404,-0.0016,-0.0011,-0.0005,27.94,,,,,,,,,,,
IMU,20936,,,,,,,,0.1374,-0.0135,9.7467,0.0008,-0.0016,-0.0005,27.94,,,,,,,,,,,
IMU,20946,,,,,,,,0.1386,0.0260,9.7302,-0.0003,-0.0011,-0.0013,27.94,,,,,,,,,,,
IMU,20956,,,,,,,,0.1157,-0.0063,9.7528,-0.0011,-0.0013,-0.0024,27.94,,,,,,,,,,,
IMU,20966,,,,,,,,0.1043,-0.0374,9.7599,0.0005,-0.0013,-0.0013,27.94,,,,,,,,,,,
IMU,20976,,,,,,,,0.0916,0.0087,9.7268,0.0013,-0.0008,0.0000,27.94,,,,,,,,,,,
IMU,20986,,,,,,,,0.0835,0.0262,9.7176,-0.0008,-0.0005,-0.0005,27.94,,,,,,,,,,,
IMU,20996,,,,,,,,0.1099,-0.0121,9.7428,-0.0008,-0.0005,-0.0013,27.94,,,,,,,,,,,
IMU,21006,,,,,,,,0.1439,-0.0015,9.7358,0.0021,-0.0003,-0.0008,27.94,,,,,,,,,,,
IMU,21016,,,,,,,,0.1368,0.0328,9.7269,0.0011,-0.0003,-0.0005,27.94,,,,,,,,,,,
IMU,21026,,,,,,,,0.1045,0.0054,9.7527,-0.0013,-0.0019,-0.0011,27.94,,,,,,,,,,,
IMU,21036,,,,,,,,0.0931,-0.0138,9.7706,0.0003,-0.0013,-0.0008,27.94,,,,,,,,,,,
IMU,21046,,,,,,,,0.0922,0.0260,9.7293,0.0008,-0.0008,-0.0005,27.94,,,,,,,,,,,
IMU,21056,,,,,,,,0.0939,0.0248,9.7055,-0.0013,-0.0011,-0.0005,27.94,,,,,,,,,,,
IMU,21066,,,,,,,,0.1120,-0.0139,9.7453,-0.0008,-0.0016,-0.0008,27.94,,,,,,,,,,,
IMU,21076,,,,,,,,0.1361,0.0018,9.7525,0.0011,-0.0016,-0.0003,27.94,,,,,,,,,,,
IMU,21086,,,,,,,,0.1260,0.0183,9.7331,-0.0005,-0.0000,-0.0003,27.94,,,,,,,,,,,
IMU,21096,,,,,,,,0.1108,-0.0274,9.7474,-0.0005,-0.0003,-0.0011,27.94,,,,,,,,,,,
IMU,21106,,,,,,,,0.1106,-0.0316,9.7646,0.0011,-0.0003,-0.0013,27.94,,,,,,,,,,,
IMU,21116,,,,,,,,0.0977,0.0260,9.7203,0.0008,-0.0003,-0.0008,27.94,,,,,,,,,,,
IMU,21126,,,,,,,,0.0862,0.0141,9.7103,-0.0019,-0.0011,-0.0008,27.94,,,,,,,,,,,
IMU,21137,,,,,,,,0.1058,-0.0184,9.7486,-0.0003,-0.0016,-0.0003,27.94,,,,,,,,,,,
IMU,21147,,,,,,,,0.1386,0.0165,9.7438,0.0011,-0.0008,-0.0005,27.94,,,,,,,,,,,
IMU,21157,,,,,,,,0.1236,0.0382,9.7299,-0.0008,-0.0008,-0.0005,27.94,,,,,,,,,,,
IMU,21167,,,,,,,,0.1060,-0.0052,9.7495,-0.0013,-0.0011,-0.0011,27.94,,,,,,,,,,,
IMU,21177,,,,,,,,0.1073,-0.0039,9.7533,0.0005,-0.0005,-0.0011,27.94,,,,,,,,,,,
IMU,21187,,,,,,,,0.0952,0.0373,9.7154,0.0000,-0.0005,-0.0005,27.94,,,,,,,,,,,
IMU,21197,,,,,,,,0.0861,0.0106,9.7220,-0.0016,-0.0008,-0.0011,27.94,,,,,,,,,,,
IMU,21207,,,,,,,,0.1165,-0.0257,9.7654,0.0000,-0.0013,-0.0011,27.94,,,,,,,,,,,
IMU,21217,,,,,,,,0.1311,0.0028,9.7531,0.0016,-0.0005,0.0000,27.94,,,,,,,,,,,
IMU,21227,,,,,,,,0.1148,0.0123,9.7325,0.0000,0.0000,-0.0003,27.94,,,,,,,,,,,
IMU,21237,,,,,,,,0.0841,-0.0235,9.7414,-0.0013,-0.0011,-0.0013,27.94,,,,,,,,,,,
IMU,21247,,,,,,,,0.0786,-0.0386,9.7476,0.0011,-0.0013,-0.0005,27.94,,,,,,,,,,,
IMU,21257,,,,,,,,0.0814,0.0075,9.7170,0.0005,-0.0003,0.0000,27.94,,,,,,,,,,,
IMU,21267,,,,,,,,0.0948,0.0070,9.7196,-0.0016,-0.0011,-0.0005,27.94,,,,,,,,,,,
IMU,21277,,,,,,,,0.1278,-0.0166,9.7458,-0.0005,-0.0016,-0.0011,27.94,,,,,,,,,,,
IMU,21287,,,,,,,,0.1521,0.0177,9.7453,0.0019,-0.0005,-0.0011,27.94,,,,,,,,,,,
IMU,21297,,,,,,,,0.1415,0.0424,9.7374,0.0005,0.0003,-0.0008,27.94,,,,,,,,,,,
IMU,21307,,,,,,,,0.1069,0.0147,9.7588,-0.0011,-0.0008,-0.0011,27.94,,,,,,,,,,,
IMU,21317,,,,,,,,0.0838,0.0103,9.7491,0.0005,-0.0005,-0.0005,27.94,,,,,,,,,,,
IMU,21327,,,,,,,,0.0681,0.0473,9.7061,0.0000,-0.0000,-0.0011,27.94,,,,,,,,,,,
IMU,21337,,,,,,,,0.0730,0.0235,9.7127,-0.0019,-0.0011,-0.0013,27.94,,,,,,,,,,,
IMU,21347,,,,,,,,0.0997,-0.0244,9.7506,-0.0008,-0.0019,-0.0013,27.94,,,,,,,,,,,
IMU,21357,,,,,,,,0.1319,-0.0064,9.7441,0.0003,-0.0013,-0.0008,27.94,,,,,,,,,,,
IMU,21367,,,,,,,,0.1260,-0.0052,9.7429,-0.0005,-0.0011,-0.0011,27.94,,,,,,,,,,,
IMU,21377,,,,,,,,0.1141,-0.0427,9.7530,-0.0008,-0.0013,-0.0008,27.94,,,,,,,,,,,
IMU,21387,,,,,,,,0.1000,-0.0380,9.7486,0.0011,-0.0011,-0.0011,27.94,,,,,,,,,,,
IMU,21397,,,,,,,,0.0879,0.0018,9.7230,0.0011,-0.0000,-0.0016,27.94,,,,,,,,,,,
IMU,21408,,,,,,,,0.0900,-0.0057,9.7290,-0.0011,-0.0003,-0.0013,27.94,,,,,,,,,,,
IMU,21418,,,,,,,,0.1247,-0.0100,9.7483,0.0005,-0.0011,-0.0008,27.94,,,,,,,,,,,
IMU,21428,,,,,,,,0.1353,0.0296,9.7346,0.0021,-0.0005,-0.0011,27.94,,,,,,,,,,,
IMU,21438,,,,,,,,0.1183,0.0452,9.7347,-0.0000,-0.0008,-0.0013,27.94,,,,,,,,,,,
IMU,21448,,,,,,,,0.1015,0.0094,9.7590,-0.0008,-0.0021,-0.0011,27.94,,,,,,,,,,,
IMU,21458,,,,,,,,0.0904,0.0142,9.7428,0.0011,-0.0016,-0.0011,27.94,,,,,,,,,,,
IMU,21468,,,,,,,,0.0775,0.0374,9.7129,-0.0008,-0.0005,-0.0016,27.94,,,,,,,,,,,
IMU,21478,,,,,,,,0.0819,-0.0070,9.7361,-0.0024,-0.0011,-0.0011,27.94,,,,,,,,,,,
IMU,21488,,,,,,,,0.1195,-0.0302,9.7649,-0.0008,-0.0005,-0.0005,27.94,,,,,,,,,,,
IMU,21498,,,,,,,,0.1415,-0.0144,9.7506,0.0003,0.0003,-0.0003,27.94,,,,,,,,,,,
IMU,21508,,,,,,,,0.1232,-0.0266,9.7392,-0.0013,0.0000,-0.0008,27.94,,,,,,,,,,,
IMU,21518,,,,,,,,0.1001,-0.0566,9.7530,-0.0005,-0.0011,-0.0011,27.94,,,,,,,,,,,
IMU,21528,,,,,,,,0.0909,-0.0240,9.7426,0.0019,-0.0013,-0.0005,27.94,,,,,,,,,,,
IMU,21538,,,,,,,,0.0810,0.0126,9.7206,0.0008,-0.0008,-0.0011,27.94,,,,,,,,,,,
IMU,21548,,,,,,,,0.0870,0.0021,9.7434,0.0000,-0.0011,-0.0005,27.94,,,,,,,,,,,
IMU,21558,,,,,,,,0.1263,0.0130,9.7567,0.0016,-0.0016,-0.0005,27.94,,,,,,,,,,,
IMU,21568,,,,,,,,0.1436,0.0582,9.7414,0.0011,-0.0005,-0.0005,27.94,,,,,,,,,,,
IMU,21578,,,,,,,,0.1295,0.0443,9.7512,-0.0016,-0.0011,-0.0005,27.94,,,,,,,,,,,
IMU,21588,,,,,,,,0.1256,0.0042,9.7548,-0.0011,-0.0011,-0.0011,27.94,,,,,,,,,,,
IMU,21598,,,,,,,,0.1060,0.0217,9.7232,0.0005,-0.0005,-0.0003,27.94,,,,,,,,,,,
IMU,21608,,,,,,,,0.0792,0.0265,9.7049,-0.0011,0.0000,-0.0011,27.94,,,,,,,,,,,
IMU,21618,,,,,,,,0.0787,-0.0139,9.7349,-0.0016,-0.0005,-0.0011,27.94,,,,,,,,,,,
IMU,21628,,,,,,,,0.1157,-0.0171,9.7576,0.0003,-0.0005,-0.0008,27.94,,,,,,,,,,,
IMU,21638,,,,,,,,0.1326,0.0042,9.7468,0.0000,0.0003,-0.0003,27.94,,,,,,,,,,,
IMU,21648,,,,,,,,0.1190,-0.0211,9.7551,-0.0011,-0.0011,-0.0019,27.94,,,,,,,,,,,
IMU,21658,,,,,,,,0.1193,-0.0466,9.7622,0.0008,-0.0019,-0.0016,27.94,,,,,,,,,,,
IMU,21668,,,,,,,,0.0977,-0.0051,9.7367,0.0019,-0.0013,-0.0011,27.94,,,,,,,,,,,
IMU,21679,,,,,,,,0.0801,0.0084,9.7145,-0.0005,-0.0003,-0.0013,27.94,,,,,,,,,,,
IMU,21689,,,,,,,,0.0900,-0.0160,9.7311,-0.0003,-0.0013,-0.0013,27.94,,,,,,,,,,,
IMU,21699,,,,,,,,0.1226,0.0067,9.7350,0.0013,-0.0016,-0.0005,27.94,,,,,,,,,,,
IMU,21709,,,,,,,,0.1271,0.0407,9.7344,0.0003,-0.0005,-0.0005,27.94,,,,,,,,,,,
IMU,21719,,,,,,,,0.1133,0.0105,9.7515,-0.0011,-0.0003,-0.0016,27.94,,,,,,,,,,,
IMU,21729,,,,,,,,0.1120,-0.0072,9.7546,0.0003,-0.0016,-0.0016,27.94,,,,,,,,,,,
IMU,21739,,,,,,,,0.0973,0.0301,9.7263,0.0011,-0.0011,-0.0011,27.94,,,,,,,,,,,
IMU,21749,,,,,,,,0.0894,0.0181,9.7248,-0.0008,-0.0011,-0.0013,27.94,,,,,,,,,,,
IMU,21759,,,,,,,,0.1072,-0.0213,9.7614,-0.0008,-0.0008,-0.0003,27.94,,,,,,,,,,,
IMU,21769,,,,,,,,0.1331,-0.0114,9.7630,0.0005,-0.0005,0.0008,27.94,,,,,,,,,,,
IMU,21779,,,,,,,,0.1254,0.0006,9.7364,-0.0008,-0.0005,0.0000,27.94,,,,,,,,,,,
IMU,21789,,,,,,,,0.1079,-0.0332,9.7404,-0.0011,-0.0005,-0.0011,27.94,,,,,,,,,,,
IMU,21799,,,,,,,,0.1030,-0.0383,9.7373,0.0008,-0.0008,-0.0016,27.94,,,,,,,,,,,
IMU,21809,,,,,,,,0.0901,0.0157,9.7154,0.0008,-0.0005,-0.0011,27.94,,,,,,,,,,,
IMU,21819,,,,,,,,0.0886,0.0118,9.7245,-0.0005,-0.0003,-0.0013,27.94,,,,,,,,,,,
IMU,21829,,,,,,,,0.1187,-0.0052,9.7494,0.0005,-0.0011,-0.0005,27.94,,,,,,,,,,,
IMU,21839,,,,,,,,0.1464,0.0235,9.7536,0.0016,-0.0008,0.0003,27.94,,,,,,,,,,,
IMU,21849,,,,,,,,0.1394,0.0319,9.7477,-0.0003,0.0000,-0.0008,27.94,,,,,,,,,,,
IMU,21859,,,,,,,,0.1114,-0.0013,9.7492,-0.0013,0.0003,-0.0016,27.94,,,,,,,,,,,
IMU,21869,,,,,,,,0.0930,0.0013,9.7256,0.0003,-0.0000,-0.0016,27.94,,,,,,,,,,,
IMU,21879,,,,,,,,0.0711,0.0295,9.7040,0.0003,0.0003,-0.0013,27.94,,,,,,,,,,,
IMU,21889,,,,,,,,0.0690,-0.0031,9.7265,-0.0016,0.0000,-0.0005,27.94,,,,,,,,,,,
IMU,21899,,,,,,,,0.1034,-0.0292,9.7546,0.0000,-0.0008,0.0003,27.94,,,,,,,,,,,
IMU,21909,,,,,,,,0.1398,-0.0063,9.7497,0.0008,-0.0011,-0.0003,27.94,,,,,,,,,,,
IMU,21919,,,,,,,,0.1425,-0.0037,9.7569,-0.0005,-0.0013,-0.0011,27.94,,,,,,,,,,,
IMU,21929,,,,,,,,0.1293,-0.0271,9.7643,-0.0005,-0.0013,-0.0005,27.94,,,,,,,,,,,
IMU,21939,,,,,,,,0.1111,-0.0118,9.7429,0.0011,-0.0008,-0.0005,27.94,,,,,,,,,,,
IMU,21949,,,,,,,,0.0816,0.0174,9.7169,0.0005,0.0005,-0.0011,27.94,,,,,,,,,,,
IMU,21960,,,,,,,,0.0835,0.0022,9.7268,0.0003,-0.0005,-0.0003,27.94,,,,,,,,,,,
IMU,21970,,,,,,,,0.1115,0.0009,9.7476,0.0013,-0.0008,-0.0003,27.94,,,,,,,,,,,
IMU,21980,,,,,,,,0.1332,0.0371,9.7284,0.0013,-0.0013,-0.0008,27.94,,,,,,,,,,,
IMU,21990,,,,,,,,0.1242,0.0275,9.7356,-0.0003,-0.0011,-0.0011,27.94,,,,,,,,,,,
IMU,22000,,,,,,,,0.1064,-0.0052,9.7558,0.0000,-0.0021,-0.0013,27.94,,,,,,,,,,,
IMU,22010,,,,,,,,0.0949,0.0130,9.7419,0.0005,-0.0008,-0.0019,27.94,,,,,,,,,,,
IMU,22020,,,,,,,,0.0783,0.0228,9.7245,-0.0013,0.0003,-0.0016,27.94,,,,,,,,,,,
IMU,22030,,,,,,,,0.0921,-0.0142,9.7368,-0.0024,-0.0008,-0.0019,27.94,,,,,,,,,,,
IMU,22040,,,,,,,,0.1296,-0.0254,9.7453,-0.0005,-0.0011,-0.0011,27.94,,,,,,,,,,,
IMU,22050,,,,,,,,0.1364,-0.0075,9.7212,0.0003,-0.0008,-0.0005,27.94,,,,,,,,,,,
IMU,22060,,,,,,,,0.1202,-0.0193,9.7229,-0.0005,-0.0013,-0.0013,27.94,,,,,,,,,,,
IMU,22070,,,,,,,,0.0988,-0.0410,9.7507,0.0008,-0.0013,-0.0013,27.94,,,,,,,,,,,
IMU,22080,,,,,,,,0.0819,0.0034,9.7447,0.0016,-0.0005,0.0003,27.94,,,,,,,,,,,
IMU,22090,,,,,,,,0.0774,0.0283,9.7281,0.0000,-0.0003,-0.0003,27.95,,,,,,,,,,,
IMU,22100,,,,,,,,0.0995,0.0051,9.7461,-0.0003,-0.0008,-0.0011,27.95,,,,,,,,,,,
IMU,22110,,,,,,,,0.1313,0.0147,9.7440,0.0013,-0.0011,-0.0013,27.95,,,,,,,,,,,
IMU,22120,,,,,,,,0.1401,0.0410,9.7271,0.0003,-0.0011,-0.0011,27.95,,,,,,,,,,,
IMU,22130,,,,,,,,0.1286,0.0156,9.7399,-0.0011,-0.0011,-0.0011,27.95,,,,,,,,,,,
IMU,22140,,,,,,,,0.1019,-0.0100,9.7452,-0.0003,-0.0013,-0.0013,27.95,,,,,,,,,,,
IMU,22150,,,,,,,,0.0793,0.0172,9.7179,-0.0000,-0.0011,-0.0005,27.95,,,,,,,,,,,
IMU,22160,,,,,,,,0.0696,0.0076,9.7239,-0.0011,-0.0011,0.0000,27.95,,,,,,,,,,,
IMU,22170,,,,,,,,0.0909,-0.0323,9.7631,-0.0011,-0.0019,0.0000,27.95,,,,,,,,,,,
IMU,22180,,,,,,,,0.1358,-0.0204,9.7605,0.0005,-0.0011,-0.0005,27.95,,,,,,,,,,,
IMU,22190,,,,,,,,0.1409,0.0027,9.7352,0.0008,-0.0003,-0.0011,27.95,,,,,,,,,,,
IMU,22200,,,,,,,,0.1290,-0.0162,9.7459,-0.0003,-0.0013,-0.0011,27.95,,,,,,,,,,,
IMU,22210,,,,,,,,0.1141,-0.0150,9.7495,0.0008,-0.0013,-0.0016,27.95,,,,,,,,,,,
IMU,22220,,,,,,,,0.0930,0.0175,9.7184,0.0016,-0.0003,-0.0011,27.95,,,,,,,,,,,
IMU,22230,,,,,,,,0.0756,0.0145,9.7079,0.0000,-0.0003,-0.0008,27.95,,,,,,,,,,,
IMU,22241,,,,,,,,0.0960,0.0003,9.7340,0.0008,-0.0016,-0.0008,27.95,,,,,,,,,,,
IMU,22251,,,,,,,,0.1247,0.0231,9.7425,0.0011,-0.0008,-0.0003,27.95,,,,,,,,,,,
IMU,22261,,,,,,,,0.1397,0.0362,9.7437,-0.0005,-0.0005,-0.0013,27.95,,,,,,,,,,,
IMU,22271,,,,,,,,0.1271,0.0049,9.7564,-0.0008,-0.0011,-0.0013,27.95,,,,,,,,,,,
IMU,22281,,,,,,,,0.1153,-0.0112,9.7611,0.0008,-0.0013,-0.0013,27.95,,,,,,,,,,,
IMU,22291,,,,,,,,0.0988,0.0198,9.7182,0.0003,0.0000,-0.0008,27.95,,,,,,,,,,,
IMU,22301,,,,,,,,0.0704,0.0133,9.7163,-0.0024,-0.0003,-0.0016,27.95,,,,,,,,,,,
IMU,22311,,,,,,,,0.0790,-0.0346,9.7527,-0.0019,-0.0013,-0.0008,27.95,,,,,,,,,,,
IMU,22321,,,,,,,,0.1187,-0.0214,9.7476,0.0008,-0.0005,-0.0003,27.95,,,,,,,,,,,
IMU,22331,,,,,,,,0.1286,0.0076,9.7271,-0.0003,0.0005,-0.0005,27.95,,,,,,,,,,,
IMU,22341,,,,,,,,0.1236,-0.0201,9.7552,-0.0019,-0.0011,-0.0008,27.95,,,,,,,,,,,
IMU,22351,,,,,,,,0.1223,-0.0277,9.7634,0.0005,-0.0011,-0.0008,27.95,,,,,,,,,,,
IMU,22361,,,,,,,,0.0925,0.0247,9.7292,0.0016,-0.0003,-0.0011,27.95,,,,,,,,,,,
IMU,22371,,,,,,,,0.0641,0.0240,9.7170,-0.0005,-0.0008,-0.0011,27.95,,,,,,,,,,,
IMU,22381,,,,,,,,0.0945,-0.0049,9.7414,0.0000,-0.0008,-0.0005,27.95,,,,,,,,,,,
IMU,22391,,,,,,,,0.1388,0.0207,9.7428,0.0019,-0.0008,-0.0003,27.95,,,,,,,,,,,
IMU,22401,,,,,,,,0.1424,0.0335,9.7407,-0.0005,-0.0005,-0.0008,27.95,,,,,,,,,,,
IMU,22411,,,,,,,,0.1320,-0.0114,9.7690,-0.0008,-0.0008,-0.0011,27.95,,,,,,,,,,,
IMU,22421,,,,,,,,0.1206,-0.0169,9.7579,0.0011,-0.0013,-0.0011,27.95,,,,,,,,,,,
IMU,22431,,,,,,,,0.0874,0.0214,9.7136,0.0005,0.0003,-0.0016,27.95,,,,,,,,,,,
IMU,22441,,,,,,,,0.0678,0.0004,9.7236,-0.0008,-0.0005,-0.0011,27.95,,,,,,,,,,,
IMU,22451,,,,,,,,0.0924,-0.0274,9.7480,0.0005,-0.0011,0.0000,27.95,,,,,,,,,,,
IMU,22461,,,,,,,,0.1323,0.0088,9.7271,0.0016,-0.0008,-0.0003,27.95,,,,,,,,,,,
IMU,22471,,,,,,,,0.1377,0.0207,9.7259,-0.0008,-0.0005,0.0005,27.95,,,,,,,,,,,
IMU,22481,,,,,,,,0.1344,-0.0210,9.7681,-0.0008,-0.0005,-0.0003,27.95,,,,,,,,,,,
IMU,22491,,,,,,,,0.1205,-0.0042,9.7536,0.0008,-0.0003,-0.0005,27.95,,,,,,,,,,,
IMU,22502,,,,,,,,0.0832,0.0299,9.7142,0.0003,-0.0000,-0.0005,27.95,,,,,,,,,,,
IMU,22512,,,,,,,,0.0668,0.0021,9.7262,-0.0011,-0.0005,-0.0008,27.95,,,,,,,,,,,
IMU,22522,,,,,,,,0.0934,-0.0130,9.7476,0.0003,-0.0013,-0.0008,27.95,,,,,,,,,,,
IMU,22532,,,,,,,,0.1274,0.0217,9.7260,0.0013,-0.0008,0.0000,27.95,,,,,,,,,,,
IMU,22542,,,,,,,,0.1302,0.0174,9.7349,-0.0008,-0.0005,-0.0011,27.95,,,,,,,,,,,
IMU,22552,,,,,,,,0.1280,-0.0259,9.7614,-0.0005,-0.0008,-0.0013,27.95,,,,,,,,,,,
IMU,22562,,,,,,,,0.1081,-0.0054,9.7343,0.0021,-0.0000,-0.0011,27.95,,,,,,,,,,,
IMU,22572,,,,,,,,0.0654,0.0165,9.6992,-0.0003,0.0005,-0.0011,27.95,,,,,,,,,,,
IMU,22582,,,,,,,,0.0591,-0.0257,9.7302,-0.0011,-0.0005,-0.0011,27.95,,,,,,,,,,,
IMU,22592,,,,,,,,0.1040,-0.0329,9.7510,0.0005,-0.0013,-0.0005,27.95,,,,,,,,,,,
IMU,22602,,,,,,,,0.1382,0.0211,9.7283,0.0005,-0.0008,-0.0003,27.95,,,,,,,,,,,
IMU,22612,,,,,,,,0.1377,0.0042,9.7431,-0.0008,-0.0016,-0.0008,27.95,,,,,,,,,,,
IMU,22622,,,,,,,,0.1376,-0.0256,9.7636,0.0005,-0.0019,-0.0011,27.95,,,,,,,,,,,
IMU,22632,,,,,,,,0.1268,0.0151,9.7346,0.0021,-0.0003,-0.0016,27.95,,,,,,,,,,,
IMU,22642,,,,,,,,0.0873,0.0343,9.7146,0.0000,0.0000,-0.0016,27.95,,,,,,,,,,,
IMU,22652,,,,,,,,0.0810,-0.0030,9.7422,-0.0008,-0.0008,-0.0008,27.95,,,,,,,,,,,
IMU,22662,,,,,,,,0.1094,0.0141,9.7355,0.0005,-0.0008,0.0003,27.95,,,,,,,,,,,
IMU,22672,,,,,,,,0.1073,0.0418,9.6859,-0.0005,-0.0005,-0.0003,27.95,,,,,,,,,,,
IMU,22682,,,,,,,,0.0799,-0.0054,9.7013,-0.0016,-0.0013,-0.0013,27.95,,,,,,,,,,,
IMU,22692,,,,,,,,0.0647,-0.0436,9.6171,0.0003,-0.0016,-0.0016,27.95,,,,,,,,,,,
IMU,22702,,,,,,,,-0.0801,0.0472,9.1111,-0.0027,-0.0067,-0.0005,27.95,,,,,,,,,,,
IMU,22712,,,,,,,,-0.1108,-0.0163,9.4648,-0.0061,-0.0223,-0.0011,27.95,,,,,,,,,,,
IMU,22722,,,,,,,,0.0181,-0.1042,10.2210,-0.0027,-0.0208,-0.0003,27.95,,,,,,,,,,,
IMU,22732,,,,,,,,0.0302,-0.0825,9.7849,0.0003,-0.0082,-0.0000,27.95,,,,,,,,,,,
IMU,22742,,,,,,,,-0.0018,-0.0533,9.2720,-0.0029,-0.0125,-0.0029,27.95,,,,,,,,,,,
IMU,22752,,,,,,,,0.1834,-0.1798,10.0068,-0.0045,-0.0186,-0.0013,27.95,,,,,,,,,,,
IMU,22762,,,,,,,,0.3458,-0.1915,10.4585,0.0008,-0.0064,0.0027,27.95,,,,,,,,,,,
IMU,22772,,,,,,,,0.3072,-0.0663,10.0232,0.0035,0.0035,0.0021,27.95,,,,,,,,,,,
IMU,22783,,,,,,,,0.2521,-0.0371,9.7046,0.0005,-0.0008,-0.0016,27.95,,,,,,,,,,,
IMU,22793,,,,,,,,0.2455,-0.0472,9.7742,0.0021,-0.0045,-0.0035,27.95,,,,,,,,,,,
IMU,22803,,,,,,,,0.1570,0.0681,9.6548,0.0040,-0.0011,-0.0024,27.95,,,,,,,,,,,
IMU,22813,,,,,,,,0.0335,0.1286,9.4928,-0.0008,-0.0005,-0.0019,27.95,,,,,,,,,,,
IMU,22823,,,,,,,,0.0394,0.0531,9.6388,-0.0021,-0.0048,-0.0016,27.95,,,,,,,,,,,
IMU,22833,,,,,,,,0.1265,0.0454,9.7501,0.0027,-0.0029,0.0008,27.95,,,,,,,,,,,
IMU,22843,,,,,,,,0.1618,0.1031,9.7046,0.0003,-0.0005,0.0016,27.95,,,,,,,,,,,
IMU,22853,,,,,,,,0.1623,0.0037,9.8245,-0.0056,-0.0019,-0.0005,27.95,,,,,,,,,,,
IMU,22863,,,,,,,,0.1795,-0.1000,9.9947,-0.0035,-0.0027,-0.0011,27.95,,,,,,,,,,,
IMU,22873,,,,,,,,0.1687,-0.0473,9.9193,0.0008,0.0005,-0.0005,27.95,,,,,,,,,,,
IMU,22883,,,,,,,,0.1109,-0.0072,9.7420,-0.0005,0.0024,0.0000,27.95,,,,,,,,,,,
IMU,22893,,,,,,,,0.0753,-0.0394,9.7069,-0.0003,0.0003,0.0019,27.95,,,,,,,,,,,
IMU,22903,,,,,,,,0.0900,0.0238,9.6635,0.0040,-0.0005,0.0016,27.95,,,,,,,,,,,
IMU,22913,,,,,,,,0.0859,0.1462,9.5820,0.0048,0.0005,0.0008,27.95,,,,,,,,,,,
IMU,22923,,,,,,,,0.0665,0.1702,9.5847,0.0021,-0.0011,-0.0005,27.95,,,,,,,,,,,
IMU,22933,,,,,,,,0.0633,0.1623,9.6455,0.0019,-0.0024,-0.0008,27.95,,,,,,,,,,,
IMU,22943,,,,,,,,0.0802,0.2031,9.7423,0.0035,-0.0032,-0.0003,27.95,,,,,,,,,,,
IMU,22953,,,,,,,,0.1015,0.2474,9.8534,-0.0003,-0.0027,-0.0013,27.95,,,,,,,,,,,
IMU,22963,,,,,,,,0.1233,0.1766,9.9112,-0.0035,-0.0027,-0.0024,27.95,,,,,,,,,,,
IMU,22973,,,,,,,,0.1323,0.1105,9.8184,-0.0029,-0.0013,-0.0035,27.95,,,,,,,,,,,
IMU,22983,,,,,,,,0.1106,0.0784,9.7117,-0.0027,-0.0003,-0.0045,27.95,,,,,,,,,,,
IMU,22993,,,,,,,,0.0937,0.0024,9.6596,-0.0059,-0.0005,-0.0053,27.95,,,,,,,,,,,
IMU,23003,,,,,,,,0.0983,-0.0983,9.6316,-0.0048,-0.0008,-0.0051,27.95,,,,,,,,,,,
IMU,23013,,,,,,,,0.0922,-0.1302,9.6266,-0.0024,-0.0003,-0.0035,27.95,,,,,,,,,,,
IMU,23023,,,,,,,,0.0861,-0.1473,9.6911,-0.0016,-0.0011,-0.0019,27.95,,,,,,,,,,,
IMU,23033,,,,,,,,0.1232,-0.1882,9.8230,-0.0005,-0.0040,-0.0016,27.95,,,,,,,,,,,
IMU,23043,,,,,,,,0.1858,-0.1802,9.8663,0.0029,-0.0037,-0.0005,27.95,,,,,,,,,,,
IMU,23053,,,,,,,,0.1915,-0.0971,9.8259,0.0035,-0.0019,-0.0011,27.95,,,,,,,,,,,
IMU,23064,,,,,,,,0.1705,-0.0620,9.8137,0.0021,-0.0019,-0.0008,27.95,,,,,,,,,,,
IMU,23074,,,,,,,,0.1642,-0.0352,9.8093,0.0024,-0.0003,0.0005,27.95,,,,,,,,,,,
IMU,23084,,,,,,,,0.1385,0.0415,9.7396,0.0019,0.0019,0.0021,27.95,,,,,,,,,,,
IMU,23094,,,,,,,,0.1001,0.0745,9.6691,0.0005,0.0029,0.0019,27.95,,,,,,,,,,,
IMU,23104,,,,,,,,0.0909,0.0546,9.6697,-0.0003,0.0013,0.0011,27.95,,,,,,,,,,,
IMU,23114,,,,,,,,0.1036,0.0452,9.6805,0.0011,-0.0003,0.0003,27.95,,,,,,,,,,,
IMU,23124,,,,,,,,0.0888,0.0367,9.6784,-0.0005,0.0000,-0.0003,27.95,,,,,,,,,,,
IMU,23134,,,,,,,,0.0820,-0.0045,9.7202,-0.0029,-0.0019,-0.0005,27.95,,,,,,,,,,,
IMU,23144,,,,,,,,0.0986,-0.0397,9.7983,-0.0021,-0.0027,0.0003,27.95,,,,,,,,,,,
IMU,23154,,,,,,,,0.1121,-0.0166,9.8133,0.0000,-0.0008,0.0011,27.95,,,,,,,,,,,
IMU,23164,,,,,,,,0.1024,-0.0064,9.7840,-0.0003,0.0008,0.0008,27.95,,,,,,,,,,,
IMU,23174,,,,,,,,0.0843,0.0082,9.7423,0.0021,0.0003,0.0000,27.95,,,,,,,,,,,
IMU,23184,,,,,,,,0.0684,0.0624,9.7138,0.0035,0.0011,-0.0013,27.95,,,,,,,,,,,
IMU,23194,,,,,,,,0.0419,0.1183,9.6798,0.0013,0.0013,-0.0021,27.95,,,,,,,,,,,
IMU,23204,,,,,,,,0.0437,0.1090,9.6678,0.0000,-0.0019,-0.0016,27.95,,,,,,,,,,,
IMU,23214,,,,,,,,0.0799,0.1124,9.6783,0.0005,-0.0032,-0.0005,27.95,,,,,,,,,,,
IMU,23224,,,,,,,,0.1153,0.1319,9.6747,-0.0005,-0.0029,-0.0011,27.95,,,,,,,,,,,
IMU,23234,,,,,,,,0.1437,0.0726,9.7789,-0.0019,-0.0040,-0.0035,27.95,,,,,,,,,,,
IMU,23244,,,,,,,,0.1573,0.0078,9.8149,-0.0021,-0.0024,-0.0048,27.95,,,,,,,,,,,
IMU,23254,,,,,,,,0.1353,-0.0112,9.7642,-0.0019,-0.0005,-0.0051,27.95,,,,,,,,,,,
IMU,23264,,,,,,,,0.1103,-0.0578,9.7976,-0.0040,-0.0000,-0.0040,27.95,,,,,,,,,,,
IMU,23274,,,,,,,,0.1090,-0.1290,9.8269,-0.0029,0.0003,-0.0016,27.95,,,,,,,,,,,
IMU,23284,,,,,,,,0.1304,-0.1386,9.7500,-0.0005,0.0000,-0.0005,27.95,,,,,,,,,,,
IMU,23294,,,,,,,,0.1459,-0.1206,9.6861,0.0003,0.0000,-0.0011,27.95,,,,,,,,,,,
IMU,23304,,,,,,,,0.1521,-0.1346,9.6938,0.0005,-0.0016,-0.0019,27.95,,,,,,,,,,,
IMU,23314,,,,,,,,0.1557,-0.1121,9.7163,0.0024,-0.0027,-0.0008,27.95,,,,,,,,,,,
IMU,23324,,,,,,,,0.1519,-0.0376,9.7235,0.0024,-0.0013,-0.0003,27.95,,,,,,,,,,,
IMU,23335,,,,,,,,0.1368,0.0004,9.7780,0.0008,-0.0005,0.0016,27.95,,,,,,,,,,,
IMU,23345,,,,,,,,0.1344,0.0123,9.8196,0.0019,-0.0003,0.0032,27.95,,,,,,,,,,,
IMU,23355,,,,,,,,0.1452,0.0686,9.7862,0.0029,0.0013,0.0032,27.95,,,,,,,,,,,
IMU,23365,,,,,,,,0.1232,0.1027,9.7620,0.0008,0.0024,0.0011,27.95,,,,,,,,,,,
IMU,23375,,,,,,,,0.0955,0.0683,9.7599,-0.0011,0.0016,-0.0008,27.95,,,,,,,,,,,
IMU,23385,,,,,,,,0.0648,0.0537,9.6840,-0.0011,0.0003,-0.0019,27.95,,,,,,,,,,,
IMU,23395,,,,,,,,0.0392,0.0618,9.6244,-0.0019,-0.0003,-0.0016,27.95,,,,,,,,,,,
IMU,23405,,,,,,,,0.0238,0.0166,9.6644,-0.0029,-0.0016,0.0000,27.95,,,,,,,,,,,
IMU,23415,,,,,,,,0.0602,-0.0219,9.7127,-0.0005,-0.0029,0.0005,27.95,,,,,,,,,,,
IMU,23425,,,,,,,,0.1102,0.0037,9.7208,0.0013,-0.0019,0.0005,27.95,,,,,,,,,,,
IMU,23435,,,,,,,,0.1256,0.0171,9.7748,0.0003,-0.0011,-0.0019,27.95,,,,,,,,,,,
IMU,23445,,,,,,,,0.1251,-0.0007,9.8369,0.0013,-0.0013,-0.0029,27.95,,,,,,,,,,,
IMU,23455,,,,,,,,0.1162,0.0397,9.7859,0.0024,-0.0005,-0.0016,27.95,,,,,,,,,,,
IMU,23465,,,,,,,,0.0897,0.0934,9.7078,0.0005,-0.0011,-0.0005,27.95,,,,,,,,,,,
IMU,23475,,,,,,,,0.0831,0.0659,9.7602,-0.0013,-0.0027,-0.0005,27.95,,,,,,,,,,,
IMU,23485,,,,,,,,0.0998,0.0711,9.7135,0.0005,-0.0021,-0.0008,27.95,,,,,,,,,,,
IMU,23495,,,,,,,,0.1037,0.1052,9.5789,-0.0005,-0.0016,-0.0027,27.95,,,,,,,,,,,
IMU,23505,,,,,,,,0.1090,0.0362,9.6624,-0.0035,-0.0037,-0.0035,27.95,,,,,,,,,,,
IMU,23515,,,,,,,,0.1537,-0.0534,9.8362,-0.0024,-0.0035,-0.0021,27.95,,,,,,,,,,,
IMU,23525,,,,,,,,0.1717,-0.0702,9.8103,-0.0011,-0.0003,-0.0005,27.95,,,,,,,,,,,
IMU,23535,,,,,,,,0.1543,-0.0970,9.7661,-0.0019,-0.0005,-0.0013,27.95,,,,,,,,,,,
IMU,23545,,,,,,,,0.1461,-0.1492,9.8310,-0.0011,-0.0008,-0.0016,27.95,,,,,,,,,,,
IMU,23555,,,,,,,,0.1609,-0.1341,9.8188,0.0016,-0.0000,-0.0013,27.95,,,,,,,,,,,
IMU,23565,,,,,,,,0.1409,-0.0769,9.7235,0.0016,0.0013,-0.0011,27.95,,,,,,,,,,,
IMU,23575,,,,,,,,0.1082,-0.0662,9.6820,0.0005,0.0005,0.0000,27.95,,,,,,,,,,,
IMU,23585,,,,,,,,0.1057,-0.0391,9.6917,0.0021,-0.0008,0.0013,27.95,,,,,,,,,,,
IMU,23595,,,,,,,,0.1126,0.0296,9.6877,0.0029,-0.0008,0.0024,27.95,,,,,,,,,,,
IMU,23606,,,,,,,,0.1124,0.0515,9.7694,0.0013,0.0000,0.0024,27.95,,,,,,,,,,,
IMU,23616,,,,,,,,0.1024,0.0293,9.8039,0.0011,0.0008,0.0013,27.95,,,,,,,,,,,
IMU,23626,,,,,,,,0.0943,0.0660,9.6974,0.0011,-0.0003,-0.0005,27.95,,,,,,,,,,,
IMU,23636,,,,,,,,0.1037,0.0766,9.7522,-0.0021,-0.0011,-0.0005,27.95,,,,,,,,,,,
IMU,23646,,,,,,,,0.0973,0.0193,9.8380,-0.0029,0.0008,0.0005,27.95,,,,,,,,,,,
IMU,23656,,,,,,,,0.0924,0.0127,9.7254,0.0005,0.0005,0.0008,27.95,,,,,,,,,,,
IMU,23666,,,,,,,,0.1060,0.0567,9.6425,0.0013,-0.0003,-0.0003,27.95,,,,,,,,,,,
IMU,23676,,,,,,,,0.0804,0.0389,9.6837,-0.0011,-0.0005,-0.0016,27.95,,,,,,,,,,,
IMU,23686,,,,,,,,0.0578,-0.0019,9.7292,0.0003,-0.0013,-0.0027,27.95,,,,,,,,,,,
IMU,23696,,,,,,,,0.0726,0.0518,9.7045,0.0027,-0.0019,-0.0013,27.95,,,,,,,,,,,
IMU,23706,,,,,,,,0.0906,0.0823,9.7028,-0.0008,-0.0024,-0.0008,27.95,,,,,,,,,,,
IMU,23716,,,,,,,,0.0971,0.0334,9.7798,-0.0013,-0.0029,-0.0011,27.95,,,,,,,,,,,
IMU,23726,,,,,,,,0.1168,0.0392,9.8131,0.0011,-0.0032,-0.0019,27.95,,,,,,,,,,,
IMU,23736,,,,,,,,0.1208,0.0762,9.7640,0.0003,-0.0013,-0.0035,27.95,,,,,,,,,,,
IMU,23746,,,,,,,,0.0964,0.0147,9.7214,-0.0032,-0.0013,-0.0043,27.95,,,,,,,,,,,
IMU,23756,,,,,,,,0.0980,-0.0537,9.7114,-0.0019,-0.0019,-0.0040,27.95,,,,,,,,,,,
IMU,23766,,,,,,,,0.1274,-0.0274,9.7075,-0.0008,-0.0005,-0.0013,27.95,,,,,,,,,,,
IMU,23776,,,,,,,,0.1436,-0.0307,9.7343,-0.0027,0.0003,0.0003,27.95,,,,,,,,,,,
IMU,23786,,,,,,,,0.1605,-0.1073,9.7751,-0.0013,-0.0016,0.0008,27.95,,,,,,,,,,,
IMU,23796,,,,,,,,0.1865,-0.1019,9.7597,0.0021,-0.0021,-0.0005,27.95,,,,,,,,,,,
IMU,23806,,,,,,,,0.1642,-0.0531,9.7495,0.0008,-0.0016,-0.0035,27.95,,,,,,,,,,,
IMU,23816,,,,,,,,0.1132,-0.0817,9.7817,-0.0024,-0.0008,-0.0029,27.95,,,,,,,,,,,
IMU,23826,,,,,,,,0.1073,-0.0813,9.7691,0.0005,-0.0013,0.0005,27.95,,,,,,,,,,,
IMU,23836,,,,,,,,0.1251,0.0036,9.7135,0.0029,0.0000,0.0027,27.95,,,,,,,,,,,
IMU,23846,,,,,,,,0.1334,0.0371,9.7167,0.0005,0.0013,0.0024,27.95,,,,,,,,,,,
IMU,23856,,,,,,,,0.1329,0.0036,9.7729,0.0005,0.0008,0.0011,27.95,,,,,,,,,,,
IMU,23866,,,,,,,,0.1316,0.0328,9.7545,0.0029,-0.0000,-0.0003,27.95,,,,,,,,,,,
IMU,23876,,,,,,,,0.0997,0.0834,9.6919,0.0003,0.0008,-0.0011,27.95,,,,,,,,,,,
IMU,23887,,,,,,,,0.0672,0.0470,9.7179,-0.0021,-0.0003,-0.0021,27.95,,,,,,,,,,,
IMU,23897,,,,,,,,0.0656,0.0211,9.7549,-0.0003,-0.0008,0.0003,27.95,,,,,,,,,,,
IMU,23907,,,,,,,,0.0786,0.0605,9.7278,0.0005,-0.0005,0.0008,27.95,,,,,,,,,,,
IMU,23917,,,,,,,,0.0874,0.0564,9.7111,-0.0016,-0.0005,-0.0008,27.95,,,,,,,,,,,
IMU,23927,,,,,,,,0.1061,0.0067,9.7548,-0.0005,-0.0016,-0.0027,27.95,,,,,,,,,,,
IMU,23937,,,,,,,,0.1175,0.0195,9.7489,0.0027,-0.0005,-0.0029,27.95,,,,,,,,,,,
IMU,23947,,,,,,,,0.0793,0.0470,9.7173,0.0008,-0.0000,-0.0019,27.95,,,,,,,,,,,
IMU,23957,,,,,,,,0.0524,0.0070,9.7191,-0.0008,-0.0016,-0.0008,27.95,,,,,,,,,,,
IMU,23967,,,,,,,,0.0838,-0.0027,9.7365,0.0005,-0.0021,-0.0003,27.95,,,,,,,,,,,
IMU,23977,,,,,,,,0.1106,0.0446,9.7317,0.0005,-0.0016,-0.0013,27.95,,,,,,,,,,,
IMU,23987,,,,,,,,0.1115,0.0331,9.7227,-0.0024,-0.0019,-0.0029,27.95,,,,,,,,,,,
IMU,23997,,,,,,,,0.1308,-0.0210,9.7362,-0.0011,-0.0035,-0.0024,27.95,,,,,,,,,,,
IMU,24007,,,,,,,,0.1596,-0.0166,9.7594,0.0008,-0.0029,-0.0021,27.95,,,,,,,,,,,
IMU,24017,,,,,,,,0.1421,-0.0006,9.7718,-0.0005,-0.0003,-0.0016,27.95,,,,,,,,,,,
IMU,24027,,,,,,,,0.1247,-0.0552,9.7682,-0.0016,0.0003,-0.0011,27.95,,,,,,,,,,,
IMU,24037,,,,,,,,0.1392,-0.0754,9.7681,0.0005,-0.0003,-0.0011,27.95,,,,,,,,,,,
IMU,24047,,,,,,,,0.1566,-0.0302,9.7530,0.0008,-0.0005,-0.0011,27.95,,,,,,,,,,,
IMU,24057,,,,,,,,0.1572,-0.0458,9.7609,-0.0016,-0.0008,-0.0011,27.95,,,,,,,,,,,
IMU,24067,,,,,,,,0.1629,-0.0748,9.7720,0.0003,-0.0005,-0.0008,27.95,,,,,,,,,,,
IMU,24077,,,,,,,,0.1235,-0.0142,9.6403,0.0013,-0.0008,0.0011,27.95,,,,,,,,,,,
IMU,24087,,,,,,,,0.0789,-0.0039,9.6564,-0.0005,-0.0019,0.0003,27.95,,,,,,,,,,,
IMU,24097,,,,,,,,0.0957,-0.0522,9.8934,0.0011,-0.0013,0.0005,27.95,,,,,,,,,,,
IMU,24107,,,,,,,,0.1105,0.0055,9.7907,0.0032,0.0024,0.0008,27.95,,,,,,,,,,,
IMU,24117,,,,,,,,0.0904,0.0485,9.5615,0.0005,0.0011,-0.0005,27.95,,,,,,,,,,,
IMU,24127,,,,,,,,0.1189,0.0064,9.7925,-0.0008,-0.0032,-0.0013,27.95,,,,,,,,,,,
IMU,24137,,,,,,,,0.1488,0.0159,9.9125,0.0013,0.0000,0.0008,27.95,,,,,,,,,,,
IMU,24147,,,,,,,,0.1166,0.0799,9.6579,0.0013,0.0021,0.0000,27.95,,,,,,,,,,,
IMU,24158,,,,,,,,0.0635,0.0633,9.6045,-0.0011,-0.0013,-0.0016,27.95,,,,,,,,,,,
IMU,24168,,,,,,,,0.0609,0.0269,9.7606,-0.0005,-0.0035,-0.0011,27.95,,,,,,,,,,,
IMU,24178,,,,,,,,0.0690,0.0572,9.7414,0.0008,-0.0013,0.0003,27.95,,,,,,,,,,,
IMU,24188,,,,,,,,0.0692,0.0638,9.6672,-0.0008,0.0003,-0.0008,27.95,,,,,,,,,,,
IMU,24198,,,,,,,,0.1075,0.0153,9.7338,-0.0013,-0.0019,-0.0011,27.95,,,,,,,,,,,
IMU,24208,,,,,,,,0.1573,0.0151,9.7717,0.0005,-0.0024,-0.0008,27.95,,,,,,,,,,,
IMU,24218,,,,,,,,0.1575,0.0304,9.7795,0.0000,-0.0011,-0.0013,27.95,,,,,,,,,,,
IMU,24228,,,,,,,,0.1169,-0.0154,9.7860,-0.0019,-0.0003,-0.0016,27.95,,,,,,,,,,,
IMU,24238,,,,,,,,0.0906,-0.0382,9.7181,-0.0003,-0.0016,-0.0021,27.95,,,,,,,,,,,
IMU,24248,,,,,,,,0.1018,-0.0022,9.6935,0.0011,-0.0021,-0.0024,27.95,,,,,,,,,,,
IMU,24258,,,,,,,,0.1108,-0.0115,9.7446,-0.0016,-0.0016,-0.0019,27.95,,,,,,,,,,,
IMU,24268,,,,,,,,0.1132,-0.0677,9.7386,-0.0008,-0.0011,-0.0011,27.95,,,,,,,,,,,
IMU,24278,,,,,,,,0.1554,-0.0630,9.7197,0.0019,-0.0019,-0.0005,27.95,,,,,,,,,,,
IMU,24288,,,,,,,,0.1718,-0.0241,9.7533,0.0005,-0.0011,-0.0008,27.95,,,,,,,,,,,
IMU,24298,,,,,,,,0.1425,-0.0489,9.7884,-0.0016,-0.0005,-0.0008,27.95,,,,,,,,,,,
IMU,24308,,,,,,,,0.1218,-0.0729,9.7772,0.0000,-0.0003,-0.0005,27.95,,,,,,,,,,,
IMU,24318,,,,,,,,0.1202,-0.0141,9.7483,0.0011,-0.0003,-0.0003,27.95,,,,,,,,,,,
IMU,24328,,,,,,,,0.1091,0.0028,9.7386,-0.0005,-0.0000,-0.0008,27.95,,,,,,,,,,,
IMU,24338,,,,,,,,0.1120,-0.0268,9.7489,-0.0005,-0.0003,0.0005,27.95,,,,,,,,,,,
IMU,24348,,,,,,,,0.1233,0.0078,9.7386,0.0016,-0.0000,0.0011,27.95,,,,,,,,,,,
IMU,24358,,,,,,,,0.1060,0.0546,9.7048,0.0005,0.0005,0.0000,27.95,,,,,,,,,,,
IMU,24368,,,,,,,,0.0888,0.0225,9.7030,-0.0011,-0.0005,-0.0003,27.95,,,,,,,,,,,
IMU,24378,,,,,,,,0.0849,0.0123,9.7444,0.0013,-0.0011,-0.0008,27.95,,,,,,,,,,,
IMU,24388,,,,,,,,0.0820,0.0623,9.7551,0.0011,-0.0008,-0.0005,27.95,,,,,,,,,,,
IMU,24398,,,,,,,,0.0744,0.0546,9.7383,-0.0011,-0.0008,-0.0011,27.95,,,,,,,,,,,
IMU,24408,,,,,,,,0.1009,0.0145,9.7398,-0.0005,-0.0021,-0.0013,27.95,,,,,,,,,,,
IMU,24418,,,,,,,,0.1218,0.0389,9.7410,0.0013,-0.0013,-0.0008,27.95,,,,,,,,,,,
IMU,24429,,,,,,,,0.0998,0.0660,9.7158,-0.0013,0.0000,-0.0013,27.95,,,,,,,,,,,
IMU,24439,,,,,,,,0.0730,0.0257,9.6953,-0.0024,-0.0008,-0.0019,27.95,,,,,,,,,,,
IMU,24449,,,,,,,,0.0847,0.0033,9.7090,0.0008,-0.0019,-0.0019,27.95,,,,,,,,,,,
IMU,24459,,,,,,,,0.1024,0.0340,9.7322,0.0008,-0.0016,-0.0013,27.95,,,,,,,,,,,
IMU,24469,,,,,,,,0.1124,0.0114,9.7612,-0.0013,-0.0013,-0.0019,27.95,,,,,,,,,,,
IMU,24479,,,,,,,,0.1471,-0.0391,9.7843,-0.0003,-0.0008,-0.0013,27.95,,,,,,,,,,,
IMU,24489,,,,,,,,0.1453,-0.0138,9.7022,0.0003,-0.0013,-0.0016,27.95,,,,,,,,,,,
IMU,24499,,,,,,,,0.1211,-0.0187,9.7154,-0.0019,-0.0029,-0.0021,27.95,,,,,,,,,,,
IMU,24509,,,,,,,,0.1224,-0.0692,9.8747,-0.0003,-0.0029,-0.0011,27.95,,,,,,,,,,,
IMU,24519,,,,,,,,0.1206,-0.0362,9.7590,0.0013,0.0008,-0.0005,27.95,,,,,,,,,,,
IMU,24529,,,,,,,,0.0964,-0.0093,9.5928,-0.0005,0.0005,-0.0019,27.95,,,,,,,,,,,
IMU,24539,,,,,,,,0.1296,-0.0567,9.7853,-0.0019,-0.0013,-0.0008,27.95,,,,,,,,,,,
IMU,24549,,,,,,,,0.1660,-0.0591,9.8754,0.0005,0.0003,0.0016,27.95,,,,,,,,,,,
IMU,24559,,,,,,,,0.1439,-0.0045,9.6741,0.0008,0.0013,0.0011,27.95,,,,,,,,,,,
IMU,24569,,,,,,,,0.1230,0.0003,9.6736,0.0000,-0.0016,-0.0008,27.95,,,,,,,,,,,
IMU,24579,,,,,,,,0.1189,-0.0051,9.8194,0.0008,-0.0021,-0.0008,27.95,,,,,,,,,,,
IMU,24589,,,,,,,,0.0967,0.0314,9.7519,0.0019,-0.0003,0.0003,27.95,,,,,,,,,,,
IMU,24599,,,,,,,,0.0639,0.0524,9.6688,0.0000,-0.0003,-0.0003,27.95,,,,,,,,,,,
IMU,24609,,,,,,,,0.0819,0.0238,9.7390,-0.0011,-0.0016,-0.0008,27.95,,,,,,,,,,,
IMU,24619,,,,,,,,0.1295,0.0293,9.7742,0.0008,-0.0011,-0.0003,27.95,,,,,,,,,,,
IMU,24629,,,,,,,,0.1313,0.0542,9.7513,0.0005,0.0008,0.0000,27.95,,,,,,,,,,,
IMU,24639,,,,,,,,0.1060,0.0403,9.7431,0.0000,0.0011,-0.0019,27.95,,,,,,,,,,,
IMU,24649,,,,,,,,0.0763,0.0156,9.7175,-0.0003,-0.0005,-0.0027,27.95,,,,,,,,,,,
IMU,24659,,,,,,,,0.0683,0.0214,9.7167,0.0005,-0.0021,-0.0027,27.95,,,,,,,,,,,
IMU,24669,,,,,,,,0.0760,0.0323,9.7337,-0.0008,-0.0013,-0.0008,27.95,,,,,,,,,,,
IMU,24679,,,,,,,,0.0927,0.0111,9.7289,-0.0011,-0.0013,0.0000,27.95,,,,,,,,,,,
IMU,24689,,,,,,,,0.1242,-0.0052,9.7203,0.0003,-0.0019,-0.0013,27.95,,,,,,,,,,,
IMU,24699,,,,,,,,0.1513,0.0202,9.7576,0.0005,-0.0016,-0.0024,27.95,,,,,,,,,,,
IMU,24710,,,,,,,,0.1332,0.0196,9.7798,-0.0011,-0.0005,-0.0019,27.95,,,,,,,,,,,
IMU,24720,,,,,,,,0.0962,-0.0219,9.7542,-0.0016,-0.0013,-0.0019,27.95,,,,,,,,,,,
IMU,24730,,,,,,,,0.1030,-0.0210,9.7302,-0.0003,-0.0021,-0.0005,27.95,,,,,,,,,,,
IMU,24740,,,,,,,,0.1238,-0.0072,9.7863,-0.0008,-0.0011,-0.0005,27.95,,,,,,,,,,,
IMU,24750,,,,,,,,0.1352,-0.0240,9.7474,-0.0019,-0.0008,0.0003,27.95,,,,,,,,,,,
IMU,24760,,,,,,,,0.1433,-0.0359,9.6753,0.0000,-0.0016,-0.0011,27.95,,,,,,,,,,,
IMU,24770,,,,,,,,0.1453,-0.0272,9.7471,0.0005,-0.0024,-0.0016,27.95,,,,,,,,,,,
IMU,24780,,,,,,,,0.1335,-0.0328,9.8001,-0.0005,-0.0016,-0.0016,27.95,,,,,,,,,,,
IMU,24790,,,,,,,,0.1100,-0.0483,9.7124,-0.0008,-0.0005,-0.0005,27.95,,,,,,,,,,,
IMU,24800,,,,,,,,0.1042,-0.0410,9.7304,0.0005,-0.0008,0.0008,27.95,,,,,,,,,,,
IMU,24810,,,,,,,,0.1048,-0.0067,9.8045,0.0008,-0.0005,0.0005,27.95,,,,,,,,,,,
IMU,24820,,,,,,,,0.1165,-0.0082,9.7667,0.0003,-0.0005,0.0000,27.95,,,,,,,,,,,
IMU,24830,,,,,,,,0.1278,-0.0061,9.7260,0.0008,-0.0003,0.0000,27.95,,,,,,,,,,,
IMU,24840,,,,,,,,0.1094,0.0295,9.7313,0.0008,0.0003,-0.0008,27.95,,,,,,,,,,,
IMU,24850,,,,,,,,0.0814,0.0611,9.7182,-0.0000,0.0005,-0.0013,27.95,,,,,,,,,,,
IMU,24860,,,,,,,,0.0642,0.0403,9.6962,-0.0013,-0.0011,-0.0013,27.95,,,,,,,,,,,
IMU,24870,,,,,,,,0.0820,0.0340,9.7311,0.0008,-0.0013,-0.0003,27.95,,,,,,,,,,,
IMU,24880,,,,,,,,0.0804,0.0623,9.7220,0.0003,0.0000,-0.0003,27.95,,,,,,,,,,,
IMU,24890,,,,,,,,0.0853,0.0329,9.7370,-0.0021,-0.0016,-0.0013,27.95,,,,,,,,,,,
IMU,24900,,,,,,,,0.1262,0.0091,9.7877,-0.0005,-0.0019,-0.0019,27.95,,,,,,,,,,,
IMU,24910,,,,,,,,0.1398,0.0322,9.7624,0.0005,-0.0003,-0.0013,27.95,,,,,,,,,,,
IMU,24920,,,,,,,,0.1067,0.0228,9.7265,-0.0005,-0.0011,-0.0021,27.95,,,,,,,,,,,
IMU,24930,,,,,,,,0.0931,-0.0060,9.7444,-0.0003,-0.0027,-0.0024,27.95,,,,,,,,,,,
IMU,24940,,,,,,,,0.1012,0.0117,9.7331,0.0011,-0.0013,-0.0027,27.95,,,,,,,,,,,
IMU,24950,,,,,,,,0.0868,0.0277,9.6977,-0.0011,-0.0003,-0.0016,27.95,,,,,,,,,,,
IMU,24960,,,,,,,,0.1031,-0.0051,9.7132,-0.0013,-0.0008,-0.0013,27.95,,,,,,,,,,,
IMU,24970,,,,,,,,0.1320,-0.0144,9.7370,0.0008,-0.0019,-0.0011,27.95,,,,,,,,,,,
IMU,24980,,,,,,,,0.1371,0.0055,9.7446,0.0000,-0.0019,-0.0011,27.95,,,,,,,,,,,
IMU,24991,,,,,,,,0.1195,-0.0295,9.7745,-0.0011,-0.0027,-0.0016,27.95,,,,,,,,,,,
IMU,25001,,,,,,,,0.1224,-0.0581,9.7774,-0.0003,-0.0021,-0.0021,27.95,,,,,,,,,,,
IMU,25011,,,,,,,,0.1242,-0.0313,9.7450,0.0000,-0.0011,-0.0019,27.95,,,,,,,,,,,
IMU,25021,,,,,,,,0.1120,-0.0383,9.7506,-0.0013,-0.0005,-0.0016,27.95,,,,,,,,,,,
IMU,25031,,,,,,,,0.1325,-0.0708,9.7654,-0.0005,-0.0008,-0.0005,27.95,,,,,,,,,,,
IMU,25041,,,,,,,,0.1524,-0.0454,9.7290,0.0008,-0.0003,-0.0003,27.95,,,,,,,,,,,
IMU,25051,,,,,,,,0.1316,-0.0027,9.7111,-0.0003,0.0000,-0.0008,27.95,,,,,,,,,,,
IMU,25061,,,,,,,,0.1061,-0.0214,9.7588,-0.0005,-0.0005,-0.0005,27.95,,,,,,,,,,,
IMU,25071,,,,,,,,0.1019,-0.0150,9.7572,0.0011,-0.0008,-0.0003,27.95,,,,,,,,,,,
IMU,25081,,,,,,,,0.0927,0.0392,9.7178,0.0008,-0.0003,0.0003,27.95,,,,,,,,,,,
IMU,25091,,,,,,,,0.0879,0.0376,9.7227,-0.0011,-0.0011,0.0000,27.95,,,,,,,,,,,
IMU,25101,,,,,,,,0.1079,0.0183,9.7558,0.0000,-0.0011,0.0005,27.95,,,,,,,,,,,
IMU,25111,,,,,,,,0.1208,0.0452,9.7438,0.0011,-0.0008,0.0008,27.95,,,,,,,,,,,
IMU,25121,,,,,,,,0.0919,0.0588,9.7256,-0.0005,0.0005,-0.0011,27.95,,,,,,,,,,,
IMU,25131,,,,,,,,0.0719,0.0126,9.7392,-0.0019,-0.0008,-0.0021,27.95,,,,,,,,,,,
IMU,25141,,,,,,,,0.0826,0.0037,9.7340,0.0003,-0.0011,-0.0011,27.95,,,,,,,,,,,
IMU,25151,,,,,,,,0.0873,0.0391,9.7100,-0.0003,0.0000,-0.0019,27.95,,,,,,,,,,,
IMU,25161,,,,,,,,0.0865,0.0190,9.7149,-0.0013,-0.0011,-0.0019,27.95,,,,,,,,,,,
IMU,25171,,,,,,,,0.1220,-0.0163,9.7405,0.0005,-0.0021,-0.0013,27.95,,,,,,,,,,,
IMU,25181,,,,,,,,0.1516,0.0196,9.7425,0.0011,-0.0019,-0.0016,27.95,,,,,,,,,,,
IMU,25191,,,,,,,,0.1241,0.0225,9.7438,-0.0008,-0.0013,-0.0016,27.95,,,,,,,,,,,
IMU,25201,,,,,,,,0.1058,-0.0204,9.7570,-0.0005,-0.0013,-0.0013,27.95,,,,,,,,,,,
IMU,25211,,,,,,,,0.1057,-0.0045,9.7560,0.0013,-0.0013,-0.0011,27.95,,,,,,,,,,,
IMU,25221,,,,,,,,0.1018,0.0298,9.7423,0.0008,-0.0003,-0.0013,27.95,,,,,,,,,,,
IMU,25231,,,,,,,,0.1115,-0.0096,9.7440,-0.0019,0.0000,-0.0016,27.95,,,,,,,,,,,
IMU,25241,,,,,,,,0.1380,-0.0440,9.7476,0.0000,-0.0008,-0.0005,27.95,,,,,,,,,,,
IMU,25252,,,,,,,,0.1436,-0.0100,9.7376,0.0008,-0.0008,-0.0008,27.95,,,,,,,,,,,
IMU,25262,,,,,,,,0.1308,-0.0162,9.7420,-0.0011,-0.0011,-0.0011,27.95,,,,,,,,,,,
IMU,25272,,,,,,,,0.1169,-0.0546,9.7124,-0.0005,-0.0019,-0.0003,27.95,,,,,,,,,,,
IMU,25282,,,,,,,,0.1304,-0.0335,9.7548,0.0021,-0.0013,-0.0000,27.95,,,,,,,,,,,
IMU,25292,,,,,,,,0.1361,0.0010,9.8301,0.0013,0.0005,0.0003,27.95,,,,,,,,,,,
IMU,25302,,,,,,,,0.1235,0.0043,9.7016,-0.0008,0.0011,-0.0003,27.95,,,,,,,,,,,
IMU,25312,,,,,,,,0.1310,-0.0165,9.6618,0.0008,-0.0016,-0.0011,27.95,,,,,,,,,,,
IMU,25322,,,,,,,,0.1338,0.0301,9.8515,0.0021,-0.0011,0.0000,27.95,,,,,,,,,,,
IMU,25332,,,,,,,,0.0940,0.0732,9.7597,-0.0003,0.0019,0.0008,27.95,,,,,,,,,,,
IMU,25342,,,,,,,,0.0599,0.0204,9.6027,-0.0016,-0.0003,-0.0011,27.95,,,,,,,,,,,
IMU,25352,,,,,,,,0.0653,0.0126,9.7349,0.0011,-0.0021,-0.0011,27.95,,,,,,,,,,,
IMU,25362,,,,,,,,0.0762,0.0548,9.7831,-0.0008,0.0000,-0.0008,27.95,,,,,,,,,,,
IMU,25372,,,,,,,,0.1010,0.0147,9.6953,-0.0032,-0.0005,-0.0003,27.95,,,,,,,,,,,
IMU,25382,,,,,,,,0.1370,-0.0254,9.7199,-0.0003,-0.0021,0.0000,27.95,,,,,,,,,,,
IMU,25392,,,,,,,,0.1462,0.0183,9.7697,0.0021,-0.0013,0.0000,27.95,,,,,,,,,,,
IMU,25402,,,,,,,,0.1286,0.0248,9.7482,-0.0005,-0.0021,-0.0016,27.95,,,,,,,,,,,
IMU,25412,,,,,,,,0.1067,-0.0117,9.7654,-0.0005,-0.0016,-0.0024,27.95,,,,,,,,,,,
IMU,25422,,,,,,,,0.0915,0.0135,9.7564,0.0021,0.0000,-0.0019,27.95,,,,,,,,,,,
IMU,25432,,,,,,,,0.0766,0.0570,9.6805,0.0003,-0.0008,-0.0013,27.95,,,,,,,,,,,
IMU,25442,,,,,,,,0.1087,0.0061,9.7323,-0.0019,-0.0027,-0.0013,27.95,,,,,,,,,,,
IMU,25452,,,,,,,,0.1560,-0.0139,9.7796,0.0003,-0.0013,-0.0008,27.95,,,,,,,,,,,
IMU,25462,,,,,,,,0.1453,0.0277,9.7090,-0.0003,0.0005,-0.0011,27.95,,,,,,,,,,,
IMU,25472,,,,,,,,0.1275,-0.0004,9.7205,-0.0019,-0.0021,-0.0024,27.95,,,,,,,,,,,
IMU,25482,,,,,,,,0.1260,-0.0536,9.7988,-0.0013,-0.0016,-0.0027,27.95,,,,,,,,,,,
IMU,25492,,,,,,,,0.1088,-0.0296,9.7705,0.0000,0.0005,-0.0008,27.95,,,,,,,,,,,
IMU,25502,,,,,,,,0.0900,-0.0277,9.7247,-0.0003,0.0003,-0.0008,27.95,,,,,,,,,,,
IMU,25512,,,,,,,,0.1156,-0.0615,9.7510,-0.0003,-0.0016,-0.0005,27.95,,,,,,,,,,,
IMU,25522,,,,,,,,0.1467,-0.0400,9.7512,0.0013,-0.0005,0.0011,27.95,,,,,,,,,,,
IMU,25533,,,,,,,,0.1346,0.0033,9.7145,0.0003,0.0003,0.0005,27.95,,,,,,,,,,,
IMU,25543,,,,,,,,0.1121,-0.0051,9.7295,-0.0003,-0.0016,-0.0008,27.95,,,,,,,,,,,
IMU,25553,,,,,,,,0.1049,0.0022,9.7349,0.0016,-0.0019,-0.0008,27.95,,,,,,,,,,,
IMU,25563,,,,,,,,0.0889,0.0551,9.7191,0.0013,-0.0000,-0.0005,27.95,,,,,,,,,,,
IMU,25573,,,,,,,,0.0769,0.0495,9.7470,-0.0011,-0.0003,-0.0008,27.95,,,,,,,,,,,
IMU,25583,,,,,,,,0.1045,0.0169,9.7609,-0.0003,-0.0016,0.0003,27.95,,,,,,,,,,,
IMU,25593,,,,,,,,0.1319,0.0469,9.7349,0.0011,-0.0005,0.0005,27.95,,,,,,,,,,,
IMU,25603,,,,,,,,0.1199,0.0497,9.7253,-0.0008,-0.0005,-0.0019,27.95,,,,,,,,,,,
IMU,25613,,,,,,,,0.0945,0.0055,9.7536,-0.0016,-0.0011,-0.0027,27.95,,,,,,,,,,,
IMU,25623,,,,,,,,0.0792,-0.0007,9.7322,0.0005,-0.0003,-0.0021,27.95,,,,,,,,,,,
IMU,25633,,,,,,,,0.0784,0.0135,9.7042,0.0000,-0.0005,-0.0019,27.95,,,,,,,,,,,
IMU,25643,,,,,,,,0.0913,-0.0102,9.7242,-0.0016,-0.0016,-0.0019,27.95,,,,,,,,,,,
IMU,25653,,,,,,,,0.1377,-0.0265,9.7423,0.0005,-0.0027,-0.0019,27.95,,,,,,,,,,,
IMU,25663,,,,,,,,0.1594,0.0109,9.7428,0.0005,-0.0011,-0.0016,27.95,,,,,,,,,,,
IMU,25673,,,,,,,,0.1238,0.0154,9.7441,-0.0013,-0.0011,-0.0024,27.95,,,,,,,,,,,
IMU,25683,,,,,,,,0.1021,-0.0138,9.7504,0.0000,-0.0021,-0.0024,27.95,,,,,,,,,,,
IMU,25693,,,,,,,,0.1046,0.0100,9.7474,0.0013,-0.0021,-0.0019,27.95,,,,,,,,,,,
IMU,25703,,,,,,,,0.0888,0.0231,9.7380,-0.0003,-0.0013,-0.0013,27.95,,,,,,,,,,,
IMU,25713,,,,,,,,0.0901,-0.0135,9.7389,-0.0013,-0.0008,-0.0008,27.95,,,,,,,,,,,
IMU,25723,,,,,,,,0.1376,-0.0240,9.7287,0.0005,-0.0011,-0.0011,27.95,,,,,,,,,,,
IMU,25733,,,,,,,,0.1623,0.0042,9.7292,0.0000,-0.0011,-0.0016,27.95,,,,,,,,,,,
IMU,25743,,,,,,,,0.1298,-0.0183,9.7467,-0.0021,-0.0011,-0.0019,27.95,,,,,,,,,,,
IMU,25753,,,,,,,,0.1108,-0.0518,9.7518,-0.0003,-0.0019,-0.0011,27.95,,,,,,,,,,,
IMU,25763,,,,,,,,0.1042,-0.0159,9.7325,0.0016,-0.0013,-0.0008,27.95,,,,,,,,,,,
IMU,25773,,,,,,,,0.0834,0.0043,9.7364,-0.0003,-0.0005,-0.0005,27.95,,,,,,,,,,,
IMU,25783,,,,,,,,0.0928,-0.0317,9.7747,0.0000,-0.0008,0.0000,27.95,,,,,,,,,,,
IMU,25793,,,,,,,,0.1371,-0.0079,9.7539,0.0021,-0.0008,0.0005,27.95,,,,,,,,,,,
IMU,25803,,,,,,,,0.1443,0.0397,9.7136,0.0011,0.0000,-0.0008,27.95,,,,,,,,,,,
IMU,25814,,,,,,,,0.1230,0.0168,9.7426,-0.0011,-0.0008,-0.0019,27.95,,,,,,,,,,,
IMU,25824,,,,,,,,0.1061,0.0061,9.7488,0.0013,-0.0011,-0.0013,27.95,,,,,,,,,,,
IMU,25834,,,,,,,,0.0838,0.0498,9.7130,0.0019,-0.0008,-0.0005,27.95,,,,,,,,,,,
IMU,25844,,,,,,,,0.0642,0.0467,9.7088,-0.0011,-0.0005,0.0000,27.95,,,,,,,,,,,
IMU,25854,,,,,,,,0.0814,-0.0007,9.7507,-0.0011,-0.0016,-0.0008,27.95,,,,,,,,,,,
IMU,25864,,,,,,,,0.1187,0.0130,9.7498,0.0005,-0.0008,-0.0008,27.95,,,,,,,,,,,
IMU,25874,,,,,,,,0.1181,0.0311,9.7352,-0.0008,0.0000,-0.0013,27.95,,,,,,,,,,,
IMU,25884,,,,,,,,0.1066,-0.0196,9.7525,-0.0019,-0.0013,-0.0019,27.95,,,,,,,,,,,
IMU,25894,,,,,,,,0.1081,-0.0398,9.7664,-0.0003,-0.0021,-0.0013,27.95,,,,,,,,,,,
IMU,25904,,,,,,,,0.0942,-0.0066,9.7349,0.0003,-0.0005,-0.0011,27.95,,,,,,,,,,,
IMU,25914,,,,,,,,0.0853,-0.0245,9.7220,-0.0019,-0.0005,-0.0016,27.95,,,,,,,,,,,
IMU,25924,,,,,,,,0.1187,-0.0587,9.7435,-0.0003,-0.0021,-0.0013,27.95,,,,,,,,,,,
IMU,25934,,,,,,,,0.1618,-0.0198,9.7476,0.0016,-0.0008,-0.0005,27.95,,,,,,,,,,,
IMU,25944,,,,,,,,0.1612,0.0070,9.7459,-0.0011,0.0003,0.0000,27.95,,,,,,,,,,,
IMU,25954,,,,,,,,0.1480,-0.0222,9.7795,-0.0003,-0.0005,0.0003,27.95,,,,,,,,,,,
IMU,25964,,,,,,,,0.1489,-0.0102,9.7684,0.0019,-0.0008,0.0003,27.95,,,,,,,,,,,
IMU,25974,,,,,,,,0.1233,0.0407,9.7338,0.0005,0.0000,0.0000,27.95,,,,,,,,,,,
IMU,25984,,,,,,,,0.0922,0.0207,9.7507,-0.0013,0.0000,-0.0013,27.95,,,,,,,,,,,
IMU,25994,,,,,,,,0.0951,-0.0076,9.7513,0.0003,-0.0005,-0.0013,27.95,,,,,,,,,,,
IMU,26004,,,,,,,,0.1103,0.0278,9.7212,0.0003,-0.0003,-0.0003,27.95,,,,,,,,,,,
IMU,26014,,,,,,,,0.1045,0.0266,9.7227,-0.0016,0.0000,0.0000,27.95,,,,,,,,,,,
IMU,26024,,,,,,,,0.1007,-0.0225,9.7483,-0.0013,-0.0008,-0.0008,27.95,,,,,,,,,,,
IMU,26034,,,,,,,,0.1015,-0.0030,9.7371,0.0008,-0.0011,-0.0003,27.95,,,,,,,,,,,
IMU,26044,,,,,,,,0.0804,0.0404,9.7123,0.0000,-0.0003,-0.0011,27.95,,,,,,,,,,,
IMU,26054,,,,,,,,0.0689,0.0147,9.7320,-0.0008,-0.0008,-0.0016,27.95,,,,,,,,,,,
IMU,26064,,,,,,,,0.0933,0.0052,9.7465,0.0016,-0.0011,-0.0003,27.95,,,,,,,,,,,
IMU,26074,,,,,,,,0.1112,0.0621,9.7262,0.0024,-0.0008,-0.0003,27.95,,,,,,,,,,,
IMU,26085,,,,,,,,0.1054,0.0724,9.7108,-0.0008,-0.0016,-0.0019,27.95,,,,,,,,,,,
IMU,26095,,,,,,,,0.1111,0.0307,9.7302,0.0003,-0.0029,-0.0024,27.95,,,,,,,,,,,
IMU,26105,,,,,,,,0.1123,0.0448,9.7343,0.0008,-0.0019,-0.0024,27.96,,,,,,,,,,,
IMU,26115,,,,,,,,0.0855,0.0564,9.7232,-0.0013,-0.0011,-0.0024,27.96,,,,,,,,,,,
IMU,26125,,,,,,,,0.0829,-0.0040,9.7467,-0.0021,-0.0024,-0.0019,27.96,,,,,,,,,,,
IMU,26135,,,,,,,,0.1241,-0.0389,9.7606,0.0000,-0.0021,-0.0016,27.96,,,,,,,,,,,
IMU,26145,,,,,,,,0.1512,-0.0217,9.7380,-0.0011,-0.0011,-0.0016,27.96,,,,,,,,,,,
IMU,26155,,,,,,,,0.1534,-0.0678,9.7542,-0.0037,-0.0008,-0.0016,27.96,,,,,,,,,,,
IMU,26165,,,,,,,,0.1627,-0.1212,9.7849,-0.0013,-0.0016,-0.0011,27.96,,,,,,,,,,,
IMU,26175,,,,,,,,0.1501,-0.0777,9.7426,0.0019,-0.0008,-0.0011,27.96,,,,,,,,,,,
IMU,26185,,,,,,,,0.1111,-0.0469,9.7157,0.0003,-0.0005,-0.0013,27.96,,,,,,,,,,,
IMU,26195,,,,,,,,0.0858,-0.0707,9.7549,0.0000,-0.0011,-0.0005,27.96,,,,,,,,,,,
IMU,26205,,,,,,,,0.1094,-0.0433,9.7666,0.0029,-0.0008,0.0008,27.96,,,,,,,,,,,
IMU,26215,,,,,,,,0.1298,0.0344,9.7344,0.0019,0.0005,0.0011,27.96,,,,,,,,,,,
IMU,26225,,,,,,,,0.1268,0.0248,9.7419,-0.0008,0.0000,0.0008,27.96,,,,,,,,,,,
IMU,26235,,,,,,,,0.1223,0.0096,9.7615,-0.0003,-0.0011,-0.0003,27.96,,,,,,,,,,,
IMU,26245,,,,,,,,0.1025,0.0696,9.7377,0.0013,-0.0005,-0.0008,27.96,,,,,,,,,,,
IMU,26255,,,,,,,,0.0672,0.0786,9.7200,-0.0016,-0.0003,-0.0011,27.96,,,,,,,,,,,
IMU,26265,,,,,,,,0.0644,0.0103,9.7365,-0.0016,-0.0016,-0.0008,27.96,,,,,,,,,,,
IMU,26275,,,,,,,,0.0948,0.0159,9.7268,0.0005,-0.0005,-0.0008,27.96,,,,,,,,,,,
IMU,26285,,,,,,,,0.1144,0.0407,9.7188,-0.0003,0.0005,-0.0005,27.96,,,,,,,,,,,
IMU,26295,,,,,,,,0.1260,-0.0088,9.7540,-0.0016,-0.0013,0.0000,27.96,,,,,,,,,,,
IMU,26305,,,,,,,,0.1370,-0.0274,9.7657,0.0013,-0.0013,0.0000,27.96,,,,,,,,,,,
IMU,26315,,,,,,,,0.1037,0.0277,9.7265,0.0011,-0.0008,-0.0005,27.96,,,,,,,,,,,
IMU,26325,,,,,,,,0.0681,0.0154,9.7355,-0.0019,-0.0011,-0.0019,27.96,,,,,,,,,,,
IMU,26335,,,,,,,,0.0751,-0.0214,9.7615,-0.0005,-0.0019,-0.0013,27.96,,,,,,,,,,,
IMU,26345,,,,,,,,0.1019,0.0030,9.7320,0.0013,-0.0013,-0.0003,27.96,,,,,,,,,,,
IMU,26356,,,,,,,,0.1241,0.0400,9.6991,0.0003,-0.0003,-0.0003,27.96,,,,,,,,,,,
IMU,26366,,,,,,,,0.1256,0.0106,9.7278,-0.0016,-0.0016,-0.0011,27.96,,,,,,,,,,,
IMU,26376,,,,,,,,0.1328,-0.0196,9.7706,-0.0003,-0.0019,-0.0013,27.96,,,,,,,,,,,
IMU,26386,,,,,,,,0.1159,0.0147,9.7596,0.0005,-0.0008,-0.0013,27.96,,,,,,,,,,,
IMU,26396,,,,,,,,0.0885,-0.0022,9.7443,-0.0013,-0.0008,-0.0013,27.96,,,,,,,,,,,
IMU,26406,,,,,,,,0.1018,-0.0521,9.7608,-0.0008,-0.0016,-0.0013,27.96,,,,,,,,,,,
IMU,26416,,,,,,,,0.1377,-0.0352,9.7545,0.0011,-0.0008,-0.0000,27.96,,,,,,,,,,,
IMU,26426,,,,,,,,0.1418,-0.0078,9.7313,0.0005,0.0003,-0.0003,27.96,,,,,,,,,,,
IMU,26436,,,,,,,,0.1436,-0.0367,9.7411,-0.0011,-0.0008,-0.0011,27.96,,,,,,,,,,,
IMU,26446,,,,,,,,0.1388,-0.0260,9.7429,0.0008,-0.0008,-0.0016,27.96,,,,,,,,,,,
IMU,26456,,,,,,,,0.1097,0.0187,9.7188,0.0011,0.0003,-0.0011,27.96,,,,,,,,,,,
IMU,26466,,,,,,,,0.0814,0.0105,9.7239,-0.0008,-0.0005,-0.0008,27.96,,,,,,,,,,,
IMU,26476,,,,,,,,0.0891,-0.0082,9.7492,0.0000,-0.0016,-0.0003,27.96,,,,,,,,,,,
IMU,26486,,,,,,,,0.1206,0.0310,9.7386,0.0013,-0.0011,-0.0003,27.96,,,,,,,,,,,
IMU,26496,,,,,,,,0.1239,0.0451,9.7331,-0.0003,-0.0011,-0.0005,27.96,,,,,,,,,,,
IMU,26506,,,,,,,,0.1172,0.0063,9.7491,-0.0008,-0.0019,-0.0016,27.96,,,,,,,,,,,
IMU,26516,,,,,,,,0.1127,0.0108,9.7432,0.0011,-0.0016,-0.0016,27.96,,,,,,,,,,,
IMU,26526,,,,,,,,0.0787,0.0359,9.7167,0.0005,-0.0005,-0.0016,27.96,,,,,,,,,,,
IMU,26536,,,,,,,,0.0597,0.0073,9.7214,-0.0011,-0.0008,-0.0019,27.96,,,,,,,,,,,
IMU,26546,,,,,,,,0.0882,-0.0183,9.7373,0.0003,-0.0013,-0.0011,27.96,,,,,,,,,,,
IMU,26556,,,,,,,,0.1205,0.0262,9.7322,0.0016,-0.0005,-0.0011,27.96,,,,,,,,,,,
IMU,26566,,,,,,,,0.1245,0.0305,9.7284,-0.0011,-0.0005,-0.0005,27.96,,,,,,,,,,,
IMU,26576,,,,,,,,0.1250,-0.0126,9.7446,-0.0005,-0.0027,-0.0008,27.96,,,,,,,,,,,
IMU,26586,,,,,,,,0.1142,0.0057,9.7295,0.0008,-0.0019,-0.0008,27.96,,,,,,,,,,,
IMU,26596,,,,,,,,0.0819,0.0349,9.7206,-0.0003,-0.0011,-0.0013,27.96,,,,,,,,,,,
IMU,26606,,,,,,,,0.0810,-0.0078,9.7429,-0.0011,-0.0013,-0.0011,27.96,,,,,,,,,,,
IMU,26616,,,,,,,,0.1115,-0.0298,9.7590,0.0005,-0.0019,-0.0011,27.96,,,,,,,,,,,
IMU,26626,,,,,,,,0.1449,0.0034,9.7477,0.0003,0.0000,-0.0013,27.96,,,,,,,,,,,
IMU,26637,,,,,,,,0.1462,-0.0144,9.7519,-0.0005,0.0000,-0.0008,27.96,,,,,,,,,,,
IMU,26647,,,,,,,,0.1430,-0.0500,9.7699,-0.0003,-0.0011,-0.0005,27.96,,,,,,,,,,,
IMU,26657,,,,,,,,0.1251,-0.0202,9.7417,0.0005,-0.0005,-0.0011,27.96,,,,,,,,,,,
IMU,26667,,,,,,,,0.0843,-0.0022,9.7188,-0.0011,-0.0003,-0.0016,27.96,,,,,,,,,,,
IMU,26677,,,,,,,,0.0835,-0.0416,9.7443,-0.0013,-0.0016,-0.0008,27.96,,,,,,,,,,,
IMU,26687,,,,,,,,0.1075,-0.0266,9.7453,0.0003,-0.0011,0.0003,27.96,,,,,,,,,,,
IMU,26697,,,,,,,,0.1302,0.0162,9.7278,-0.0000,0.0000,-0.0003,27.96,,,,,,,,,,,
IMU,26707,,,,,,,,0.1352,0.0049,9.7488,-0.0016,-0.0003,-0.0008,27.96,,,,,,,,,,,
IMU,26717,,,,,,,,0.1379,-0.0049,9.7666,0.0005,-0.0008,-0.0013,27.96,,,,,,,,,,,
IMU,26727,,,,,,,,0.1187,0.0332,9.7367,0.0021,0.0008,-0.0008,27.96,,,,,,,,,,,
IMU,26737,,,,,,,,0.0783,0.0415,9.7304,-0.0005,0.0000,-0.0008,27.96,,,,,,,,,,,
IMU,26747,,,,,,,,0.0705,0.0043,9.7515,-0.0008,-0.0011,0.0000,27.96,,,,,,,,,,,
IMU,26757,,,,,,,,0.0951,0.0223,9.7283,0.0008,-0.0011,-0.0003,27.96,,,,,,,,,,,
IMU,26767,,,,,,,,0.1084,0.0440,9.6971,0.0008,-0.0005,-0.0013,27.96,,,,,,,,,,,
IMU,26777,,,,,,,,0.1121,0.0111,9.7193,-0.0008,-0.0008,-0.0024,27.96,,,,,,,,,,,
IMU,26787,,,,,,,,0.1284,-0.0093,9.7374,0.0005,-0.0016,-0.0019,27.96,,,,,,,,,,,
IMU,26797,,,,,,,,0.1169,0.0210,9.7326,0.0000,-0.0016,-0.0016,27.96,,,,,,,,,,,
IMU,26807,,,,,,,,0.0834,0.0115,9.7455,-0.0019,-0.0008,-0.0016,27.96,,,,,,,,,,,
IMU,26817,,,,,,,,0.0855,-0.0280,9.7618,-0.0003,-0.0013,-0.0008,27.96,,,,,,,,,,,
IMU,26827,,,,,,,,0.1078,-0.0003,9.7431,0.0019,-0.0005,-0.0008,27.96,,,,,,,,,,,
IMU,26837,,,,,,,,0.1233,0.0272,9.7266,0.0000,0.0003,-0.0019,27.96,,,,,,,,,,,
IMU,26847,,,,,,,,0.1310,-0.0081,9.7359,-0.0008,-0.0013,-0.0016,27.96,,,,,,,,,,,
IMU,26857,,,,,,,,0.1380,-0.0162,9.7310,0.0013,-0.0013,-0.0013,27.96,,,,,,,,,,,
IMU,26867,,,,,,,,0.1178,0.0220,9.7206,0.0008,0.0000,-0.0005,27.96,,,,,,,,,,,
IMU,26877,,,,,,,,0.0955,-0.0021,9.7314,-0.0016,-0.0003,-0.0011,27.96,,,,,,,,,,,
IMU,26887,,,,,,,,0.1087,-0.0466,9.7805,-0.0003,-0.0011,-0.0013,27.96,,,,,,,,,,,
IMU,26898,,,,,,,,0.1218,-0.0275,9.7648,0.0016,0.0000,-0.0008,27.96,,,,,,,,,,,
IMU,26908,,,,,,,,0.1269,-0.0214,9.7286,-0.0008,0.0008,0.0000,27.96,,,,,,,,,,,
IMU,26918,,,,,,,,0.1459,-0.0642,9.7548,-0.0021,-0.0005,-0.0005,27.96,,,,,,,,,,,
IMU,26928,,,,,,,,0.1621,-0.0605,9.7643,0.0000,-0.0011,0.0000,27.96,,,,,,,,,,,
IMU,26938,,,,,,,,0.1313,-0.0132,9.7362,0.0011,-0.0005,0.0003,27.96,,,,,,,,,,,
IMU,26948,,,,,,,,0.0962,-0.0120,9.7341,-0.0005,-0.0008,0.0005,27.96,,,,,,,,,,,
IMU,26958,,,,,,,,0.0861,-0.0165,9.7371,0.0013,-0.0008,0.0003,27.96,,,,,,,,,,,
IMU,26968,,,,,,,,0.0843,0.0386,9.7368,0.0024,0.0000,0.0005,27.96,,,,,,,,,,,
IMU,26978,,,,,,,,0.0939,0.0720,9.7365,0.0003,-0.0003,0.0011,27.96,,,,,,,,,,,
IMU,26988,,,,,,,,0.1135,0.0504,9.7398,-0.0003,-0.0008,0.0013,27.96,,,,,,,,,,,
IMU,26998,,,,,,,,0.1235,0.0638,9.7329,0.0013,-0.0005,0.0000,27.96,,,,,,,,,,,
IMU,27008,,,,,,,,0.0807,0.1018,9.7284,0.0003,-0.0011,-0.0008,27.96,,,,,,,,,,,
IMU,27018,,,,,,,,0.0507,0.0545,9.7422,-0.0021,-0.0019,-0.0013,27.96,,,,,,,,,,,
IMU,27028,,,,,,,,0.0618,0.0114,9.7196,-0.0011,-0.0016,-0.0016,27.96,,,,,,,,,,,
IMU,27038,,,,,,,,0.0850,0.0205,9.6937,0.0000,-0.0008,-0.0021,27.96,,,,,,,,,,,
IMU,27048,,,,,,,,0.1073,0.0075,9.7242,-0.0016,-0.0011,-0.0013,27.96,,,,,,,,,,,
IMU,27058,,,,,,,,0.1383,-0.0349,9.7715,-0.0011,-0.0024,-0.0016,27.96,,,,,,,,,,,
IMU,27068,,,,,,,,0.1558,-0.0210,9.7634,0.0016,-0.0024,-0.0019,27.96,,,,,,,,,,,
IMU,27078,,,,,,,,0.1281,0.0114,9.7434,0.0008,-0.0013,-0.0024,27.96,,,,,,,,,,,
IMU,27088,,,,,,,,0.0995,-0.0118,9.7548,-0.0008,-0.0019,-0.0029,27.96,,,,,,,,,,,
IMU,27098,,,,,,,,0.0921,-0.0166,9.7524,0.0005,-0.0019,-0.0029,27.96,,,,,,,,,,,
IMU,27108,,,,,,,,0.0998,0.0178,9.7232,0.0005,-0.0003,-0.0013,27.96,,,,,,,,,,,
IMU,27118,,,,,,,,0.1166,0.0081,9.7061,-0.0013,-0.0005,-0.0003,27.96,,,,,,,,,,,
IMU,27128,,,,,,,,0.1434,-0.0245,9.7167,-0.0008,-0.0016,-0.0005,27.96,,,,,,,,,,,
IMU,27138,,,,,,,,0.1497,-0.0148,9.7962,0.0003,-0.0016,-0.0016,27.96,,,,,,,,,,,
IMU,27148,,,,,,,,0.1195,-0.0193,9.7961,-0.0005,0.0005,-0.0019,27.96,,,,,,,,,,,
IMU,27158,,,,,,,,0.1054,-0.0564,9.7217,-0.0016,-0.0003,-0.0011,27.96,,,,,,,,,,,
IMU,27168,,,,,,,,0.1206,-0.0651,9.7334,0.0000,-0.0016,-0.0003,27.96,,,,,,,,,,,
IMU,27179,,,,,,,,0.1341,-0.0287,9.7763,0.0005,-0.0011,0.0011,27.96,,,,,,,,,,,
IMU,27189,,,,,,,,0.1452,-0.0244,9.7588,-0.0005,-0.0008,0.0013,27.96,,,,,,,,,,,
IMU,27199,,,,,,,,0.1539,-0.0181,9.7132,0.0016,-0.0008,0.0003,27.96,,,,,,,,,,,
IMU,27209,,,,,,,,0.1296,0.0199,9.7138,0.0016,-0.0005,0.0003,27.96,,,,,,,,,,,
IMU,27219,,,,,,,,0.0823,0.0359,9.7441,0.0003,0.0000,-0.0008,27.96,,,,,,,,,,,
IMU,27229,,,,,,,,0.0686,0.0277,9.7404,-0.0003,0.0000,-0.0008,27.96,,,,,,,,,,,
IMU,27239,,,,,,,,0.0763,0.0436,9.7293,-0.0003,0.0000,-0.0003,27.96,,,,,,,,,,,
IMU,27249,,,,,,,,0.0922,0.0539,9.7278,-0.0003,-0.0005,-0.0003,27.96,,,,,,,,,,,
IMU,27259,,,,,,,,0.1090,0.0440,9.7489,-0.0013,-0.0016,-0.0003,27.96,,,,,,,,,,,
IMU,27269,,,,,,,,0.1296,0.0284,9.7658,0.0000,-0.0013,-0.0019,27.96,,,,,,,,,,,
IMU,27279,,,,,,,,0.1142,0.0287,9.7390,-0.0000,-0.0008,-0.0029,27.96,,,,,,,,,,,
IMU,27289,,,,,,,,0.0769,0.0160,9.7133,-0.0005,-0.0011,-0.0024,27.96,,,,,,,,,,,
IMU,27299,,,,,,,,0.0671,-0.0031,9.7217,-0.0008,-0.0021,-0.0013,27.96,,,,,,,,,,,
IMU,27309,,,,,,,,0.0888,0.0019,9.7381,0.0000,-0.0016,0.0000,27.96,,,,,,,,,,,
IMU,27319,,,,,,,,0.1124,0.0123,9.7292,-0.0008,-0.0016,0.0005,27.96,,,,,,,,,,,
IMU,27329,,,,,,,,0.1374,-0.0036,9.7407,0.0000,-0.0024,-0.0008,27.96,,,,,,,,,,,
IMU,27339,,,,,,,,0.1458,-0.0039,9.7687,0.0011,-0.0029,-0.0021,27.96,,,,,,,,,,,
IMU,27349,,,,,,,,0.1263,0.0043,9.7700,0.0003,-0.0013,-0.0024,27.96,,,,,,,,,,,
IMU,27359,,,,,,,,0.0982,-0.0159,9.7578,-0.0005,-0.0005,-0.0013,27.96,,,,,,,,,,,
IMU,27369,,,,,,,,0.1111,-0.0338,9.7467,0.0003,-0.0016,-0.0005,27.96,,,,,,,,,,,
IMU,27379,,,,,,,,0.1410,-0.0171,9.7313,0.0005,-0.0011,0.0000,27.96,,,,,,,,,,,
IMU,27389,,,,,,,,0.1418,-0.0219,9.7399,-0.0013,-0.0003,0.0000,27.96,,,,,,,,,,,
IMU,27399,,,,,,,,0.1539,-0.0543,9.7524,-0.0008,-0.0000,-0.0013,27.96,,,,,,,,,,,
IMU,27409,,,,,,,,0.1518,-0.0467,9.7384,0.0011,-0.0000,-0.0011,27.96,,,,,,,,,,,
IMU,27419,,,,,,,,0.1171,-0.0213,9.7295,0.0005,0.0000,-0.0005,27.96,,,,,,,,,,,
IMU,27429,,,,,,,,0.0900,-0.0210,9.7417,-0.0005,-0.0008,0.0000,27.96,,,,,,,,,,,
IMU,27439,,,,,,,,0.0825,-0.0368,9.7705,0.0005,-0.0013,0.0005,27.96,,,,,,,,,,,
IMU,27449,,,,,,,,0.1046,0.0099,9.7476,0.0016,0.0000,0.0011,27.96,,,,,,,,,,,
IMU,27460,,,,,,,,0.1141,0.0483,9.7136,0.0003,0.0000,0.0005,27.96,,,,,,,,,,,
IMU,27470,,,,,,,,0.1168,0.0355,9.7277,0.0000,-0.0013,-0.0008,27.96,,,,,,,,,,,
IMU,27480,,,,,,,,0.1166,0.0451,9.7379,0.0008,-0.0011,-0.0016,27.96,,,,,,,,,,,
IMU,27490,,,,,,,,0.0868,0.0841,9.7127,0.0000,-0.0000,-0.0008,27.96,,,,,,,,,,,
IMU,27500,,,,,,,,0.0672,0.0546,9.7362,-0.0013,-0.0008,-0.0008,27.96,,,,,,,,,,,
IMU,27510,,,,,,,,0.0771,0.0229,9.7455,0.0003,-0.0019,-0.0008,27.96,,,,,,,,,,,
IMU,27520,,,,,,,,0.0819,0.0548,9.6624,-0.0013,-0.0019,-0.0005,27.96,,,,,,,,,,,
IMU,27530,,,,,,,,0.0934,0.0193,9.7434,-0.0032,-0.0027,-0.0019,27.96,,,,,,,,,,,
IMU,27540,,,,,,,,0.1223,-0.0278,9.8305,-0.0008,-0.0024,-0.0016,27.96,,,,,,,,,,,
IMU,27550,,,,,,,,0.1401,0.0055,9.7040,0.0013,-0.0008,-0.0011,27.96,,,,,,,,,,,
IMU,27560,,,,,,,,0.1232,0.0082,9.6578,-0.0011,-0.0003,-0.0024,27.96,,,,,,,,,,,
IMU,27570,,,,,,,,0.1021,-0.0510,9.7907,-0.0021,-0.0013,-0.0027,27.96,,,,,,,,,,,
IMU,27580,,,,,,,,0.1100,-0.0418,9.8218,0.0011,-0.0019,-0.0011,27.96,,,,,,,,,,,
IMU,27590,,,,,,,,0.1130,0.0081,9.7003,0.0011,-0.0005,-0.0013,27.96,,,,,,,,,,,
IMU,27600,,,,,,,,0.1192,-0.0126,9.6862,-0.0013,-0.0013,-0.0016,27.96,,,,,,,,,,,
IMU,27610,,,,,,,,0.1470,-0.0350,9.7858,0.0003,-0.0024,-0.0013,27.96,,,,,,,,,,,
IMU,27620,,,,,,,,0.1584,0.0019,9.7575,0.0016,-0.0011,-0.0011,27.96,,,,,,,,,,,
IMU,27630,,,,,,,,0.1325,-0.0046,9.7094,-0.0016,-0.0003,-0.0011,27.96,,,,,,,,,,,
IMU,27640,,,,,,,,0.1091,-0.0572,9.7667,-0.0019,-0.0003,-0.0008,27.96,,,,,,,,,,,
IMU,27650,,,,,,,,0.1144,-0.0470,9.7795,0.0008,-0.0003,0.0003,27.96,,,,,,,,,,,
IMU,27660,,,,,,,,0.1085,-0.0135,9.7465,-0.0003,-0.0000,0.0003,27.96,,,,,,,,,,,
IMU,27670,,,,,,,,0.1051,-0.0311,9.7434,-0.0011,-0.0000,-0.0003,27.96,,,,,,,,,,,
IMU,27680,,,,,,,,0.1266,-0.0332,9.7377,0.0013,-0.0008,-0.0005,27.96,,,,,,,,,,,
IMU,27690,,,,,,,,0.1314,0.0187,9.7208,0.0016,-0.0003,-0.0011,27.96,,,,,,,,,,,
IMU,27701,,,,,,,,0.0960,0.0193,9.7328,-0.0013,0.0000,-0.0005,27.96,,,,,,,,,,,
IMU,27710,,,,,,,,0.0724,-0.0129,9.7449,-0.0005,-0.0011,0.0011,27.96,,,,,,,,,,,
IMU,27720,,,,,,,,0.0817,0.0356,9.7163,0.0024,-0.0013,0.0005,27.96,,,,,,,,,,,
IMU,27730,,,,,,,,0.0933,0.0949,9.6949,0.0000,-0.0005,0.0000,27.96,,,,,,,,,,,
IMU,27741,,,,,,,,0.0977,0.0466,9.7666,-0.0016,-0.0013,-0.0011,27.96,,,,,,,,,,,
IMU,27751,,,,,,,,0.1263,0.0392,9.8161,0.0013,-0.0008,-0.0008,27.96,,,,,,,,,,,
IMU,27761,,,,,,,,0.1290,0.1003,9.6865,0.0008,-0.0003,-0.0019,27.96,,,,,,,,,,,
IMU,27771,,,,,,,,0.0973,0.0546,9.6756,-0.0032,-0.0016,-0.0027,27.96,,,,,,,,,,,
IMU,27781,,,,,,,,0.0756,-0.0242,9.7896,-0.0027,-0.0027,-0.0019,27.96,,,,,,,,,,,
IMU,27791,,,,,,,,0.0719,-0.0021,9.7585,0.0005,-0.0016,-0.0016,27.96,,,,,,,,,,,
IMU,27801,,,,,,,,0.0684,0.0217,9.6614,-0.0008,-0.0013,-0.0019,27.96,,,,,,,,,,,
IMU,27811,,,,,,,,0.0964,-0.0355,9.6983,-0.0024,-0.0029,-0.0021,27.96,,,,,,,,,,,
IMU,27821,,,,,,,,0.1474,-0.0530,9.7998,0.0005,-0.0019,-0.0013,27.96,,,,,,,,,,,
IMU,27831,,,,,,,,0.1555,-0.0066,9.7837,-0.0003,-0.0003,0.0003,27.96,,,,,,,,,,,
IMU,27841,,,,,,,,0.1301,-0.0338,9.7459,-0.0021,-0.0008,-0.0003,27.96,,,,,,,,,,,
IMU,27851,,,,,,,,0.1370,-0.0756,9.7855,0.0003,-0.0019,-0.0003,27.96,,,,,,,,,,,
IMU,27861,,,,,,,,0.1362,-0.0171,9.7691,0.0016,-0.0000,-0.0003,27.96,,,,,,,,,,,
IMU,27871,,,,,,,,0.1127,0.0210,9.7151,-0.0005,0.0003,-0.0008,27.96,,,,,,,,,,,
IMU,27881,,,,,,,,0.1072,-0.0190,9.7166,-0.0008,-0.0011,-0.0011,27.96,,,,,,,,,,,
IMU,27891,,,,,,,,0.1341,-0.0115,9.7235,0.0011,-0.0011,0.0000,27.96,,,,,,,,,,,
IMU,27901,,,,,,,,0.1376,0.0335,9.7235,-0.0005,-0.0003,-0.0003,27.96,,,,,,,,,,,
IMU,27911,,,,,,,,0.1118,-0.0160,9.7678,-0.0021,0.0000,0.0005,27.96,,,,,,,,,,,
IMU,27921,,,,,,,,0.1001,-0.0494,9.7835,-0.0005,-0.0003,0.0000,27.96,,,,,,,,,,,
IMU,27931,,,,,,,,0.0955,-0.0081,9.7405,0.0013,-0.0003,-0.0003,27.96,,,,,,,,,,,
IMU,27941,,,,,,,,0.0868,-0.0006,9.7317,-0.0003,0.0005,-0.0003,27.96,,,,,,,,,,,
IMU,27951,,,,,,,,0.1016,-0.0350,9.7542,-0.0003,-0.0003,0.0005,27.96,,,,,,,,,,,
IMU,27961,,,,,,,,0.1250,0.0016,9.7227,0.0021,-0.0011,0.0013,27.96,,,,,,,,,,,
IMU,27971,,,,,,,,0.1162,0.0558,9.6925,0.0011,-0.0011,0.0005,27.96,,,,,,,,,,,
IMU,27981,,,,,,,,0.0957,0.0377,9.7187,-0.0005,-0.0005,-0.0011,27.96,,,,,,,,,,,
IMU,27991,,,,,,,,0.0934,0.0304,9.7328,0.0013,-0.0013,-0.0013,27.96,,,,,,,,,,,
IMU,28002,,,,,,,,0.0885,0.0924,9.7230,0.0019,-0.0011,-0.0011,27.96,,,,,,,,,,,
IMU,28012,,,,,,,,0.0796,0.0943,9.7274,-0.0011,-0.0013,-0.0019,27.96,,,,,,,,,,,
IMU,28022,,,,,,,,0.1060,0.0431,9.7537,-0.0011,-0.0029,-0.0016,27.96,,,,,,,,,,,
IMU,28032,,,,,,,,0.1347,0.0467,9.7706,0.0003,-0.0016,-0.0008,27.96,,,,,,,,,,,
IMU,28042,,,,,,,,0.1227,0.0473,9.7501,-0.0016,-0.0005,-0.0016,27.96,,,,,,,,,,,
IMU,28052,,,,,,,,0.1022,0.0027,9.7331,-0.0029,-0.0011,-0.0024,27.96,,,,,,,,,,,
IMU,28062,,,,,,,,0.0974,-0.0557,9.7266,-0.0011,-0.0021,-0.0032,27.96,,,,,,,,,,,
IMU,28072,,,,,,,,0.0989,-0.0338,9.7100,0.0008,-0.0011,-0.0029,27.96,,,,,,,,,,,
IMU,28082,,,,,,,,0.1025,-0.0292,9.7109,-0.0008,-0.0013,-0.0021,27.96,,,,,,,,,,,
IMU,28092,,,,,,,,0.1305,-0.0777,9.7419,-0.0003,-0.0019,-0.0013,27.96,,,,,,,,,,,
IMU,28102,,,,,,,,0.1693,-0.0635,9.7576,0.0021,-0.0016,-0.0003,27.96,,,,,,,,,,,
IMU,28112,,,,,,,,0.1594,-0.0175,9.7696,0.0008,-0.0005,-0.0011,27.97,,,,,,,,,,,
IMU,28122,,,,,,,,0.1271,-0.0304,9.7796,-0.0008,-0.0016,-0.0016,27.97,,,,,,,,,,,
IMU,28132,,,,,,,,0.1130,-0.0293,9.7636,0.0013,-0.0011,-0.0011,27.97,,,,,,,,,,,
IMU,28142,,,,,,,,0.1087,0.0286,9.7194,0.0019,-0.0003,-0.0008,27.97,,,,,,,,,,,
IMU,28152,,,,,,,,0.1036,0.0371,9.7121,-0.0008,0.0000,-0.0005,27.97,,,,,,,,,,,
IMU,28162,,,,,,,,0.1165,-0.0027,9.7401,-0.0013,-0.0013,-0.0003,27.97,,,,,,,,,,,
IMU,28172,,,,,,,,0.1365,0.0079,9.7359,0.0008,-0.0008,0.0000,27.97,,,,,,,,,,,
IMU,28182,,,,,,,,0.1145,0.0226,9.7278,-0.0000,-0.0005,-0.0011,27.97,,,,,,,,,,,
IMU,28192,,,,,,,,0.0864,-0.0174,9.7549,-0.0005,-0.0011,-0.0016,27.97,,,,,,,,,,,
IMU,28202,,,,,,,,0.0840,-0.0251,9.7633,0.0008,-0.0013,-0.0011,27.97,,,,,,,,,,,
IMU,28212,,,,,,,,0.0850,0.0100,9.7387,0.0008,-0.0011,-0.0003,27.97,,,,,,,,,,,
IMU,28222,,,,,,,,0.0922,0.0088,9.7253,-0.0011,-0.0011,-0.0003,27.97,,,,,,,,,,,
IMU,28232,,,,,,,,0.1117,-0.0043,9.7326,0.0003,-0.0013,-0.0008,27.97,,,,,,,,,,,
IMU,28242,,,,,,,,0.1192,0.0380,9.7311,0.0019,-0.0008,-0.0008,27.97,,,,,,,,,,,
IMU,28252,,,,,,,,0.0951,0.0567,9.7232,0.0003,-0.0011,-0.0008,27.97,,,,,,,,,,,
IMU,28262,,,,,,,,0.0870,0.0350,9.7272,-0.0008,-0.0016,-0.0013,27.97,,,,,,,,,,,
IMU,28272,,,,,,,,0.0985,0.0442,9.7190,0.0003,-0.0013,-0.0011,27.97,,,,,,,,,,,
IMU,28283,,,,,,,,0.0934,0.0695,9.7114,-0.0003,-0.0005,-0.0016,27.97,,,,,,,,,,,
IMU,28293,,,,,,,,0.0954,0.0292,9.7410,-0.0019,-0.0019,-0.0008,27.97,,,,,,,,,,,
IMU,28303,,,,,,,,0.1241,-0.0084,9.7664,0.0000,-0.0024,-0.0016,27.97,,,,,,,,,,,
IMU,28313,,,,,,,,0.1419,-0.0012,9.7468,0.0005,-0.0011,-0.0016,27.97,,,,,,,,,,,
IMU,28323,,,,,,,,0.1262,-0.0240,9.7489,-0.0016,0.0000,-0.0016,27.97,,,,,,,,,,,
IMU,28333,,,,,,,,0.1142,-0.0723,9.7696,-0.0011,-0.0011,-0.0013,27.97,,,,,,,,,,,
IMU,28343,,,,,,,,0.1144,-0.0680,9.7528,0.0005,-0.0013,-0.0013,27.97,,,,,,,,,,,
IMU,28353,,,,,,,,0.1063,-0.0341,9.7178,-0.0005,-0.0005,-0.0003,27.97,,,,,,,,,,,
IMU,28363,,,,,,,,0.1198,-0.0498,9.7358,-0.0008,-0.0011,0.0003,27.97,,,,,,,,,,,
IMU,28373,,,,,,,,0.1415,-0.0409,9.7560,0.0013,-0.0013,0.0000,27.97,,,,,,,,,,,
IMU,28383,,,,,,,,0.1379,0.0132,9.7426,0.0021,-0.0003,0.0005,27.97,,,,,,,,,,,
IMU,28393,,,,,,,,0.1117,0.0178,9.7390,-0.0008,0.0000,-0.0005,27.97,,,,,,,,,,,
IMU,28403,,,,,,,,0.1076,-0.0048,9.7582,0.0003,-0.0011,0.0003,27.97,,,,,,,,,,,
IMU,28413,,,,,,,,0.1049,0.0214,9.7503,0.0011,0.0000,0.0003,27.97,,,,,,,,,,,
IMU,28423,,,,,,,,0.0933,0.0380,9.7420,-0.0008,0.0011,-0.0003,27.97,,,,,,,,,,,
IMU,28433,,,,,,,,0.1006,0.0070,9.7413,-0.0008,-0.0005,0.0000,27.97,,,,,,,,,,,
IMU,28443,,,,,,,,0.1260,0.0081,9.7377,0.0008,-0.0011,-0.0003,27.97,,,,,,,,,,,
IMU,28453,,,,,,,,0.1189,0.0323,9.7226,-0.0000,-0.0003,-0.0005,27.97,,,,,,,,,,,
IMU,28463,,,,,,,,0.0939,0.0082,9.7244,-0.0016,-0.0005,-0.0008,27.97,,,,,,,,,,,
IMU,28473,,,,,,,,0.0826,-0.0052,9.7289,-0.0003,-0.0013,-0.0003,27.97,,,,,,,,,,,
IMU,28483,,,,,,,,0.0774,0.0337,9.7191,0.0008,-0.0011,-0.0003,27.97,,,,,,,,,,,
IMU,28493,,,,,,,,0.0698,0.0380,9.7307,-0.0008,-0.0011,-0.0013,27.97,,,,,,,,,,,
IMU,28503,,,,,,,,0.0970,0.0036,9.7471,-0.0003,-0.0021,-0.0008,27.97,,,,,,,,,,,
IMU,28513,,,,,,,,0.1320,0.0205,9.7399,0.0011,-0.0019,-0.0008,27.97,,,,,,,,,,,
IMU,28523,,,,,,,,0.1284,0.0501,9.7335,-0.0011,-0.0008,-0.0019,27.97,,,,,,,,,,,
IMU,28533,,,,,,,,0.1061,0.0162,9.7563,-0.0016,-0.0016,-0.0008,27.97,,,,,,,,,,,
IMU,28543,,,,,,,,0.0967,-0.0033,9.7482,0.0000,-0.0016,-0.0008,27.97,,,,,,,,,,,
IMU,28553,,,,,,,,0.0906,0.0262,9.7194,0.0005,-0.0011,-0.0013,27.97,,,,,,,,,,,
IMU,28564,,,,,,,,0.0864,0.0153,9.7304,-0.0016,-0.0011,-0.0021,27.97,,,,,,,,,,,
IMU,28574,,,,,,,,0.1109,-0.0406,9.7591,-0.0011,-0.0019,-0.0011,27.97,,,,,,,,,,,
IMU,28584,,,,,,,,0.1570,-0.0317,9.7491,0.0005,-0.0003,0.0000,27.97,,,,,,,,,,,
IMU,28594,,,,,,,,0.1545,-0.0289,9.7392,-0.0008,-0.0000,-0.0005,27.97,,,,,,,,,,,
IMU,28604,,,,,,,,0.1356,-0.0647,9.7687,-0.0013,0.0000,-0.0008,27.97,,,,,,,,,,,
IMU,28614,,,,,,,,0.1245,-0.0531,9.7608,0.0016,-0.0008,0.0000,27.97,,,,,,,,,,,
IMU,28624,,,,,,,,0.1093,-0.0073,9.7278,0.0008,0.0000,0.0000,27.97,,,,,,,,,,,
IMU,28634,,,,,,,,0.0946,-0.0015,9.7254,-0.0005,-0.0005,-0.0008,27.97,,,,,,,,,,,
IMU,28644,,,,,,,,0.1153,-0.0066,9.7384,0.0011,-0.0011,-0.0005,27.97,,,,,,,,,,,
IMU,28654,,,,,,,,0.1358,0.0338,9.7322,0.0016,0.0000,0.0003,27.97,,,,,,,,,,,
IMU,28664,,,,,,,,0.1220,0.0425,9.7376,-0.0005,-0.0005,-0.0011,27.97,,,,,,,,,,,
IMU,28674,,,,,,,,0.1100,0.0159,9.7525,-0.0003,-0.0011,-0.0008,27.97,,,,,,,,,,,
IMU,28684,,,,,,,,0.0991,0.0202,9.7367,0.0008,-0.0008,-0.0005,27.97,,,,,,,,,,,
IMU,28694,,,,,,,,0.0802,0.0515,9.7274,-0.0003,0.0003,-0.0008,27.97,,,,,,,,,,,
IMU,28704,,,,,,,,0.0780,0.0172,9.7381,-0.0011,-0.0005,-0.0011,27.97,,,,,,,,,,,
IMU,28714,,,,,,,,0.1112,-0.0060,9.7420,0.0008,-0.0008,-0.0011,27.97,,,,,,,,,,,
IMU,28724,,,,,,,,0.1277,0.0231,9.7223,0.0011,-0.0005,-0.0008,27.97,,,,,,,,,,,
IMU,28734,,,,,,,,0.1043,0.0139,9.7301,-0.0013,-0.0005,-0.0013,27.97,,,,,,,,,,,
IMU,28744,,,,,,,,0.0876,-0.0177,9.7468,0.0003,-0.0019,-0.0013,27.97,,,,,,,,,,,
IMU,28754,,,,,,,,0.0909,0.0055,9.7320,0.0016,-0.0013,-0.0008,27.97,,,,,,,,,,,
IMU,28764,,,,,,,,0.0882,0.0317,9.7208,0.0000,-0.0008,-0.0008,27.97,,,,,,,,,,,
IMU,28774,,,,,,,,0.1034,0.0016,9.7423,-0.0016,-0.0019,-0.0013,27.97,,,,,,,,,,,
IMU,28784,,,,,,,,0.1428,-0.0015,9.7477,0.0008,-0.0016,-0.0011,27.97,,,,,,,,,,,
IMU,28794,,,,,,,,0.1515,0.0343,9.7435,0.0008,-0.0008,0.0000,27.97,,,,,,,,,,,
IMU,28804,,,,,,,,0.1371,0.0114,9.7540,-0.0013,-0.0013,-0.0005,27.97,,,,,,,,,,,
IMU,28814,,,,,,,,0.1214,-0.0234,9.7618,-0.0005,-0.0013,-0.0011,27.97,,,,,,,,,,,
IMU,28824,,,,,,,,0.1124,-0.0010,9.7396,0.0005,-0.0003,-0.0019,27.97,,,,,,,,,,,
IMU,28835,,,,,,,,0.0900,-0.0015,9.7203,-0.0011,-0.0003,-0.0016,27.97,,,,,,,,,,,
IMU,28845,,,,,,,,0.0988,-0.0472,9.7440,-0.0013,-0.0011,-0.0019,27.97,,,,,,,,,,,
IMU,28855,,,,,,,,0.1289,-0.0361,9.7461,0.0011,-0.0005,-0.0011,27.97,,,,,,,,,,,
IMU,28865,,,,,,,,0.1385,-0.0033,9.7313,0.0003,-0.0003,-0.0005,27.97,,,,,,,,,,,
IMU,28875,,,,,,,,0.1287,-0.0302,9.7407,-0.0011,-0.0008,-0.0011,27.97,,,,,,,,,,,
IMU,28885,,,,,,,,0.1099,-0.0472,9.7549,0.0005,-0.0016,-0.0008,27.97,,,,,,,,,,,
IMU,28895,,,,,,,,0.1003,0.0088,9.7380,0.0013,-0.0008,-0.0003,27.97,,,,,,,,,,,
IMU,28905,,,,,,,,0.0861,0.0184,9.7197,-0.0003,-0.0003,-0.0005,27.97,,,,,,,,,,,
IMU,28915,,,,,,,,0.0961,0.0004,9.7338,-0.0003,-0.0005,-0.0005,27.97,,,,,,,,,,,
IMU,28925,,,,,,,,0.1257,0.0377,9.7361,0.0013,-0.0003,0.0000,27.97,,,,,,,,,,,
IMU,28935,,,,,,,,0.1263,0.0641,9.7311,0.0005,-0.0000,-0.0008,27.97,,,,,,,,,,,
IMU,28945,,,,,,,,0.1042,0.0240,9.7423,-0.0011,-0.0008,-0.0019,27.97,,,,,,,,,,,
IMU,28955,,,,,,,,0.0992,0.0141,9.7374,0.0000,-0.0008,-0.0011,27.97,,,,,,,,,,,
IMU,28965,,,,,,,,0.0880,0.0427,9.7146,-0.0005,-0.0011,-0.0011,27.97,,,,,,,,,,,
IMU,28975,,,,,,,,0.0687,0.0186,9.7224,-0.0016,-0.0011,-0.0013,27.97,,,,,,,,,,,
IMU,28985,,,,,,,,0.0943,-0.0225,9.7377,0.0003,-0.0013,-0.0005,27.97,,,,,,,,,,,
IMU,28995,,,,,,,,0.1287,0.0039,9.7344,0.0016,-0.0013,-0.0003,27.97,,,,,,,,,,,
IMU,29005,,,,,,,,0.1253,0.0129,9.7384,-0.0005,-0.0011,-0.0011,27.97,,,,,,,,,,,
IMU,29015,,,,,,,,0.1209,-0.0229,9.7645,-0.0013,-0.0016,-0.0011,27.97,,,,,,,,,,,
IMU,29025,,,,,,,,0.1153,-0.0235,9.7585,0.0013,-0.0013,-0.0005,27.97,,,,,,,,,,,
IMU,29035,,,,,,,,0.0955,0.0190,9.7295,0.0008,-0.0008,-0.0013,27.97,,,,,,,,,,,
IMU,29045,,,,,,,,0.0870,0.0018,9.7305,-0.0011,-0.0008,-0.0008,27.97,,,,,,,,,,,
IMU,29055,,,,,,,,0.1142,-0.0228,9.7393,-0.0003,-0.0005,-0.0005,27.97,,,,,,,,,,,
IMU,29065,,,,,,,,0.1371,0.0072,9.7223,0.0011,-0.0000,-0.0003,27.97,,,,,,,,,,,
IMU,29075,,,,,,,,0.1400,0.0100,9.7308,-0.0011,-0.0008,-0.0011,27.97,,,,,,,,,,,
IMU,29085,,,,,,,,0.1370,-0.0350,9.7597,-0.0013,-0.0016,-0.0019,27.97,,,,,,,,,,,
IMU,29095,,,,,,,,0.1293,-0.0313,9.7663,0.0008,-0.0013,-0.0013,27.97,,,,,,,,,,,
IMU,29106,,,,,,,,0.1072,-0.0024,9.7480,0.0000,-0.0003,-0.0011,27.97,,,,,,,,,,,
IMU,29116,,,,,,,,0.0888,-0.0307,9.7440,-0.0016,-0.0003,-0.0003,27.97,,,,,,,,,,,
IMU,29126,,,,,,,,0.1121,-0.0304,9.7489,0.0005,0.0000,0.0005,27.97,,,,,,,,,,,
IMU,29136,,,,,,,,0.1328,0.0175,9.7289,0.0013,0.0000,0.0008,27.97,,,,,,,,,,,
IMU,29146,,,,,,,,0.1239,0.0169,9.7245,-0.0011,-0.0005,-0.0011,27.97,,,,,,,,,,,
IMU,29156,,,,,,,,0.1139,-0.0088,9.7347,-0.0008,-0.0013,-0.0013,27.97,,,,,,,,,,,
IMU,29166,,,,,,,,0.1019,0.0211,9.7232,0.0013,-0.0016,-0.0011,27.97,,,,,,,,,,,
IMU,29176,,,,,,,,0.0759,0.0478,9.7262,-0.0003,-0.0003,-0.0005,27.97,,,,,,,,,,,
IMU,29186,,,,,,,,0.0738,0.0187,9.7452,-0.0016,-0.0011,-0.0016,27.97,,,,,,,,,,,
IMU,29196,,,,,,,,0.1036,0.0162,9.7467,0.0003,-0.0021,-0.0005,27.97,,,,,,,,,,,
IMU,29206,,,,,,,,0.1281,0.0584,9.7350,0.0003,-0.0008,-0.0005,27.97,,,,,,,,,,,
IMU,29216,,,,,,,,0.1256,0.0237,9.7387,-0.0016,-0.0011,-0.0008,27.97,,,,,,,,,,,
IMU,29226,,,,,,,,0.1184,-0.0162,9.7503,-0.0011,-0.0016,-0.0008,27.97,,,,,,,,,,,
IMU,29236,,,,,,,,0.1034,0.0082,9.7290,0.0005,-0.0011,-0.0005,27.97,,,,,,,,,,,
IMU,29246,,,,,,,,0.0747,0.0150,9.7190,-0.0013,-0.0011,-0.0016,27.97,,,,,,,,,,,
IMU,29256,,,,,,,,0.0814,-0.0242,9.7387,-0.0008,-0.0021,-0.0021,27.97,,,,,,,,,,,
IMU,29266,,,,,,,,0.1172,-0.0118,9.7407,0.0011,-0.0013,-0.0013,27.97,,,,,,,,,,,
IMU,29276,,,,,,,,0.1431,0.0183,9.7287,0.0005,0.0003,-0.0013,27.97,,,,,,,,,,,
IMU,29286,,,,,,,,0.1314,-0.0129,9.7512,-0.0011,-0.0011,-0.0016,27.97,,,,,,,,,,,
IMU,29296,,,,,,,,0.1245,-0.0374,9.7699,0.0000,-0.0016,-0.0016,27.97,,,,,,,,,,,
IMU,29306,,,,,,,,0.1166,-0.0000,9.7492,0.0003,0.0000,-0.0013,27.97,,,,,,,,,,,
IMU,29316,,,,,,,,0.0877,-0.0030,9.7304,-0.0013,-0.0000,-0.0008,27.97,,,,,,,,,,,
IMU,29326,,,,,,,,0.0934,-0.0373,9.7428,-0.0011,-0.0008,-0.0011,27.97,,,,,,,,,,,
IMU,29336,,,,,,,,0.1319,-0.0190,9.7377,0.0008,-0.0011,-0.0003,27.97,,,,,,,,,,,
IMU,29346,,,,,,,,0.1458,0.0103,9.7338,0.0000,-0.0005,-0.0005,27.97,,,,,,,,,,,
IMU,29356,,,,,,,,0.1418,-0.0192,9.7513,-0.0005,-0.0005,-0.0016,27.97,,,,,,,,,,,
IMU,29366,,,,,,,,0.1353,-0.0225,9.7581,0.0013,-0.0005,-0.0016,27.97,,,,,,,,,,,
IMU,29376,,,,,,,,0.1001,0.0118,9.7380,0.0016,-0.0003,-0.0011,27.97,,,,,,,,,,,
IMU,29387,,,,,,,,0.0674,0.0132,9.7417,-0.0005,-0.0005,-0.0005,27.97,,,,,,,,,,,
IMU,29397,,,,,,,,0.0822,-0.0127,9.7410,-0.0003,-0.0008,0.0000,27.97,,,,,,,,,,,
IMU,29407,,,,,,,,0.1223,0.0274,9.7245,0.0013,-0.0005,-0.0003,27.97,,,,,,,,,,,
IMU,29417,,,,,,,,0.1350,0.0470,9.7247,-0.0005,0.0000,-0.0008,27.97,,,,,,,,,,,
IMU,29427,,,,,,,,0.1277,0.0088,9.7521,-0.0011,-0.0011,-0.0011,27.97,,,,,,,,,,,
IMU,29437,,,,,,,,0.1144,0.0061,9.7440,0.0003,-0.0013,-0.0008,27.97,,,,,,,,,,,
IMU,29447,,,,,,,,0.0823,0.0352,9.7170,0.0003,-0.0008,-0.0013,27.97,,,,,,,,,,,
IMU,29457,,,,,,,,0.0636,0.0157,9.7245,-0.0011,-0.0003,-0.0019,27.97,,,,,,,,,,,
IMU,29467,,,,,,,,0.0880,-0.0006,9.7308,-0.0005,-0.0011,-0.0016,27.97,,,,,,,,,,,
IMU,29477,,,,,,,,0.1226,0.0310,9.7223,0.0008,-0.0011,-0.0008,27.97,,,,,,,,,,,
IMU,29487,,,,,,,,0.1398,0.0287,9.7304,-0.0003,-0.0011,-0.0011,27.97,,,,,,,,,,,
IMU,29497,,,,,,,,0.1335,-0.0189,9.7594,-0.0003,-0.0016,-0.0016,27.97,,,,,,,,,,,
IMU,29507,,,,,,,,0.1156,-0.0124,9.7536,0.0011,-0.0011,-0.0013,27.97,,,,,,,,,,,
IMU,29517,,,,,,,,0.0808,0.0117,9.7347,-0.0005,-0.0005,-0.0005,27.97,,,,,,,,,,,
IMU,29527,,,,,,,,0.0739,-0.0216,9.7401,-0.0016,-0.0011,-0.0005,27.97,,,,,,,,,,,
IMU,29537,,,,,,,,0.1111,-0.0266,9.7456,0.0000,-0.0019,-0.0005,27.97,,,,,,,,,,,
IMU,29547,,,,,,,,0.1467,0.0159,9.7244,0.0003,-0.0013,-0.0005,27.97,,,,,,,,,,,
IMU,29557,,,,,,,,0.1471,0.0021,9.7374,-0.0013,-0.0008,-0.0013,27.97,,,,,,,,,,,
IMU,29567,,,,,,,,0.1439,-0.0413,9.7588,-0.0005,-0.0011,-0.0013,27.97,,,,,,,,,,,
IMU,29577,,,,,,,,0.1256,-0.0111,9.7479,0.0011,-0.0011,-0.0013,27.97,,,,,,,,,,,
IMU,29587,,,,,,,,0.0924,0.0168,9.7265,-0.0005,0.0000,-0.0008,27.97,,,,,,,,,,,
IMU,29597,,,,,,,,0.0817,-0.0214,9.7402,-0.0013,-0.0008,0.0008,27.97,,,,,,,,,,,
IMU,29607,,,,,,,,0.1087,-0.0153,9.7389,0.0000,-0.0008,0.0016,27.97,,,,,,,,,,,
IMU,29617,,,,,,,,0.1373,0.0313,9.7286,0.0003,-0.0003,0.0003,27.97,,,,,,,,,,,
IMU,29627,,,,,,,,0.1367,0.0214,9.7489,-0.0013,-0.0005,-0.0008,27.97,,,,,,,,,,,
IMU,29637,,,,,,,,0.1245,-0.0007,9.7602,0.0000,-0.0013,-0.0011,27.97,,,,,,,,,,,
IMU,29647,,,,,,,,0.1051,0.0225,9.7328,0.0008,-0.0005,-0.0011,27.97,,,,,,,,,,,
IMU,29658,,,,,,,,0.0701,0.0319,9.7224,-0.0016,-0.0008,-0.0005,27.97,,,,,,,,,,,
IMU,29668,,,,,,,,0.0645,-0.0036,9.7355,-0.0011,-0.0013,-0.0005,27.97,,,,,,,,,,,
IMU,29678,,,,,,,,0.1036,0.0052,9.7238,0.0011,-0.0013,-0.0008,27.97,,,,,,,,,,,
IMU,29688,,,,,,,,0.1251,0.0311,9.7123,0.0005,-0.0005,-0.0013,27.97,,,,,,,,,,,
IMU,29698,,,,,,,,0.1311,0.0085,9.7414,-0.0016,-0.0016,-0.0019,27.97,,,,,,,,,,,
IMU,29708,,,,,,,,0.1328,-0.0058,9.7645,-0.0003,-0.0019,-0.0013,27.97,,,,,,,,,,,
IMU,29718,,,,,,,,0.1151,0.0274,9.7402,0.0008,-0.0008,-0.0016,27.97,,,,,,,,,,,
IMU,29728,,,,,,,,0.0864,0.0237,9.7329,-0.0016,-0.0013,-0.0016,27.97,,,,,,,,,,,
IMU,29738,,,,,,,,0.0817,-0.0133,9.7447,-0.0008,-0.0024,-0.0011,27.97,,,,,,,,,,,
IMU,29748,,,,,,,,0.1049,-0.0105,9.7347,-0.0003,-0.0019,-0.0005,27.97,,,,,,,,,,,
IMU,29758,,,,,,,,0.1250,0.0076,9.7316,-0.0008,-0.0008,-0.0016,27.97,,,,,,,,,,,
IMU,29768,,,,,,,,0.1391,-0.0117,9.7434,-0.0008,-0.0011,-0.0019,27.97,,,,,,,,,,,
IMU,29778,,,,,,,,0.1380,-0.0359,9.7587,0.0003,-0.0013,-0.0019,27.97,,,,,,,,,,,
IMU,29788,,,,,,,,0.1214,-0.0190,9.7444,0.0005,-0.0003,-0.0013,27.97,,,,,,,,,,,
IMU,29798,,,,,,,,0.0991,-0.0165,9.7356,-0.0008,-0.0011,-0.0013,27.97,,,,,,,,,,,
IMU,29808,,,,,,,,0.0970,-0.0379,9.7495,0.0000,-0.0016,-0.0013,27.97,,,,,,,,,,,
IMU,29818,,,,,,,,0.1169,-0.0190,9.7501,0.0008,-0.0008,-0.0003,27.97,,,,,,,,,,,
IMU,29828,,,,,,,,0.1343,0.0031,9.7390,-0.0000,0.0005,0.0003,27.97,,,,,,,,,,,
IMU,29838,,,,,,,,0.1452,-0.0079,9.7545,-0.0005,-0.0003,-0.0003,27.97,,,,,,,,,,,
IMU,29848,,,,,,,,0.1485,-0.0060,9.7663,0.0013,-0.0000,0.0008,27.97,,,,,,,,,,,
IMU,29858,,,,,,,,0.1129,0.0259,9.7395,0.0016,-0.0000,0.0000,27.97,,,,,,,,,,,
IMU,29868,,,,,,,,0.0717,0.0211,9.7211,-0.0003,-0.0003,-0.0013,27.97,,,,,,,,,,,
IMU,29878,,,,,,,,0.0623,0.0003,9.7320,-0.0005,-0.0016,-0.0008,27.97,,,,,,,,,,,
IMU,29888,,,,,,,,0.0816,0.0244,9.7259,0.0008,-0.0008,0.0000,27.97,,,,,,,,,,,
IMU,29898,,,,,,,,0.1049,0.0361,9.7257,-0.0000,-0.0003,-0.0005,27.97,,,,,,,,,,,
IMU,29908,,,,,,,,0.1203,0.0000,9.7489,-0.0008,-0.0011,-0.0008,27.97,,,,,,,,,,,
IMU,29918,,,,,,,,0.1257,-0.0051,9.7554,0.0003,-0.0021,-0.0011,27.97,,,,,,,,,,,
IMU,29929,,,,,,,,0.1117,0.0111,9.7349,0.0008,-0.0011,-0.0008,27.97,,,,,,,,,,,
IMU,29939,,,,,,,,0.0933,0.0016,9.7371,-0.0011,-0.0008,-0.0008,27.97,,,,,,,,,,,
IMU,29949,,,,,,,,0.0970,-0.0060,9.7404,0.0005,-0.0016,-0.0005,27.97,,,,,,,,,,,
IMU,29959,,,,,,,,0.1126,0.0201,9.7319,0.0016,-0.0011,0.0003,27.97,,,,,,,,,,,
IMU,29969,,,,,,,,0.1359,0.0337,9.7377,0.0008,-0.0008,0.0005,27.97,,,,,,,,,,,
IMU,29979,,,,,,,,0.1425,0.0180,9.7518,0.0000,-0.0013,-0.0011,27.97,,,,,,,,,,,
IMU,29989,,,,,,,,0.1229,0.0234,9.7447,0.0011,-0.0016,-0.0016,27.97,,,,,,,,,,,
IMU,29999,,,,,,,,0.0968,0.0389,9.7253,0.0003,-0.0013,-0.0016,27.97,,,,,,,,,,,
IMU,30009,,,,,,,,0.0576,0.0202,9.7343,-0.0016,0.0000,-0.0019,27.97,,,,,,,,,,,
IMU,30019,,,,,,,,0.0710,-0.0225,9.7634,-0.0005,-0.0013,-0.0013,27.97,,,,,,,,,,,
IMU,30029,,,,,,,,0.1115,-0.0043,9.7340,0.0005,-0.0005,-0.0008,27.97,,,,,,,,,,,
IMU,30039,,,,,,,,0.1371,-0.0100,9.7063,-0.0016,-0.0005,-0.0016,27.97,,,,,,,,,,,
IMU,30049,,,,,,,,0.1537,-0.0627,9.7551,-0.0019,-0.0013,-0.0019,27.97,,,,,,,,,,,
IMU,30059,,,,,,,,0.1513,-0.0605,9.7778,0.0003,-0.0011,-0.0005,27.97,,,,,,,,,,,
IMU,30069,,,,,,,,0.1245,-0.0157,9.7420,0.0011,-0.0005,-0.0008,27.97,,,,,,,,,,,
IMU,30079,,,,,,,,0.0898,-0.0201,9.7308,-0.0008,-0.0013,-0.0013,27.97,,,,,,,,,,,
IMU,30089,,,,,,,,0.0916,-0.0307,9.7399,0.0013,-0.0019,-0.0008,27.97,,,,,,,,,,,
IMU,30099,,,,,,,,0.1040,0.0204,9.7358,0.0016,-0.0000,0.0000,27.97,,,,,,,,,,,
IMU,30109,,,,,,,,0.1159,0.0498,9.7302,-0.0005,-0.0003,0.0000,27.97,,,,,,,,,,,
IMU,30119,,,,,,,,0.1373,0.0201,9.7531,-0.0008,-0.0016,0.0000,27.97,,,,,,,,,,,
IMU,30129,,,,,,,,0.1437,0.0189,9.7569,0.0008,-0.0005,0.0000,27.97,,,,,,,,,,,
IMU,30139,,,,,,,,0.1090,0.0503,9.7386,0.0003,0.0005,-0.0008,27.97,,,,,,,,,,,
IMU,30149,,,,,,,,0.0723,0.0184,9.7326,-0.0016,-0.0016,-0.0016,27.97,,,,,,,,,,,
IMU,30159,,,,,,,,0.0781,-0.0030,9.7260,-0.0005,-0.0019,-0.0019,27.97,,,,,,,,,,,
IMU,30169,,,,,,,,0.0933,0.0244,9.7136,0.0003,-0.0013,-0.0016,27.97,,,,,,,,,,,
IMU,30179,,,,,,,,0.0930,0.0115,9.7362,-0.0005,-0.0016,-0.0013,27.97,,,,,,,,,,,
IMU,30189,,,,,,,,0.1154,-0.0220,9.7542,-0.0003,-0.0024,0.0000,27.97,,,,,,,,,,,
IMU,30199,,,,,,,,0.1189,-0.0028,9.7413,0.0008,-0.0013,0.0003,27.97,,,,,,,,,,,
IMU,30210,,,,,,,,0.0879,0.0169,9.7416,-0.0008,-0.0005,-0.0008,27.97,,,,,,,,,,,
IMU,30220,,,,,,,,0.0753,-0.0070,9.7498,-0.0011,-0.0011,-0.0019,27.97,,,,,,,,,,,
IMU,30230,,,,,,,,0.1084,0.0043,9.7296,0.0008,-0.0019,-0.0008,27.97,,,,,,,,,,,
IMU,30240,,,,,,,,0.1286,0.0452,9.7088,0.0011,-0.0016,-0.0005,27.97,,,,,,,,,,,
IMU,30250,,,,,,,,0.1474,0.0328,9.7426,-0.0005,-0.0016,-0.0003,27.97,,,,,,,,,,,
IMU,30260,,,,,,,,0.1624,0.0090,9.7754,-0.0003,-0.0011,-0.0013,27.97,,,,,,,,,,,
IMU,30270,,,,,,,,0.1407,0.0238,9.7396,0.0000,0.0000,-0.0027,27.97,,,,,,,,,,,
IMU,30280,,,,,,,,0.0805,0.0108,9.7254,-0.0013,-0.0003,-0.0032,27.97,,,,,,,,,,,
IMU,30290,,,,,,,,0.0636,-0.0386,9.7509,-0.0013,-0.0011,-0.0021,27.97,,,,,,,,,,,
IMU,30300,,,,,,,,0.0864,-0.0365,9.7367,0.0003,-0.0011,-0.0005,27.97,,,,,,,,,,,
IMU,30310,,,,,,,,0.1175,-0.0154,9.7141,0.0000,0.0005,0.0000,27.97,,,,,,,,,,,
IMU,30320,,,,,,,,0.1407,-0.0415,9.7373,-0.0008,-0.0005,0.0000,27.97,,,,,,,,,,,
IMU,30330,,,,,,,,0.1587,-0.0566,9.7663,0.0005,-0.0011,-0.0003,27.97,,,,,,,,,,,
IMU,30340,,,,,,,,0.1392,-0.0241,9.7594,0.0011,-0.0003,-0.0011,27.97,,,,,,,,,,,
IMU,30350,,,,,,,,0.0796,-0.0088,9.7325,0.0000,0.0000,-0.0008,27.97,,,,,,,,,,,
IMU,30360,,,,,,,,0.0677,-0.0281,9.7263,0.0005,-0.0013,-0.0003,27.97,,,,,,,,,,,
IMU,30370,,,,,,,,0.0968,0.0205,9.7343,0.0024,-0.0008,0.0005,27.97,,,,,,,,,,,
IMU,30380,,,,,,,,0.1166,0.0656,9.7298,0.0005,0.0003,0.0000,27.97,,,,,,,,,,,
IMU,30390,,,,,,,,0.1305,0.0361,9.7450,-0.0011,-0.0011,-0.0008,27.97,,,,,,,,,,,
IMU,30400,,,,,,,,0.1468,0.0299,9.7492,0.0013,-0.0016,-0.0013,27.97,,,,,,,,,,,
IMU,30410,,,,,,,,0.1198,0.0564,9.7256,0.0003,-0.0005,-0.0016,27.97,,,,,,,,,,,
IMU,30420,,,,,,,,0.0683,0.0329,9.7215,-0.0021,0.0000,-0.0019,27.97,,,,,,,,,,,
IMU,30430,,,,,,,,0.0579,-0.0132,9.7383,-0.0011,-0.0013,-0.0008,27.97,,,,,,,,,,,
IMU,30440,,,,,,,,0.0874,0.0046,9.7350,0.0005,-0.0008,0.0000,27.97,,,,,,,,,,,
IMU,30450,,,,,,,,0.1027,0.0088,9.7338,-0.0013,-0.0003,-0.0016,27.97,,,,,,,,,,,
IMU,30460,,,,,,,,0.1177,-0.0349,9.7585,-0.0019,-0.0011,-0.0013,27.97,,,,,,,,,,,
IMU,30470,,,,,,,,0.1370,-0.0293,9.7609,0.0016,-0.0016,-0.0005,27.97,,,,,,,,,,,
IMU,30480,,,,,,,,0.1247,0.0166,9.7359,0.0008,-0.0013,-0.0013,27.97,,,,,,,,,,,
IMU,30491,,,,,,,,0.0846,0.0118,9.7304,-0.0011,-0.0021,-0.0013,27.97,,,,,,,,,,,
IMU,30501,,,,,,,,0.0832,0.0010,9.7352,0.0003,-0.0021,-0.0013,27.97,,,,,,,,,,,
IMU,30511,,,,,,,,0.1025,0.0501,9.7241,0.0011,-0.0016,-0.0008,27.97,,,,,,,,,,,
IMU,30521,,,,,,,,0.1178,0.0611,9.7353,-0.0013,-0.0013,-0.0013,27.97,,,,,,,,,,,
IMU,30531,,,,,,,,0.1355,0.0148,9.7634,-0.0016,-0.0013,-0.0016,27.97,,,,,,,,,,,
IMU,30541,,,,,,,,0.1449,0.0129,9.7540,0.0003,-0.0016,-0.0011,27.97,,,,,,,,,,,
IMU,30551,,,,,,,,0.1121,0.0260,9.7364,-0.0011,-0.0011,-0.0019,27.97,,,,,,,,,,,
IMU,30561,,,,,,,,0.0980,-0.0343,9.7551,-0.0021,-0.0016,-0.0021,27.97,,,,,,,,,,,
IMU,30571,,,,,,,,0.0977,-0.0605,9.7476,-0.0003,-0.0019,-0.0008,27.97,,,,,,,,,,,
IMU,30581,,,,,,,,0.1070,-0.0240,9.7215,-0.0003,-0.0011,0.0003,27.97,,,,,,,,,,,
IMU,30591,,,,,,,,0.1144,-0.0344,9.7356,-0.0013,-0.0003,-0.0005,27.97,,,,,,,,,,,
IMU,30601,,,,,,,,0.1346,-0.0606,9.7657,0.0008,-0.0011,-0.0003,27.97,,,,,,,,,,,
IMU,30611,,,,,,,,0.1527,-0.0247,9.7477,0.0019,-0.0008,0.0000,27.97,,,,,,,,,,,
IMU,30621,,,,,,,,0.1201,0.0066,9.7361,0.0003,-0.0008,-0.0008,27.97,,,,,,,,,,,
IMU,30631,,,,,,,,0.0948,-0.0156,9.7587,-0.0003,-0.0016,-0.0011,27.97,,,,,,,,,,,
IMU,30641,,,,,,,,0.1003,0.0075,9.7443,0.0013,-0.0008,-0.0008,27.97,,,,,,,,,,,
IMU,30651,,,,,,,,0.1043,0.0638,9.7138,-0.0000,-0.0003,-0.0003,27.97,,,,,,,,,,,
IMU,30661,,,,,,,,0.1127,0.0391,9.7269,-0.0016,-0.0008,-0.0005,27.97,,,,,,,,,,,
IMU,30671,,,,,,,,0.1358,0.0016,9.7560,-0.0003,-0.0016,0.0000,27.97,,,,,,,,,,,
IMU,30681,,,,,,,,0.1371,0.0281,9.7492,0.0008,-0.0008,-0.0008,27.97,,,,,,,,,,,
IMU,30691,,,,,,,,0.0985,0.0165,9.7353,-0.0016,-0.0003,-0.0011,27.97,,,,,,,,,,,
IMU,30701,,,,,,,,0.0717,-0.0328,9.7488,-0.0019,-0.0013,-0.0013,27.97,,,,,,,,,,,
IMU,30711,,,,,,,,0.0840,-0.0262,9.7368,-0.0003,-0.0011,-0.0008,27.97,,,,,,,,,,,
IMU,30721,,,,,,,,0.0928,0.0078,9.7259,-0.0000,-0.0005,-0.0005,27.97,,,,,,,,,,,
IMU,30731,,,,,,,,0.1067,-0.0237,9.7383,-0.0013,-0.0013,-0.0005,27.97,,,,,,,,,,,
IMU,30741,,,,,,,,0.1376,-0.0304,9.7521,0.0011,-0.0027,-0.0003,27.97,,,,,,,,,,,
IMU,30752,,,,,,,,0.1424,0.0268,9.7337,0.0021,-0.0013,-0.0005,27.97,,,,,,,,,,,
IMU,30762,,,,,,,,0.1069,0.0307,9.7341,0.0003,-0.0011,-0.0013,27.97,,,,,,,,,,,
IMU,30772,,,,,,,,0.0852,-0.0103,9.7381,0.0005,-0.0016,-0.0016,27.97,,,,,,,,,,,
IMU,30782,,,,,,,,0.0934,0.0225,9.7235,0.0019,-0.0011,-0.0005,27.97,,,,,,,,,,,
IMU,30792,,,,,,,,0.1073,0.0554,9.7215,-0.0000,-0.0003,-0.0011,27.97,,,,,,,,,,,
IMU,30802,,,,,,,,0.1262,0.0078,9.7521,-0.0021,-0.0008,-0.0016,27.97,,,,,,,,,,,
IMU,30812,,,,,,,,0.1569,-0.0081,9.7554,0.0003,-0.0013,-0.0013,27.97,,,,,,,,,,,
IMU,30822,,,,,,,,0.1461,0.0174,9.7346,0.0000,-0.0008,-0.0011,27.97,,,,,,,,,,,
IMU,30832,,,,,,,,0.0989,-0.0189,9.7401,-0.0021,-0.0005,-0.0016,27.97,,,,,,,,,,,
IMU,30842,,,,,,,,0.0802,-0.0620,9.7461,-0.0003,-0.0013,-0.0005,27.97,,,,,,,,,,,
IMU,30852,,,,,,,,0.0816,-0.0307,9.7280,0.0016,-0.0011,0.0005,27.97,,,,,,,,,,,
IMU,30862,,,,,,,,0.0847,-0.0025,9.7223,-0.0005,-0.0008,-0.0005,27.97,,,,,,,,,,,
IMU,30872,,,,,,,,0.1166,-0.0373,9.7527,-0.0008,-0.0011,-0.0005,27.97,,,,,,,,,,,
IMU,30882,,,,,,,,0.1495,-0.0280,9.7611,0.0024,-0.0016,0.0003,27.97,,,,,,,,,,,
IMU,30892,,,,,,,,0.1367,0.0317,9.7377,0.0008,-0.0011,-0.0005,27.97,,,,,,,,,,,
IMU,30902,,,,,,,,0.0985,0.0237,9.7420,-0.0013,-0.0013,-0.0008,27.97,,,,,,,,,,,
IMU,30912,,,,,,,,0.0934,0.0069,9.7399,0.0005,-0.0016,-0.0013,27.97,,,,,,,,,,,
IMU,30922,,,,,,,,0.0994,0.0614,9.7203,0.0011,-0.0005,-0.0003,27.97,,,,,,,,,,,
IMU,30932,,,,,,,,0.0933,0.0615,9.7229,-0.0016,-0.0008,-0.0008,27.97,,,,,,,,,,,
IMU,30942,,,,,,,,0.1088,0.0102,9.7509,-0.0013,-0.0016,-0.0013,27.97,,,,,,,,,,,
IMU,30952,,,,,,,,0.1401,0.0198,9.7452,0.0005,-0.0008,-0.0005,27.97,,,,,,,,,,,
IMU,30962,,,,,,,,0.1163,0.0241,9.7287,-0.0005,-0.0003,-0.0011,27.97,,,,,,,,,,,
IMU,30972,,,,,,,,0.0859,-0.0272,9.7399,-0.0021,-0.0008,-0.0016,27.97,,,,,,,,,,,
IMU,30982,,,,,,,,0.0846,-0.0554,9.7384,0.0000,-0.0013,-0.0008,27.97,,,,,,,,,,,
IMU,30992,,,,,,,,0.0937,-0.0142,9.7227,0.0003,-0.0011,-0.0003,27.97,,,,,,,,,,,
IMU,31002,,,,,,,,0.1058,-0.0148,9.7310,-0.0021,-0.0011,-0.0011,27.97,,,,,,,,,,,
IMU,31012,,,,,,,,0.1365,-0.0418,9.7555,-0.0008,-0.0019,-0.0011,27.97,,,,,,,,,,,
IMU,31022,,,,,,,,0.1602,0.0079,9.7516,0.0024,-0.0013,-0.0013,27.97,,,,,,,,,,,
IMU,31033,,,,,,,,0.1248,0.0428,9.7453,0.0005,-0.0003,-0.0021,27.97,,,,,,,,,,,
IMU,31043,,,,,,,,0.0865,0.0108,9.7507,-0.0003,-0.0011,-0.0019,27.97,,,,,,,,,,,
IMU,31053,,,,,,,,0.0877,0.0133,9.7338,0.0008,-0.0013,-0.0005,27.97,,,,,,,,,,,
IMU,31063,,,,,,,,0.0948,0.0483,9.7152,-0.0003,-0.0011,-0.0003,27.97,,,,,,,,,,,
IMU,31073,,,,,,,,0.1021,0.0157,9.7361,-0.0021,-0.0016,-0.0008,27.97,,,,,,,,,,,
IMU,31083,,,,,,,,0.1407,-0.0368,9.7575,-0.0003,-0.0013,-0.0008,27.97,,,,,,,,,,,
IMU,31093,,,,,,,,0.1542,-0.0114,9.7319,0.0008,-0.0005,-0.0011,27.97,,,,,,,,,,,
IMU,31103,,,,,,,,0.1190,-0.0072,9.7253,-0.0019,-0.0011,-0.0013,27.97,,,,,,,,,,,
IMU,31113,,,,,,,,0.0915,-0.0524,9.7609,-0.0021,-0.0016,-0.0016,27.97,,,,,,,,,,,
IMU,31123,,,,,,,,0.0916,-0.0317,9.7465,0.0008,-0.0008,-0.0008,27.97,,,,,,,,,,,
IMU,31133,,,,,,,,0.0900,0.0174,9.7209,0.0003,0.0005,-0.0003,27.97,,,,,,,,,,,
IMU,31143,,,,,,,,0.1034,-0.0027,9.7440,-0.0011,-0.0005,0.0000,27.97,,,,,,,,,,,
IMU,31153,,,,,,,,0.1379,-0.0126,9.7620,0.0013,-0.0019,0.0003,27.97,,,,,,,,,,,
IMU,31163,,,,,,,,0.1349,0.0418,9.7377,0.0019,-0.0008,-0.0003,27.97,,,,,,,,,,,
IMU,31173,,,,,,,,0.0942,0.0398,9.7251,-0.0008,-0.0008,-0.0019,27.97,,,,,,,,,,,
IMU,31183,,,,,,,,0.0781,0.0078,9.7437,-0.0003,-0.0013,-0.0016,27.97,,,,,,,,,,,
IMU,31193,,,,,,,,0.0898,0.0319,9.7365,0.0011,-0.0013,-0.0011,27.97,,,,,,,,,,,
IMU,31203,,,,,,,,0.0892,0.0536,9.7329,-0.0011,-0.0003,-0.0013,27.97,,,,,,,,,,,
IMU,31213,,,,,,,,0.1046,-0.0049,9.7507,-0.0021,-0.0011,-0.0011,27.97,,,,,,,,,,,
IMU,31223,,,,,,,,0.1376,-0.0310,9.7584,0.0000,-0.0016,-0.0013,27.97,,,,,,,,,,,
IMU,31233,,,,,,,,0.1398,-0.0045,9.7449,0.0005,-0.0008,-0.0011,27.97,,,,,,,,,,,
IMU,31243,,,,,,,,0.1049,-0.0263,9.7467,-0.0019,-0.0011,-0.0016,27.97,,,,,,,,,,,
IMU,31253,,,,,,,,0.0897,-0.0512,9.7516,-0.0003,-0.0013,-0.0019,27.97,,,,,,,,,,,
IMU,31263,,,,,,,,0.0991,-0.0018,9.7265,0.0019,-0.0003,-0.0011,27.97,,,,,,,,,,,
IMU,31273,,,,,,,,0.1019,0.0192,9.7132,-0.0003,-0.0011,-0.0008,27.97,,,,,,,,,,,
IMU,31283,,,,,,,,0.1172,-0.0139,9.7459,-0.0011,-0.0016,-0.0008,27.97,,,,,,,,,,,
IMU,31293,,,,,,,,0.1453,0.0024,9.7549,0.0011,-0.0011,-0.0003,27.97,,,,,,,,,,,
IMU,31303,,,,,,,,0.1340,0.0431,9.7352,0.0000,-0.0008,-0.0005,27.97,,,,,,,,,,,
IMU,31314,,,,,,,,0.1034,0.0192,9.7461,-0.0016,-0.0011,-0.0013,27.97,,,,,,,,,,,
IMU,31324,,,,,,,,0.0994,-0.0046,9.7542,0.0000,-0.0021,-0.0008,27.97,,,,,,,,,,,
IMU,31334,,,,,,,,0.1000,0.0305,9.7212,0.0005,-0.0011,-0.0003,27.97,,,,,,,,,,,
IMU,31344,,,,,,,,0.0891,0.0199,9.7188,-0.0019,-0.0005,-0.0003,27.97,,,,,,,,,,,
IMU,31354,,,,,,,,0.1090,-0.0364,9.7492,-0.0011,-0.0016,0.0000,27.97,,,,,,,,,,,
IMU,31364,,,,,,,,0.1446,-0.0229,9.7470,0.0011,-0.0005,0.0005,27.97,,,,,,,,,,,
IMU,31374,,,,,,,,0.1323,0.0087,9.7241,-0.0008,0.0005,-0.0003,27.97,,,,,,,,,,,
IMU,31384,,,,,,,,0.0995,-0.0287,9.7465,-0.0008,-0.0011,-0.0011,27.97,,,,,,,,,,,
IMU,31394,,,,,,,,0.0967,-0.0350,9.7582,0.0011,-0.0016,-0.0008,27.97,,,,,,,,,,,
IMU,31404,,,,,,,,0.0960,0.0238,9.7341,0.0008,-0.0003,-0.0005,27.97,,,,,,,,,,,
IMU,31414,,,,,,,,0.0909,0.0180,9.7319,-0.0013,-0.0003,-0.0003,27.97,,,,,,,,,,,
IMU,31424,,,,,,,,0.1281,-0.0013,9.7531,0.0000,-0.0016,-0.0008,27.97,,,,,,,,,,,
IMU,31434,,,,,,,,0.1578,0.0317,9.7419,0.0013,-0.0008,-0.0003,27.97,,,,,,,,,,,
IMU,31444,,,,,,,,0.1343,0.0469,9.7265,-0.0008,-0.0005,-0.0003,27.97,,,,,,,,,,,
IMU,31454,,,,,,,,0.1072,0.0097,9.7359,-0.0013,-0.0013,-0.0003,27.97,,,,,,,,,,,
IMU,31464,,,,,,,,0.0976,-0.0135,9.7434,0.0003,-0.0013,-0.0008,27.97,,,,,,,,,,,
IMU,31474,,,,,,,,0.0961,0.0183,9.7353,0.0011,-0.0005,-0.0008,27.97,,,,,,,,,,,
IMU,31484,,,,,,,,0.0982,0.0031,9.7414,-0.0003,0.0000,-0.0008,27.97,,,,,,,,,,,
IMU,31494,,,,,,,,0.1337,-0.0280,9.7494,-0.0005,-0.0013,-0.0005,27.97,,,,,,,,,,,
IMU,31504,,,,,,,,0.1578,-0.0132,9.7435,0.0008,-0.0011,-0.0008,27.97,,,,,,,,,,,
IMU,31514,,,,,,,,0.1271,0.0070,9.7389,-0.0000,0.0003,-0.0013,27.97,,,,,,,,,,,
IMU,31524,,,,,,,,0.0982,-0.0231,9.7495,-0.0008,-0.0008,-0.0005,27.97,,,,,,,,,,,
IMU,31534,,,,,,,,0.0888,-0.0154,9.7399,0.0016,-0.0011,-0.0003,27.97,,,,,,,,,,,
IMU,31544,,,,,,,,0.0799,0.0247,9.7117,0.0005,-0.0005,-0.0011,27.97,,,,,,,,,,,
IMU,31554,,,,,,,,0.0883,0.0120,9.7191,-0.0005,-0.0008,-0.0008,27.97,,,,,,,,,,,
IMU,31564,,,,,,,,0.1236,-0.0114,9.7476,0.0000,-0.0008,-0.0003,27.97,,,,,,,,,,,
IMU,31574,,,,,,,,0.1521,0.0183,9.7387,0.0008,-0.0008,-0.0003,27.97,,,,,,,,,,,
IMU,31585,,,,,,,,0.1371,0.0266,9.7384,-0.0008,-0.0008,-0.0013,27.97,,,,,,,,,,,
IMU,31595,,,,,,,,0.1091,-0.0081,9.7576,-0.0008,-0.0011,-0.0011,27.97,,,,,,,,,,,
IMU,31605,,,,,,,,0.0951,0.0081,9.7467,0.0008,-0.0005,-0.0008,27.97,,,,,,,,,,,
IMU,31615,,,,,,,,0.0844,0.0379,9.7298,-0.0005,0.0003,-0.0003,27.97,,,,,,,,,,,
IMU,31625,,,,,,,,0.0968,0.0058,9.7380,-0.0011,-0.0011,-0.0003,27.97,,,,,,,,,,,
IMU,31635,,,,,,,,0.1322,-0.0184,9.7449,0.0000,-0.0013,-0.0011,27.97,,,,,,,,,,,
IMU,31645,,,,,,,,0.1437,0.0219,9.7280,0.0013,0.0000,-0.0013,27.97,,,,,,,,,,,
IMU,31655,,,,,,,,0.1091,0.0141,9.7301,-0.0008,-0.0008,-0.0013,27.97,,,,,,,,,,,
IMU,31665,,,,,,,,0.0888,-0.0259,9.7495,-0.0008,-0.0021,-0.0005,27.97,,,,,,,,,,,
IMU,31675,,,,,,,,0.0846,-0.0045,9.7420,0.0013,-0.0021,-0.0003,27.97,,,,,,,,,,,
IMU,31685,,,,,,,,0.0850,0.0189,9.7302,-0.0003,-0.0008,-0.0005,27.97,,,,,,,,,,,
IMU,31695,,,,,,,,0.1076,-0.0189,9.7459,-0.0016,-0.0011,-0.0008,27.97,,,,,,,,,,,
IMU,31705,,,,,,,,0.1459,-0.0235,9.7614,0.0003,-0.0019,-0.0005,27.97,,,,,,,,,,,
IMU,31715,,,,,,,,0.1554,0.0234,9.7411,0.0016,-0.0008,-0.0011,27.97,,,,,,,,,,,
IMU,31725,,,,,,,,0.1257,0.0207,9.7368,0.0000,-0.0005,-0.0016,27.97,,,,,,,,,,,
IMU,31735,,,,,,,,0.1015,-0.0103,9.7435,0.0000,-0.0005,-0.0013,27.97,,,,,,,,,,,
IMU,31745,,,,,,,,0.0864,0.0183,9.7263,0.0000,-0.0003,-0.0019,27.97,,,,,,,,,,,
IMU,31755,,,,,,,,0.0777,0.0293,9.7176,-0.0011,-0.0003,-0.0011,27.97,,,,,,,,,,,
IMU,31765,,,,,,,,0.0997,-0.0109,9.7408,-0.0011,-0.0011,-0.0008,27.97,,,,,,,,,,,
IMU,31775,,,,,,,,0.1442,-0.0157,9.7462,0.0008,-0.0008,-0.0011,27.97,,,,,,,,,,,
IMU,31785,,,,,,,,0.1491,0.0111,9.7432,0.0000,-0.0003,-0.0008,27.97,,,,,,,,,,,
IMU,31795,,,,,,,,0.1195,-0.0097,9.7587,-0.0013,-0.0005,-0.0008,27.97,,,,,,,,,,,
IMU,31805,,,,,,,,0.0964,-0.0329,9.7620,0.0000,-0.0019,-0.0013,27.97,,,,,,,,,,,
IMU,31815,,,,,,,,0.0898,-0.0046,9.7347,0.0011,-0.0011,-0.0008,27.97,,,,,,,,,,,
IMU,31825,,,,,,,,0.0919,0.0016,9.7257,-0.0005,-0.0005,-0.0005,27.97,,,,,,,,,,,
IMU,31835,,,,,,,,0.1165,-0.0142,9.7450,-0.0011,-0.0019,-0.0011,27.97,,,,,,,,,,,
IMU,31845,,,,,,,,0.1555,0.0079,9.7371,0.0013,-0.0013,-0.0005,27.97,,,,,,,,,,,
IMU,31856,,,,,,,,0.1474,0.0483,9.7182,0.0005,-0.0005,-0.0013,27.97,,,,,,,,,,,
IMU,31866,,,,,,,,0.1036,0.0129,9.7326,-0.0008,-0.0019,-0.0019,27.97,,,,,,,,,,,
IMU,31876,,,,,,,,0.0771,-0.0066,9.7522,0.0005,-0.0016,-0.0011,27.97,,,,,,,,,,,
IMU,31886,,,,,,,,0.0711,0.0231,9.7384,0.0005,-0.0008,-0.0008,27.97,,,,,,,,,,,
IMU,31896,,,,,,,,0.0769,0.0124,9.7289,-0.0011,-0.0008,-0.0005,27.97,,,,,,,,,,,
IMU,31906,,,,,,,,0.1112,-0.0275,9.7419,-0.0005,-0.0016,0.0003,27.97,,,,,,,,,,,
IMU,31916,,,,,,,,0.1518,-0.0090,9.7429,0.0008,-0.0008,-0.0005,27.97,,,,,,,,,,,
IMU,31926,,,,,,,,0.1404,0.0111,9.7422,-0.0005,-0.0005,-0.0016,27.97,,,,,,,,,,,
IMU,31936,,,,,,,,0.1064,-0.0217,9.7507,-0.0008,-0.0011,-0.0016,27.97,,,,,,,,,,,
IMU,31946,,,,,,,,0.0873,-0.0229,9.7395,0.0008,-0.0011,-0.0013,27.97,,,,,,,,,,,
IMU,31956,,,,,,,,0.0804,0.0196,9.7202,0.0008,-0.0005,-0.0011,27.97,,,,,,,,,,,
IMU,31966,,,,,,,,0.0870,0.0096,9.7307,-0.0016,-0.0005,-0.0008,27.97,,,,,,,,,,,
IMU,31976,,,,,,,,0.1268,-0.0055,9.7455,-0.0003,-0.0019,0.0005,27.97,,,,,,,,,,,
IMU,31986,,,,,,,,0.1558,0.0234,9.7347,0.0011,-0.0008,-0.0003,27.97,,,,,,,,,,,
IMU,31996,,,,,,,,0.1386,0.0362,9.7338,-0.0005,-0.0011,-0.0011,27.97,,,,,,,,,,,
IMU,32006,,,,,,,,0.1072,-0.0081,9.7579,-0.0011,-0.0013,-0.0011,27.97,,,,,,,,,,,
IMU,32016,,,,,,,,0.0961,-0.0082,9.7527,0.0005,-0.0008,-0.0011,27.97,,,,,,,,,,,
IMU,32026,,,,,,,,0.0760,0.0196,9.7209,0.0000,0.0003,-0.0013,27.97,,,,,,,,,,,
IMU,32036,,,,,,,,0.0754,-0.0156,9.7253,-0.0021,-0.0005,-0.0013,27.97,,,,,,,,,,,
IMU,32046,,,,,,,,0.1177,-0.0400,9.7447,0.0005,-0.0013,-0.0005,27.97,,,,,,,,,,,
IMU,32056,,,,,,,,0.1440,-0.0033,9.7371,0.0011,-0.0008,-0.0003,27.97,,,,,,,,,,,
IMU,32066,,,,,,,,0.1295,0.0009,9.7408,-0.0003,-0.0008,-0.0011,27.97,,,,,,,,,,,
IMU,32076,,,,,,,,0.1096,-0.0265,9.7582,-0.0003,-0.0016,-0.0011,27.97,,,,,,,,,,,
IMU,32086,,,,,,,,0.0964,0.0018,9.7395,0.0019,-0.0016,0.0003,27.97,,,,,,,,,,,
IMU,32096,,,,,,,,0.0810,0.0332,9.7221,0.0003,-0.0003,-0.0005,27.97,,,,,,,,,,,
IMU,32106,,,,,,,,0.0937,0.0051,9.7395,-0.0005,-0.0008,-0.0008,27.97,,,,,,,,,,,
IMU,32117,,,,,,,,0.1382,0.0013,9.7537,0.0011,-0.0019,-0.0005,27.97,,,,,,,,,,,
IMU,32126,,,,,,,,0.1513,0.0451,9.7389,0.0011,-0.0011,0.0000,28.00,,,,,,,,,,,
IMU,32137,,,,,,,,0.1220,0.0328,9.7361,-0.0011,-0.0013,-0.0011,28.00,,,,,,,,,,,
IMU,32147,,,,,,,,0.1037,-0.0082,9.7516,-0.0003,-0.0021,-0.0016,28.00,,,,,,,,,,,
IMU,32157,,,,,,,,0.0973,0.0042,9.7376,0.0008,-0.0013,-0.0016,28.00,,,,,,,,,,,
IMU,32167,,,,,,,,0.0796,0.0112,9.7286,-0.0011,-0.0005,-0.0008,28.00,,,,,,,,,,,
IMU,32177,,,,,,,,0.0907,-0.0277,9.7461,-0.0019,-0.0011,-0.0008,28.00,,,,,,,,,,,
IMU,32187,,,,,,,,0.1320,-0.0253,9.7447,0.0005,-0.0011,-0.0005,28.00,,,,,,,,,,,
IMU,32197,,,,,,,,0.1503,0.0102,9.7347,0.0008,-0.0008,-0.0008,28.00,,,,,,,,,,,
IMU,32207,,,,,,,,0.1361,-0.0049,9.7551,-0.0005,-0.0008,-0.0011,28.00,,,,,,,,,,,
IMU,32217,,,,,,,,0.1171,-0.0225,9.7608,0.0008,-0.0019,-0.0008,28.00,,,,,,,,,,,
IMU,32227,,,,,,,,0.0912,0.0145,9.7263,0.0016,-0.0016,-0.0013,28.00,,,,,,,,,,,
IMU,32237,,,,,,,,0.0605,0.0298,9.7143,-0.0005,-0.0013,-0.0013,28.00,,,,,,,,,,,
IMU,32247,,,,,,,,0.0855,-0.0052,9.7456,-0.0008,-0.0019,-0.0008,28.00,,,,,,,,,,,
IMU,32257,,,,,,,,0.1364,0.0073,9.7377,0.0011,-0.0011,0.0000,28.00,,,,,,,,,,,
IMU,32267,,,,,,,,0.1476,0.0449,9.7215,-0.0005,-0.0008,-0.0008,28.00,,,,,,,,,,,
IMU,32277,,,,,,,,0.1290,0.0088,9.7408,-0.0021,-0.0013,-0.0021,28.00,,,,,,,,,,,
IMU,32287,,,,,,,,0.1248,-0.0135,9.7636,0.0000,-0.0011,-0.0019,28.00,,,,,,,,,,,
IMU,32297,,,,,,,,0.0994,0.0109,9.7390,0.0005,-0.0000,-0.0019,28.00,,,,,,,,,,,
IMU,32307,,,,,,,,0.0719,0.0001,9.7268,-0.0013,-0.0003,-0.0011,28.00,,,,,,,,,,,
IMU,32317,,,,,,,,0.0992,-0.0293,9.7434,-0.0003,-0.0011,0.0003,28.00,,,,,,,,,,,
IMU,32327,,,,,,,,0.1409,-0.0033,9.7355,0.0013,0.0005,0.0000,28.00,,,,,,,,,,,
IMU,32337,,,,,,,,0.1371,0.0226,9.7344,-0.0005,0.0003,-0.0016,28.00,,,,,,,,,,,
IMU,32347,,,,,,,,0.1156,-0.0037,9.7560,-0.0013,-0.0013,-0.0016,28.00,,,,,,,,,,,
IMU,32357,,,,,,,,0.0980,-0.0114,9.7534,0.0005,-0.0016,-0.0008,28.00,,,,,,,,,,,
IMU,32367,,,,,,,,0.0741,0.0341,9.7293,0.0005,-0.0003,-0.0013,28.00,,,,,,,,,,,
IMU,32377,,,,,,,,0.0663,0.0123,9.7331,-0.0016,-0.0005,-0.0008,28.00,,,,,,,,,,,
IMU,32387,,,,,,,,0.1046,-0.0198,9.7450,-0.0005,-0.0013,-0.0008,28.00,,,,,,,,,,,
IMU,32397,,,,,,,,0.1442,0.0160,9.7287,0.0005,-0.0008,-0.0008,28.00,,,,,,,,,,,
IMU,32408,,,,,,,,0.1459,0.0259,9.7215,-0.0005,-0.0005,-0.0013,28.00,,,,,,,,,,,
IMU,32418,,,,,,,,0.1323,-0.0281,9.7497,-0.0008,-0.0016,-0.0019,28.00,,,,,,,,,,,
IMU,32428,,,,,,,,0.1072,-0.0244,9.7483,0.0008,-0.0019,-0.0019,28.00,,,,,,,,,,,
IMU,32438,,,,,,,,0.0756,0.0163,9.7301,0.0013,-0.0008,-0.0021,28.00,,,,,,,,,,,
IMU,32448,,,,,,,,0.0671,-0.0033,9.7413,-0.0008,-0.0016,-0.0013,28.00,,,,,,,,,,,
IMU,32458,,,,,,,,0.1082,-0.0166,9.7437,0.0005,-0.0013,-0.0005,28.00,,,,,,,,,,,
IMU,32468,,,,,,,,0.1437,0.0192,9.7268,0.0019,-0.0005,-0.0003,28.00,,,,,,,,,,,
IMU,32478,,,,,,,,0.1473,0.0171,9.7384,-0.0005,-0.0003,0.0000,28.00,,,,,,,,,,,
IMU,32488,,,,,,,,0.1401,-0.0220,9.7611,-0.0005,-0.0008,-0.0013,28.00,,,,,,,,,,,
IMU,32498,,,,,,,,0.1190,0.0012,9.7399,0.0008,-0.0008,-0.0013,28.00,,,,,,,,,,,
IMU,32508,,,,,,,,0.0838,0.0311,9.7178,-0.0008,0.0003,-0.0021,28.00,,,,,,,,,,,
IMU,32518,,,,,,,,0.0726,-0.0009,9.7343,-0.0019,-0.0005,-0.0016,28.00,,,,,,,,,,,
IMU,32528,,,,,,,,0.1057,-0.0054,9.7510,0.0005,-0.0008,-0.0011,28.00,,,,,,,,,,,
IMU,32538,,,,,,,,0.1284,0.0305,9.7353,0.0011,-0.0003,-0.0003,28.00,,,,,,,,,,,
IMU,32548,,,,,,,,0.1281,0.0166,9.7347,-0.0013,-0.0008,-0.0011,28.00,,,,,,,,,,,
IMU,32558,,,,,,,,0.1148,-0.0256,9.7495,-0.0008,-0.0013,-0.0019,28.00,,,,,,,,,,,
IMU,32568,,,,,,,,0.1079,-0.0280,9.7444,0.0008,-0.0005,-0.0005,28.00,,,,,,,,,,,
IMU,32578,,,,,,,,0.0787,0.0105,9.7224,-0.0003,0.0000,-0.0011,28.00,,,,,,,,,,,
IMU,32588,,,,,,,,0.0704,-0.0117,9.7387,-0.0013,-0.0008,-0.0013,28.00,,,,,,,,,,,
IMU,32598,,,,,,,,0.1081,-0.0242,9.7392,0.0005,-0.0013,-0.0003,28.00,,,,,,,,,,,
IMU,32608,,,,,,,,0.1407,0.0217,9.7281,0.0013,-0.0011,-0.0003,28.00,,,,,,,,,,,
IMU,32618,,,,,,,,0.1368,0.0210,9.7453,-0.0008,-0.0013,-0.0005,28.00,,,,,,,,,,,
IMU,32628,,,,,,,,0.1355,-0.0159,9.7696,0.0000,-0.0019,-0.0011,28.00,,,,,,,,,,,
IMU,32638,,,,,,,,0.1226,0.0142,9.7470,0.0016,-0.0011,-0.0005,28.00,,,,,,,,,,,
IMU,32648,,,,,,,,0.0838,0.0472,9.7093,-0.0005,-0.0003,-0.0013,28.00,,,,,,,,,,,
IMU,32658,,,,,,,,0.0778,0.0046,9.7379,-0.0016,-0.0008,-0.0021,28.00,,,,,,,,,,,
IMU,32668,,,,,,,,0.1166,0.0013,9.7474,0.0005,-0.0013,-0.0008,28.00,,,,,,,,,,,
IMU,32679,,,,,,,,0.1395,0.0483,9.7256,0.0005,-0.0013,-0.0011,28.00,,,,,,,,,,,
IMU,32689,,,,,,,,0.1211,0.0183,9.7392,-0.0021,-0.0013,-0.0016,28.00,,,,,,,,,,,
IMU,32699,,,,,,,,0.1004,-0.0268,9.7552,-0.0005,-0.0016,-0.0016,28.00,,,,,,,,,,,
IMU,32709,,,,,,,,0.0943,0.0058,9.7247,0.0013,-0.0011,-0.0011,28.00,,,,,,,,,,,
IMU,32719,,,,,,,,0.0714,0.0187,9.7166,-0.0008,-0.0011,-0.0013,28.00,,,,,,,,,,,
IMU,32729,,,,,,,,0.0786,-0.0280,9.7390,-0.0005,-0.0021,-0.0013,28.00,,,,,,,,,,,
IMU,32739,,,,,,,,0.1275,-0.0123,9.7344,0.0013,-0.0019,-0.0011,28.00,,,,,,,,,,,
IMU,32749,,,,,,,,0.1455,0.0352,9.7419,0.0003,-0.0003,-0.0008,28.00,,,,,,,,,,,
IMU,32759,,,,,,,,0.1212,0.0133,9.7579,-0.0011,-0.0011,-0.0019,28.00,,,,,,,,,,,
IMU,32769,,,,,,,,0.1088,-0.0027,9.7519,0.0021,-0.0016,-0.0029,28.00,,,,,,,,,,,
IMU,32779,,,,,,,,0.0918,0.0445,9.7275,0.0016,-0.0005,-0.0024,28.00,,,,,,,,,,,
IMU,32789,,,,,,,,0.0659,0.0427,9.7175,-0.0019,-0.0005,-0.0019,28.00,,,,,,,,,,,
IMU,32799,,,,,,,,0.0738,-0.0183,9.7256,-0.0021,-0.0016,-0.0008,28.00,,,,,,,,,,,
IMU,32809,,,,,,,,0.1229,-0.0151,9.7284,-0.0005,-0.0021,0.0000,28.00,,,,,,,,,,,
IMU,32819,,,,,,,,0.1479,-0.0037,9.7387,-0.0011,-0.0013,-0.0011,28.00,,,,,,,,,,,
IMU,32829,,,,,,,,0.1560,-0.0558,9.7682,-0.0016,-0.0013,-0.0024,28.00,,,,,,,,,,,
IMU,32839,,,,,,,,0.1521,-0.0876,9.7703,0.0008,-0.0016,-0.0016,28.00,,,,,,,,,,,
IMU,32849,,,,,,,,0.1260,-0.0415,9.7488,0.0013,0.0003,-0.0008,28.00,,,,,,,,,,,
IMU,32859,,,,,,,,0.1057,-0.0445,9.7624,-0.0008,0.0005,-0.0005,28.00,,,,,,,,,,,
IMU,32869,,,,,,,,0.1265,-0.0615,9.7708,0.0000,-0.0000,0.0008,28.00,,,,,,,,,,,
IMU,32879,,,,,,,,0.1603,0.0090,9.7283,0.0024,0.0005,0.0011,28.00,,,,,,,,,,,
IMU,32889,,,,,,,,0.1406,0.0555,9.7090,0.0011,0.0008,-0.0011,28.00,,,,,,,,,,,
IMU,32899,,,,,,,,0.1078,0.0240,9.7359,-0.0003,0.0000,-0.0013,28.00,,,,,,,,,,,
IMU,32909,,,,,,,,0.1037,0.0220,9.7356,0.0016,-0.0011,-0.0008,28.00,,,,,,,,,,,
IMU,32919,,,,,,,,0.0716,0.0689,9.7097,0.0008,-0.0008,0.0000,28.00,,,,,,,,,,,
IMU,32929,,,,,,,,0.0491,0.0464,9.7381,-0.0019,-0.0003,-0.0003,28.00,,,,,,,,,,,
IMU,32939,,,,,,,,0.0748,0.0025,9.7652,0.0000,-0.0005,0.0008,28.00,,,,,,,,,,,
IMU,32949,,,,,,,,0.1141,0.0328,9.7456,0.0013,-0.0000,0.0005,28.00,,,,,,,,,,,
IMU,32960,,,,,,,,0.1147,0.0340,9.7323,-0.0013,-0.0003,-0.0008,28.00,,,,,,,,,,,
IMU,32970,,,,,,,,0.1096,-0.0222,9.7485,-0.0008,-0.0016,-0.0013,28.00,,,,,,,,,,,
IMU,32980,,,,,,,,0.1054,-0.0004,9.7325,0.0019,-0.0016,-0.0016,28.00,,,,,,,,,,,
IMU,32990,,,,,,,,0.0783,0.0540,9.7028,0.0005,-0.0008,-0.0013,28.00,,,,,,,,,,,
IMU,33000,,,,,,,,0.0528,0.0277,9.7259,-0.0005,-0.0021,-0.0019,28.00,,,,,,,,,,,
IMU,33010,,,,,,,,0.0828,0.0160,9.7453,0.0011,-0.0021,-0.0013,28.00,,,,,,,,,,,
IMU,33020,,,,,,,,0.1196,0.0693,9.7236,0.0013,-0.0008,-0.0019,28.00,,,,,,,,,,,
IMU,33030,,,,,,,,0.1308,0.0552,9.7405,-0.0019,-0.0011,-0.0024,28.00,,,,,,,,,,,
IMU,33040,,,,,,,,0.1371,-0.0183,9.8022,-0.0016,-0.0016,-0.0021,28.00,,,,,,,,,,,
IMU,33050,,,,,,,,0.1400,-0.0037,9.7518,0.0008,-0.0013,-0.0016,28.00,,,,,,,,,,,
IMU,33060,,,,,,,,0.1106,-0.0022,9.7133,-0.0016,-0.0008,-0.0019,28.00,,,,,,,,,,,
IMU,33070,,,,,,,,0.0971,-0.0692,9.7489,-0.0029,-0.0019,-0.0024,28.00,,,,,,,,,,,
IMU,33080,,,,,,,,0.1227,-0.0871,9.7534,-0.0003,-0.0019,-0.0008,28.00,,,,,,,,,,,
IMU,33090,,,,,,,,0.1525,-0.0481,9.7265,0.0011,-0.0005,-0.0003,28.00,,,,,,,,,,,
IMU,33100,,,,,,,,0.1537,-0.0581,9.7434,-0.0008,-0.0003,-0.0003,28.00,,,,,,,,,,,
IMU,33110,,,,,,,,0.1596,-0.0753,9.7881,0.0013,-0.0013,0.0000,28.00,,,,,,,,,,,
IMU,33120,,,,,,,,0.1467,-0.0102,9.7646,0.0032,-0.0005,0.0008,28.00,,,,,,,,,,,
IMU,33130,,,,,,,,0.0879,0.0283,9.7328,0.0005,0.0005,-0.0005,28.00,,,,,,,,,,,
IMU,33140,,,,,,,,0.0626,-0.0022,9.7551,0.0005,-0.0013,-0.0003,28.00,,,,,,,,,,,
IMU,33150,,,,,,,,0.0823,0.0231,9.7325,0.0027,-0.0008,0.0008,28.00,,,,,,,,,,,
IMU,33160,,,,,,,,0.1021,0.0585,9.7118,0.0013,-0.0000,0.0005,28.00,,,,,,,,,,,
IMU,33170,,,,,,,,0.1099,0.0509,9.7176,-0.0016,-0.0003,0.0000,28.00,,,,,,,,,,,
IMU,33180,,,,,,,,0.1187,0.0136,9.7373,-0.0013,-0.0013,-0.0011,28.00,,,,,,,,,,,
IMU,33190,,,,,,,,0.1198,0.0284,9.7232,0.0005,-0.0016,-0.0011,28.00,,,,,,,,,,,
IMU,33200,,,,,,,,0.0864,0.0365,9.7239,-0.0016,-0.0013,-0.0016,28.00,,,,,,,,,,,
IMU,33210,,,,,,,,0.0811,-0.0075,9.7572,-0.0013,-0.0019,-0.0011,28.00,,,,,,,,,,,
IMU,33221,,,,,,,,0.1058,-0.0061,9.7546,0.0016,-0.0024,-0.0008,28.00,,,,,,,,,,,
IMU,33230,,,,,,,,0.1250,0.0394,9.7236,0.0013,-0.0013,-0.0011,28.00,,,,,,,,,,,
IMU,33241,,,,,,,,0.1180,0.0314,9.7319,-0.0011,-0.0013,-0.0019,28.00,,,,,,,,,,,
IMU,33251,,,,,,,,0.1178,0.0081,9.7444,0.0003,-0.0013,-0.0011,28.00,,,,,,,,,,,
IMU,33261,,,,,,,,0.1058,0.0406,9.7259,0.0011,-0.0011,-0.0024,28.00,,,,,,,,,,,
IMU,33271,,,,,,,,0.0760,0.0458,9.7096,-0.0016,-0.0013,-0.0027,28.00,,,,,,,,,,,
IMU,33281,,,,,,,,0.0726,-0.0090,9.7295,-0.0021,-0.0013,-0.0019,28.00,,,,,,,,,,,
IMU,33291,,,,,,,,0.1042,-0.0136,9.7440,0.0000,-0.0013,-0.0011,28.00,,,,,,,,,,,
IMU,33301,,,,,,,,0.1287,0.0036,9.7534,-0.0003,-0.0005,-0.0011,28.00,,,,,,,,,,,
IMU,33311,,,,,,,,0.1530,-0.0543,9.7768,-0.0019,-0.0011,-0.0019,28.00,,,,,,,,,,,
IMU,33321,,,,,,,,0.1663,-0.0852,9.7775,0.0003,-0.0016,-0.0011,28.00,,,,,,,,,,,
IMU,33331,,,,,,,,0.1453,-0.0531,9.7485,0.0011,-0.0003,-0.0008,28.00,,,,,,,,,,,
IMU,33341,,,,,,,,0.1174,-0.0473,9.7428,-0.0003,-0.0003,-0.0005,28.00,,,,,,,,,,,
IMU,33351,,,,,,,,0.1109,-0.0633,9.7429,0.0008,-0.0013,-0.0008,28.00,,,,,,,,,,,
IMU,33361,,,,,,,,0.1314,-0.0120,9.7154,0.0024,-0.0003,0.0003,28.00,,,,,,,,,,,
IMU,33371,,,,,,,,0.1377,0.0409,9.7239,0.0011,-0.0003,0.0003,28.00,,,,,,,,,,,
IMU,33381,,,,,,,,0.1328,0.0228,9.7658,-0.0003,-0.0016,-0.0003,28.00,,,,,,,,,,,
IMU,33391,,,,,,,,0.1278,0.0181,9.7494,0.0019,-0.0008,0.0000,28.00,,,,,,,,,,,
IMU,33401,,,,,,,,0.1085,0.0632,9.7173,0.0008,0.0003,-0.0008,28.00,,,,,,,,,,,
IMU,33411,,,,,,,,0.0627,0.0528,9.7376,-0.0021,0.0000,-0.0021,28.00,,,,,,,,,,,
IMU,33421,,,,,,,,0.0576,0.0109,9.7528,-0.0013,-0.0013,-0.0011,28.00,,,,,,,,,,,
IMU,33431,,,,,,,,0.0864,0.0220,9.7317,0.0000,-0.0005,-0.0008,28.00,,,,,,,,,,,
IMU,33441,,,,,,,,0.0991,0.0190,9.7158,-0.0011,-0.0005,-0.0008,28.00,,,,,,,,,,,
IMU,33451,,,,,,,,0.1127,-0.0305,9.7335,-0.0021,-0.0013,-0.0016,28.00,,,,,,,,,,,
IMU,33461,,,,,,,,0.1154,-0.0329,9.7304,0.0005,-0.0016,-0.0013,28.00,,,,,,,,,,,
IMU,33471,,,,,,,,0.0891,0.0031,9.7105,0.0003,-0.0005,-0.0013,28.00,,,,,,,,,,,
IMU,33481,,,,,,,,0.0686,0.0009,9.7446,-0.0008,-0.0011,-0.0008,28.00,,,,,,,,,,,
IMU,33491,,,,,,,,0.0909,0.0057,9.7257,0.0005,-0.0019,-0.0011,28.00,,,,,,,,,,,
IMU,33502,,,,,,,,0.1199,0.0461,9.7123,0.0008,-0.0019,-0.0005,28.00,,,,,,,,,,,
IMU,33512,,,,,,,,0.1430,0.0379,9.7950,0.0000,-0.0008,-0.0008,28.00,,,,,,,,,,,
IMU,33522,,,,,,,,0.1537,0.0189,9.7887,0.0003,-0.0011,-0.0005,28.00,,,,,,,,,,,
IMU,33532,,,,,,,,0.1527,0.0235,9.7130,0.0013,-0.0011,-0.0016,28.00,,,,,,,,,,,
IMU,33542,,,,,,,,0.1209,0.0241,9.7040,-0.0013,-0.0005,-0.0024,28.00,,,,,,,,,,,
IMU,33552,,,,,,,,0.0816,-0.0256,9.7605,-0.0027,-0.0008,-0.0019,28.00,,,,,,,,,,,
IMU,33562,,,,,,,,0.0964,-0.0545,9.7660,-0.0013,-0.0016,0.0000,28.00,,,,,,,,,,,
IMU,33572,,,,,,,,0.1220,-0.0433,9.7114,-0.0005,-0.0005,0.0003,28.00,,,,,,,,,,,
IMU,33582,,,,,,,,0.1292,-0.0665,9.7407,-0.0011,-0.0003,-0.0013,28.00,,,,,,,,,,,
IMU,33592,,,,,,,,0.1343,-0.0921,9.7769,0.0003,-0.0008,-0.0013,28.00,,,,,,,,,,,
IMU,33602,,,,,,,,0.1304,-0.0549,9.7507,0.0019,-0.0008,-0.0008,28.00,,,,,,,,,,,
IMU,33612,,,,,,,,0.0983,-0.0257,9.7449,0.0008,0.0000,0.0005,28.00,,,,,,,,,,,
IMU,33622,,,,,,,,0.0814,-0.0253,9.7679,0.0005,-0.0003,0.0003,28.00,,,,,,,,,,,
IMU,33632,,,,,,,,0.1010,0.0144,9.7573,0.0024,-0.0000,-0.0003,28.00,,,,,,,,,,,
IMU,33642,,,,,,,,0.1201,0.0738,9.7334,0.0016,0.0003,-0.0003,28.00,,,,,,,,,,,
IMU,33652,,,,,,,,0.1108,0.0769,9.7217,0.0003,-0.0003,-0.0008,28.00,,,,,,,,,,,
IMU,33662,,,,,,,,0.1160,0.0663,9.7184,0.0016,-0.0013,-0.0008,28.00,,,,,,,,,,,
IMU,33672,,,,,,,,0.1127,0.0754,9.7112,0.0005,-0.0011,-0.0011,28.00,,,,,,,,,,,
IMU,33682,,,,,,,,0.0804,0.0707,9.7127,-0.0013,-0.0008,-0.0005,28.00,,,,,,,,,,,
IMU,33692,,,,,,,,0.0671,0.0245,9.7311,-0.0021,-0.0013,-0.0003,28.00,,,,,,,,,,,
IMU,33702,,,,,,,,0.0948,-0.0033,9.7474,-0.0008,-0.0013,-0.0005,28.00,,,,,,,,,,,
IMU,33712,,,,,,,,0.1115,0.0024,9.7567,-0.0013,-0.0003,-0.0013,28.00,,,,,,,,,,,
IMU,33722,,,,,,,,0.1111,-0.0234,9.7579,-0.0016,-0.0003,-0.0013,28.00,,,,,,,,,,,
IMU,33732,,,,,,,,0.1311,-0.0449,9.7597,0.0005,-0.0021,-0.0011,28.00,,,,,,,,,,,
IMU,33742,,,,,,,,0.1367,-0.0177,9.7301,0.0011,-0.0016,-0.0013,28.00,,,,,,,,,,,
IMU,33752,,,,,,,,0.1075,0.0081,9.7129,0.0000,-0.0013,-0.0008,28.00,,,,,,,,,,,
IMU,33762,,,,,,,,0.0952,-0.0112,9.7753,0.0008,-0.0011,-0.0005,28.00,,,,,,,,,,,
IMU,33772,,,,,,,,0.1117,0.0225,9.7570,0.0027,-0.0005,-0.0008,28.00,,,,,,,,,,,
IMU,33783,,,,,,,,0.1247,0.0648,9.6799,0.0003,0.0000,-0.0024,28.00,,,,,,,,,,,
IMU,33793,,,,,,,,0.1224,0.0220,9.7244,-0.0021,-0.0013,-0.0029,28.00,,,,,,,,,,,
IMU,33803,,,,,,,,0.1304,-0.0147,9.7925,-0.0008,-0.0013,-0.0013,28.00,,,,,,,,,,,
IMU,33813,,,,,,,,0.1218,-0.0000,9.7605,-0.0005,-0.0005,0.0000,28.00,,,,,,,,,,,
IMU,33823,,,,,,,,0.0868,-0.0132,9.7217,-0.0021,-0.0005,0.0000,28.00,,,,,,,,,,,
IMU,33833,,,,,,,,0.0786,-0.0650,9.7549,-0.0013,-0.0011,-0.0016,28.00,,,,,,,,,,,
IMU,33843,,,,,,,,0.1007,-0.0519,9.7648,0.0011,-0.0005,-0.0013,28.00,,,,,,,,,,,
IMU,33853,,,,,,,,0.1206,-0.0334,9.7163,0.0003,0.0005,-0.0005,28.00,,,,,,,,,,,
IMU,33863,,,,,,,,0.1462,-0.0546,9.7203,-0.0005,-0.0011,0.0000,28.00,,,,,,,,,,,
IMU,33873,,,,,,,,0.1666,-0.0382,9.7591,0.0019,-0.0011,0.0003,28.00,,,,,,,,,,,
IMU,33883,,,,,,,,0.1548,0.0316,9.7465,0.0027,-0.0005,0.0003,28.00,,,,,,,,,,,
IMU,33893,,,,,,,,0.1121,0.0503,9.7301,0.0016,-0.0005,-0.0011,28.00,,,,,,,,,,,
IMU,33903,,,,,,,,0.0829,0.0421,9.7338,0.0011,-0.0013,-0.0019,28.00,,,,,,,,,,,
IMU,33913,,,,,,,,0.0805,0.0826,9.7188,0.0013,-0.0011,-0.0013,28.00,,,,,,,,,,,
IMU,33923,,,,,,,,0.0766,0.0949,9.7079,-0.0016,0.0000,-0.0008,28.00,,,,,,,,,,,
IMU,33933,,,,,,,,0.0962,0.0397,9.7396,-0.0027,-0.0005,-0.0005,28.00,,,,,,,,,,,
IMU,33943,,,,,,,,0.1196,0.0031,9.7518,-0.0016,-0.0013,-0.0008,28.00,,,,,,,,,,,
IMU,33953,,,,,,,,0.1076,0.0001,9.7399,-0.0013,-0.0005,-0.0024,28.00,,,,,,,,,,,
IMU,33963,,,,,,,,0.0780,-0.0483,9.7432,-0.0029,-0.0011,-0.0024,28.00,,,,,,,,,,,
IMU,33973,,,,,,,,0.0745,-0.0954,9.7512,-0.0008,-0.0011,-0.0027,28.00,,,,,,,,,,,
IMU,33983,,,,,,,,0.0970,-0.0632,9.7289,0.0019,-0.0013,-0.0008,28.00,,,,,,,,,,,
IMU,33993,,,,,,,,0.1181,-0.0313,9.7224,0.0005,-0.0013,0.0008,28.00,,,,,,,,,,,
IMU,34003,,,,,,,,0.1404,-0.0376,9.7512,0.0003,-0.0011,0.0000,28.00,,,,,,,,,,,
IMU,34013,,,,,,,,0.1560,-0.0019,9.7590,0.0027,-0.0008,0.0003,28.00,,,,,,,,,,,
IMU,34023,,,,,,,,0.1355,0.0665,9.7349,0.0016,-0.0005,-0.0008,28.00,,,,,,,,,,,
IMU,34033,,,,,,,,0.0992,0.0599,9.7349,-0.0003,-0.0013,-0.0016,28.00,,,,,,,,,,,
IMU,34043,,,,,,,,0.0910,0.0482,9.7524,0.0008,-0.0013,-0.0013,28.00,,,,,,,,,,,
IMU,34053,,,,,,,,0.0979,0.0748,9.7420,0.0003,-0.0003,-0.0011,28.00,,,,,,,,,,,
IMU,34064,,,,,,,,0.1075,0.0486,9.7262,-0.0029,-0.0011,-0.0003,28.00,,,,,,,,,,,
IMU,34074,,,,,,,,0.1272,-0.0151,9.7422,-0.0029,-0.0019,-0.0008,28.00,,,,,,,,,,,
IMU,34084,,,,,,,,0.1437,-0.0359,9.7368,-0.0011,-0.0011,-0.0013,28.00,,,,,,,,,,,
IMU,34094,,,,,,,,0.1169,-0.0344,9.7260,-0.0011,-0.0005,-0.0024,28.00,,,,,,,,,,,
IMU,34104,,,,,,,,0.0844,-0.0720,9.7365,-0.0011,-0.0013,-0.0029,28.00,,,,,,,,,,,
IMU,34114,,,,,,,,0.0882,-0.0840,9.7521,0.0005,-0.0013,-0.0013,28.00,,,,,,,,,,,
IMU,34124,,,,,,,,0.1049,-0.0305,9.7426,0.0019,-0.0005,0.0000,28.00,,,,,,,,,,,
IMU,34134,,,,,,,,0.1093,-0.0045,9.7470,0.0008,-0.0005,-0.0003,28.00,,,,,,,,,,,
IMU,34144,,,,,,,,0.1230,0.0016,9.7510,0.0021,-0.0011,-0.0003,28.00,,,,,,,,,,,
IMU,34154,,,,,,,,0.1284,0.0469,9.7359,0.0029,-0.0005,-0.0005,28.00,,,,,,,,,,,
IMU,34164,,,,,,,,0.1027,0.0852,9.7155,0.0005,-0.0000,-0.0019,28.00,,,,,,,,,,,
IMU,34174,,,,,,,,0.0759,0.0620,9.7248,-0.0016,-0.0013,-0.0019,28.00,,,,,,,,,,,
IMU,34184,,,,,,,,0.0898,0.0476,9.7332,-0.0003,-0.0016,-0.0003,28.00,,,,,,,,,,,
IMU,34194,,,,,,,,0.1073,0.0584,9.7266,-0.0008,-0.0003,-0.0003,28.00,,,,,,,,,,,
IMU,34204,,,,,,,,0.1220,0.0054,9.7462,-0.0024,-0.0008,-0.0013,28.00,,,,,,,,,,,
IMU,34214,,,,,,,,0.1410,-0.0476,9.7717,-0.0013,-0.0019,-0.0019,28.00,,,,,,,,,,,
IMU,34224,,,,,,,,0.1359,-0.0415,9.7548,-0.0005,-0.0013,-0.0016,28.00,,,,,,,,,,,
IMU,34234,,,,,,,,0.1042,-0.0406,9.7269,-0.0008,-0.0005,-0.0021,28.00,,,,,,,,,,,
IMU,34244,,,,,,,,0.0931,-0.0732,9.7543,0.0000,-0.0013,-0.0013,28.00,,,,,,,,,,,
IMU,34254,,,,,,,,0.1058,-0.0466,9.7148,0.0016,-0.0011,-0.0003,28.00,,,,,,,,,,,
IMU,34264,,,,,,,,0.1043,0.0136,9.6644,0.0008,-0.0011,-0.0011,28.00,,,,,,,,,,,
IMU,34274,,,,,,,,0.1139,-0.0084,9.7702,0.0000,-0.0024,-0.0008,28.00,,,,,,,,,,,
IMU,34284,,,,,,,,0.1298,0.0034,9.8145,0.0019,-0.0013,-0.0011,28.00,,,,,,,,,,,
IMU,34294,,,,,,,,0.1331,0.0654,9.7118,0.0019,0.0003,-0.0016,28.00,,,,,,,,,,,
IMU,34304,,,,,,,,0.1046,0.0573,9.7070,-0.0021,-0.0003,-0.0021,28.00,,,,,,,,,,,
IMU,34314,,,,,,,,0.0962,0.0019,9.8001,-0.0019,-0.0011,-0.0021,28.00,,,,,,,,,,,
IMU,34325,,,,,,,,0.1103,0.0021,9.7878,-0.0005,0.0008,-0.0005,28.00,,,,,,,,,,,
IMU,34335,,,,,,,,0.1145,0.0108,9.6789,-0.0013,0.0003,0.0000,28.00,,,,,,,,,,,
IMU,34345,,,,,,,,0.1226,-0.0386,9.6865,-0.0008,-0.0021,-0.0008,28.00,,,,,,,,,,,
IMU,34355,,,,,,,,0.1332,-0.0470,9.7587,0.0011,-0.0021,-0.0021,28.00,,,,,,,,,,,
IMU,34365,,,,,,,,0.1127,-0.0099,9.7395,0.0003,-0.0000,-0.0019,28.00,,,,,,,,,,,
IMU,34375,,,,,,,,0.0843,-0.0317,9.7402,-0.0016,0.0000,-0.0008,28.00,,,,,,,,,,,
IMU,34385,,,,,,,,0.0958,-0.0513,9.7846,0.0003,-0.0008,0.0000,28.00,,,,,,,,,,,
IMU,34395,,,,,,,,0.1212,0.0021,9.7760,0.0021,-0.0005,0.0011,28.00,,,,,,,,,,,
IMU,34405,,,,,,,,0.1256,0.0437,9.7501,0.0005,-0.0008,0.0005,28.00,,,,,,,,,,,
IMU,34415,,,,,,,,0.1260,0.0314,9.7444,-0.0003,-0.0013,-0.0011,28.00,,,,,,,,,,,
IMU,34425,,,,,,,,0.1236,0.0573,9.7176,0.0013,-0.0019,-0.0019,28.00,,,,,,,,,,,
IMU,34435,,,,,,,,0.0992,0.0861,9.7030,-0.0003,-0.0011,-0.0032,28.00,,,,,,,,,,,
IMU,34445,,,,,,,,0.0727,0.0391,9.7320,-0.0021,-0.0016,-0.0021,28.00,,,,,,,,,,,
IMU,34455,,,,,,,,0.0790,-0.0073,9.7393,-0.0005,-0.0021,-0.0008,28.00,,,,,,,,,,,
IMU,34465,,,,,,,,0.0980,0.0046,9.7281,-0.0003,-0.0013,-0.0005,28.00,,,,,,,,,,,
IMU,34475,,,,,,,,0.1177,-0.0094,9.7516,-0.0019,-0.0003,-0.0021,28.00,,,,,,,,,,,
IMU,34485,,,,,,,,0.1287,-0.0665,9.7805,-0.0011,-0.0008,-0.0024,28.00,,,,,,,,,,,
IMU,34495,,,,,,,,0.1415,-0.0527,9.7622,0.0011,-0.0013,-0.0011,28.00,,,,,,,,,,,
IMU,34505,,,,,,,,0.1187,-0.0115,9.7247,0.0003,-0.0005,-0.0005,28.00,,,,,,,,,,,
IMU,34515,,,,,,,,0.0943,-0.0293,9.7281,-0.0011,-0.0008,-0.0008,28.00,,,,,,,,,,,
IMU,34525,,,,,,,,0.0998,-0.0365,9.7816,0.0019,-0.0013,-0.0008,28.00,,,,,,,,,,,
IMU,34535,,,,,,,,0.1010,0.0317,9.7182,0.0035,0.0005,-0.0003,28.00,,,,,,,,,,,
IMU,34545,,,,,,,,0.1070,0.0497,9.6564,-0.0003,-0.0003,-0.0013,28.00,,,,,,,,,,,
IMU,34555,,,,,,,,0.1335,0.0042,9.7284,-0.0011,-0.0019,-0.0008,28.00,,,,,,,,,,,
IMU,34565,,,,,,,,0.1492,0.0226,9.7959,-0.0003,-0.0019,0.0003,28.00,,,,,,,,,,,
IMU,34575,,,,,,,,0.1322,0.0492,9.7658,-0.0008,-0.0008,0.0000,28.00,,,,,,,,,,,
IMU,34585,,,,,,,,0.1150,-0.0018,9.7405,-0.0016,-0.0016,-0.0005,28.00,,,,,,,,,,,
IMU,34595,,,,,,,,0.1109,-0.0325,9.7521,0.0008,-0.0016,-0.0021,28.00,,,,,,,,,,,
IMU,34606,,,,,,,,0.1025,-0.0024,9.7501,0.0000,0.0000,-0.0027,28.00,,,,,,,,,,,
IMU,34616,,,,,,,,0.0954,-0.0183,9.7205,-0.0021,0.0003,-0.0019,28.00,,,,,,,,,,,
IMU,34626,,,,,,,,0.1296,-0.0521,9.7241,-0.0003,-0.0005,-0.0003,28.00,,,,,,,,,,,
IMU,34636,,,,,,,,0.1374,-0.0081,9.7268,0.0019,-0.0011,0.0008,28.00,,,,,,,,,,,
IMU,34646,,,,,,,,0.1072,0.0238,9.7358,0.0000,-0.0011,0.0003,28.00,,,,,,,,,,,
IMU,34656,,,,,,,,0.0726,-0.0021,9.7578,-0.0008,-0.0013,-0.0011,28.00,,,,,,,,,,,
IMU,34666,,,,,,,,0.0654,0.0124,9.7450,0.0016,-0.0016,-0.0021,28.00,,,,,,,,,,,
IMU,34676,,,,,,,,0.0716,0.0543,9.7133,0.0008,-0.0011,-0.0016,28.00,,,,,,,,,,,
IMU,34686,,,,,,,,0.0997,0.0304,9.7347,-0.0013,-0.0008,-0.0005,28.00,,,,,,,,,,,
IMU,34696,,,,,,,,0.1346,0.0058,9.7697,0.0000,-0.0008,0.0003,28.00,,,,,,,,,,,
IMU,34706,,,,,,,,0.1606,0.0301,9.7435,0.0005,-0.0003,-0.0003,28.00,,,,,,,,,,,
IMU,34716,,,,,,,,0.1406,0.0231,9.7377,-0.0013,0.0000,-0.0019,28.00,,,,,,,,,,,
IMU,34726,,,,,,,,0.1024,-0.0240,9.7620,-0.0013,-0.0013,-0.0029,28.00,,,,,,,,,,,
IMU,34736,,,,,,,,0.0753,-0.0120,9.7440,0.0005,-0.0016,-0.0024,28.00,,,,,,,,,,,
IMU,34746,,,,,,,,0.0798,0.0073,9.7093,-0.0003,-0.0011,-0.0008,28.00,,,,,,,,,,,
IMU,34756,,,,,,,,0.1055,-0.0231,9.7218,-0.0013,-0.0021,0.0000,28.00,,,,,,,,,,,
IMU,34766,,,,,,,,0.1510,-0.0367,9.7566,0.0008,-0.0024,0.0000,28.00,,,,,,,,,,,
IMU,34776,,,,,,,,0.1434,0.0057,9.7560,0.0013,-0.0005,-0.0011,28.00,,,,,,,,,,,
IMU,34786,,,,,,,,0.1055,-0.0006,9.7563,-0.0003,-0.0003,-0.0024,28.00,,,,,,,,,,,
IMU,34796,,,,,,,,0.0841,-0.0362,9.7611,0.0003,-0.0013,-0.0013,28.00,,,,,,,,,,,
IMU,34806,,,,,,,,0.0856,-0.0121,9.7479,0.0008,-0.0005,-0.0016,28.00,,,,,,,,,,,
IMU,34816,,,,,,,,0.0912,0.0189,9.7362,-0.0003,0.0005,0.0000,28.00,,,,,,,,,,,
IMU,34826,,,,,,,,0.1223,-0.0073,9.7428,-0.0016,-0.0011,0.0005,28.00,,,,,,,,,,,
IMU,34836,,,,,,,,0.1596,-0.0057,9.7373,0.0005,-0.0021,0.0000,28.00,,,,,,,,,,,
IMU,34846,,,,,,,,0.1455,0.0287,9.7188,0.0008,-0.0013,-0.0016,28.00,,,,,,,,,,,
IMU,34856,,,,,,,,0.1067,0.0117,9.7254,-0.0005,-0.0003,-0.0024,28.00,,,,,,,,,,,
IMU,34866,,,,,,,,0.0960,-0.0034,9.7356,-0.0005,-0.0003,-0.0021,28.00,,,,,,,,,,,
IMU,34876,,,,,,,,0.0937,0.0066,9.7422,0.0005,-0.0008,-0.0005,28.00,,,,,,,,,,,
IMU,34887,,,,,,,,0.0995,0.0235,9.7471,0.0003,-0.0005,0.0003,28.00,,,,,,,,,,,
IMU,34897,,,,,,,,0.1094,0.0102,9.7694,-0.0003,-0.0003,0.0000,28.00,,,,,,,,,,,
IMU,34907,,,,,,,,0.1265,0.0066,9.7661,0.0011,-0.0003,-0.0008,28.00,,,,,,,,,,,
IMU,34917,,,,,,,,0.1177,0.0301,9.7331,0.0008,-0.0005,-0.0013,28.00,,,,,,,,,,,
IMU,34927,,,,,,,,0.0835,0.0229,9.7181,-0.0003,-0.0005,-0.0021,28.00,,,,,,,,,,,
IMU,34937,,,,,,,,0.0641,-0.0046,9.7238,-0.0003,-0.0005,-0.0013,28.00,,,,,,,,,,,
IMU,34947,,,,,,,,0.0720,0.0000,9.7223,0.0000,-0.0005,0.0000,28.00,,,,,,,,,,,
IMU,34957,,,,,,,,0.0989,0.0073,9.7260,-0.0003,-0.0003,-0.0011,28.00,,,,,,,,,,,
IMU,34967,,,,,,,,0.1230,-0.0144,9.7545,-0.0008,-0.0011,-0.0019,28.00,,,,,,,,,,,
IMU,34977,,,,,,,,0.1442,-0.0144,9.7661,0.0005,-0.0013,-0.0008,28.00,,,,,,,,,,,
IMU,34987,,,,,,,,0.1362,0.0109,9.7525,0.0008,-0.0005,-0.0013,28.00,,,,,,,,,,,
IMU,34997,,,,,,,,0.1088,0.0009,9.7362,-0.0008,-0.0008,-0.0019,28.00,,,,,,,,,,,
IMU,35007,,,,,,,,0.1037,-0.0181,9.7420,-0.0003,-0.0019,-0.0011,28.00,,,,,,,,,,,
IMU,35017,,,,,,,,0.1094,0.0090,9.7346,0.0003,-0.0008,-0.0003,28.00,,,,,,,,,,,
IMU,35027,,,,,,,,0.1168,0.0196,9.7274,-0.0005,-0.0003,-0.0005,28.00,,,,,,,,,,,
IMU,35037,,,,,,,,0.1241,-0.0010,9.7329,0.0003,-0.0003,-0.0013,28.00,,,,,,,,,,,
IMU,35047,,,,,,,,0.1374,0.0066,9.7349,0.0013,-0.0003,-0.0016,28.00,,,,,,,,,,,
IMU,35057,,,,,,,,0.1265,0.0139,9.7304,-0.0005,-0.0003,-0.0013,28.00,,,,,,,,,,,
IMU,35067,,,,,,,,0.0986,-0.0100,9.7522,-0.0011,-0.0008,-0.0011,28.00,,,,,,,,,,,
IMU,35077,,,,,,,,0.0891,-0.0217,9.7576,-0.0003,-0.0013,-0.0005,28.00,,,,,,,,,,,
IMU,35087,,,,,,,,0.0912,-0.0042,9.7347,-0.0005,-0.0011,-0.0003,28.00,,,,,,,,,,,
IMU,35097,,,,,,,,0.1043,-0.0067,9.7238,-0.0008,-0.0008,-0.0013,28.00,,,,,,,,,,,
IMU,35107,,,,,,,,0.1184,-0.0174,9.7399,-0.0003,-0.0005,-0.0013,28.00,,,,,,,,,,,
IMU,35117,,,,,,,,0.1277,0.0037,9.7410,0.0013,-0.0008,-0.0011,28.00,,,,,,,,,,,
IMU,35127,,,,,,,,0.1100,0.0234,9.7262,0.0011,-0.0005,-0.0011,28.00,,,,,,,,,,,
IMU,35137,,,,,,,,0.0919,0.0147,9.7328,-0.0005,-0.0003,-0.0008,28.00,,,,,,,,,,,
IMU,35147,,,,,,,,0.0859,-0.0111,9.7587,0.0008,-0.0005,-0.0003,28.00,,,,,,,,,,,
IMU,35158,,,,,,,,0.0979,0.0181,9.7500,0.0013,-0.0003,0.0000,28.00,,,,,,,,,,,
IMU,35168,,,,,,,,0.1025,0.0415,9.7257,-0.0008,-0.0008,-0.0016,28.00,,,,,,,,,,,
IMU,35178,,,,,,,,0.1090,0.0117,9.7247,-0.0008,-0.0016,-0.0011,28.00,,,,,,,,,,,
IMU,35188,,,,,,,,0.1289,0.0114,9.7367,0.0003,-0.0016,-0.0005,28.00,,,,,,,,,,,
IMU,35198,,,,,,,,0.1271,0.0280,9.7296,-0.0005,-0.0003,-0.0011,28.00,,,,,,,,,,,
IMU,35208,,,,,,,,0.1013,-0.0088,9.7474,-0.0011,-0.0005,-0.0013,28.00,,,,,,,,,,,
IMU,35218,,,,,,,,0.1057,-0.0379,9.7579,0.0008,-0.0008,-0.0008,28.00,,,,,,,,,,,
IMU,35228,,,,,,,,0.1088,-0.0067,9.7410,0.0013,-0.0003,-0.0005,28.00,,,,,,,,,,,
IMU,35238,,,,,,,,0.0997,-0.0040,9.7387,-0.0013,-0.0003,-0.0008,28.00,,,,,,,,,,,
IMU,35248,,,,,,,,0.1187,-0.0353,9.7608,-0.0008,-0.0013,-0.0005,28.00,,,,,,,,,,,
IMU,35258,,,,,,,,0.1456,-0.0108,9.7498,0.0016,-0.0019,-0.0003,28.00,,,,,,,,,,,
IMU,35268,,,,,,,,0.1410,0.0208,9.7340,0.0003,-0.0016,0.0000,28.00,,,,,,,,,,,
IMU,35278,,,,,,,,0.1156,-0.0001,9.7395,-0.0008,-0.0013,-0.0003,28.00,,,,,,,,,,,
IMU,35288,,,,,,,,0.1072,-0.0021,9.7504,0.0011,-0.0011,-0.0011,28.00,,,,,,,,,,,
IMU,35298,,,,,,,,0.1016,0.0368,9.7381,0.0011,0.0000,-0.0003,28.00,,,,,,,,,,,
IMU,35308,,,,,,,,0.0922,0.0295,9.7441,-0.0013,-0.0005,-0.0003,28.00,,,,,,,,,,,
IMU,35318,,,,,,,,0.1162,-0.0108,9.7591,-0.0011,-0.0005,-0.0011,28.00,,,,,,,,,,,
IMU,35328,,,,,,,,0.1347,0.0148,9.7473,0.0008,-0.0003,-0.0011,28.00,,,,,,,,,,,
IMU,35338,,,,,,,,0.1145,0.0331,9.7311,-0.0008,-0.0003,-0.0008,28.00,,,,,,,,,,,
IMU,35348,,,,,,,,0.0814,-0.0166,9.7422,-0.0013,-0.0008,-0.0016,28.00,,,,,,,,,,,
IMU,35358,,,,,,,,0.0736,-0.0183,9.7365,0.0008,-0.0008,-0.0008,28.00,,,,,,,,,,,
IMU,35368,,,,,,,,0.0753,0.0174,9.7127,0.0005,-0.0003,-0.0008,28.00,,,,,,,,,,,
IMU,35378,,,,,,,,0.0916,-0.0088,9.7322,-0.0013,-0.0008,-0.0008,28.00,,,,,,,,,,,
IMU,35388,,,,,,,,0.1266,-0.0247,9.7620,0.0000,-0.0011,0.0000,28.00,,,,,,,,,,,
IMU,35398,,,,,,,,0.1515,0.0235,9.7531,0.0016,-0.0005,-0.0011,28.00,,,,,,,,,,,
IMU,35408,,,,,,,,0.1307,0.0404,9.7494,0.0000,-0.0011,-0.0021,28.00,,,,,,,,,,,
IMU,35418,,,,,,,,0.0994,0.0052,9.7495,-0.0003,-0.0024,-0.0021,28.00,,,,,,,,,,,
IMU,35429,,,,,,,,0.0897,0.0196,9.7274,0.0011,-0.0016,-0.0016,28.00,,,,,,,,,,,
IMU,35439,,,,,,,,0.0801,0.0455,9.7087,0.0003,-0.0003,-0.0013,28.00,,,,,,,,,,,
IMU,35449,,,,,,,,0.0886,0.0151,9.7266,-0.0011,-0.0013,-0.0011,28.00,,,,,,,,,,,
IMU,35459,,,,,,,,0.1263,-0.0135,9.7434,0.0000,-0.0016,-0.0011,28.00,,,,,,,,,,,
IMU,35469,,,,,,,,0.1424,0.0132,9.7422,0.0003,-0.0008,-0.0013,28.00,,,,,,,,,,,
IMU,35479,,,,,,,,0.1229,-0.0048,9.7545,-0.0019,-0.0005,-0.0013,28.00,,,,,,,,,,,
IMU,35489,,,,,,,,0.1027,-0.0495,9.7741,-0.0013,-0.0013,-0.0016,28.00,,,,,,,,,,,
IMU,35499,,,,,,,,0.1015,-0.0308,9.7474,0.0008,-0.0011,-0.0013,28.00,,,,,,,,,,,
IMU,35509,,,,,,,,0.0844,0.0007,9.7209,0.0000,-0.0008,-0.0008,28.00,,,,,,,,,,,
IMU,35519,,,,,,,,0.0988,-0.0248,9.7323,0.0000,-0.0013,0.0000,28.00,,,,,,,,,,,
IMU,35529,,,,,,,,0.1428,-0.0178,9.7355,0.0019,-0.0013,0.0003,28.00,,,,,,,,,,,
IMU,35539,,,,,,,,0.1470,0.0277,9.7218,0.0013,-0.0005,-0.0008,28.00,,,,,,,,,,,
IMU,35549,,,,,,,,0.1180,0.0229,9.7245,-0.0008,0.0000,-0.0016,28.00,,,,,,,,,,,
IMU,35559,,,,,,,,0.0916,0.0055,9.7509,0.0000,-0.0011,-0.0019,28.00,,,,,,,,,,,
IMU,35569,,,,,,,,0.0895,0.0248,9.7552,0.0011,-0.0013,-0.0011,28.00,,,,,,,,,,,
IMU,35579,,,,,,,,0.0877,0.0313,9.7501,-0.0005,0.0000,-0.0005,28.00,,,,,,,,,,,
IMU,35589,,,,,,,,0.1066,-0.0100,9.7576,-0.0013,-0.0011,-0.0003,28.00,,,,,,,,,,,
IMU,35599,,,,,,,,0.1407,-0.0124,9.7470,0.0005,-0.0008,-0.0003,28.00,,,,,,,,,,,
IMU,35609,,,,,,,,0.1422,0.0079,9.7266,0.0003,-0.0003,-0.0019,28.00,,,,,,,,,,,
IMU,35619,,,,,,,,0.1051,-0.0180,9.7290,-0.0013,-0.0008,-0.0021,28.00,,,,,,,,,,,
IMU,35629,,,,,,,,0.0829,-0.0368,9.7376,0.0005,-0.0016,0.0000,28.00,,,,,,,,,,,
IMU,35639,,,,,,,,0.0900,-0.0009,9.7248,0.0013,-0.0011,-0.0005,28.00,,,,,,,,,,,
IMU,35649,,,,,,,,0.0870,0.0138,9.7272,-0.0011,-0.0005,-0.0005,28.00,,,,,,,,,,,
IMU,35659,,,,,,,,0.1103,-0.0175,9.7540,-0.0008,-0.0016,-0.0003,28.00,,,,,,,,,,,
IMU,35669,,,,,,,,0.1447,0.0067,9.7539,0.0016,-0.0013,0.0000,28.00,,,,,,,,,,,
IMU,35679,,,,,,,,0.1376,0.0431,9.7399,0.0005,-0.0011,-0.0011,28.00,,,,,,,,,,,
IMU,35689,,,,,,,,0.1073,0.0133,9.7531,-0.0008,-0.0008,-0.0019,28.00,,,,,,,,,,,
IMU,35699,,,,,,,,0.0886,0.0024,9.7491,0.0000,-0.0011,-0.0011,28.00,,,,,,,,,,,
IMU,35710,,,,,,,,0.0819,0.0340,9.7242,0.0005,-0.0005,-0.0005,28.00,,,,,,,,,,,
IMU,35720,,,,,,,,0.0816,0.0202,9.7196,-0.0016,-0.0003,-0.0008,28.00,,,,,,,,,,,
IMU,35730,,,,,,,,0.1066,-0.0308,9.7395,-0.0013,-0.0016,-0.0011,28.00,,,,,,,,,,,
IMU,35740,,,,,,,,0.1431,-0.0141,9.7319,0.0005,-0.0021,-0.0003,28.00,,,,,,,,,,,
IMU,35750,,,,,,,,0.1385,0.0079,9.7334,0.0000,-0.0013,-0.0011,28.00,,,,,,,,,,,
IMU,35760,,,,,,,,0.1147,-0.0322,9.7609,-0.0011,-0.0024,-0.0003,28.00,,,,,,,,,,,
IMU,35770,,,,,,,,0.1073,-0.0358,9.7551,0.0011,-0.0016,-0.0003,28.00,,,,,,,,,,,
IMU,35780,,,,,,,,0.1018,0.0087,9.7301,0.0008,-0.0008,-0.0005,28.00,,,,,,,,,,,
IMU,35790,,,,,,,,0.0903,0.0042,9.7326,-0.0013,-0.0013,-0.0005,28.00,,,,,,,,,,,
IMU,35800,,,,,,,,0.1178,-0.0156,9.7513,0.0005,-0.0013,-0.0005,28.00,,,,,,,,,,,
IMU,35810,,,,,,,,0.1480,0.0112,9.7350,0.0016,-0.0005,-0.0005,28.00,,,,,,,,,,,
IMU,35820,,,,,,,,0.1329,0.0373,9.7221,-0.0005,0.0000,-0.0019,28.00,,,,,,,,,,,
IMU,35830,,,,,,,,0.1090,0.0024,9.7386,-0.0011,-0.0016,-0.0019,28.00,,,,,,,,,,,
IMU,35840,,,,,,,,0.1070,-0.0018,9.7398,0.0003,-0.0021,-0.0011,28.00,,,,,,,,,,,
IMU,35850,,,,,,,,0.0994,0.0274,9.7349,-0.0003,-0.0008,-0.0005,28.00,,,,,,,,,,,
IMU,35860,,,,,,,,0.1015,-0.0010,9.7411,-0.0013,-0.0013,-0.0005,28.00,,,,,,,,,,,
IMU,35870,,,,,,,,0.1254,-0.0269,9.7453,0.0000,-0.0011,-0.0003,28.00,,,,,,,,,,,
IMU,35880,,,,,,,,0.1361,0.0129,9.7389,0.0008,-0.0005,-0.0008,28.00,,,,,,,,,,,
IMU,35890,,,,,,,,0.1150,0.0168,9.7459,-0.0008,-0.0008,-0.0011,28.00,,,,,,,,,,,
IMU,35900,,,,,,,,0.1015,-0.0144,9.7537,-0.0005,-0.0011,-0.0016,28.00,,,,,,,,,,,
IMU,35910,,,,,,,,0.0954,0.0139,9.7326,0.0013,-0.0005,-0.0019,28.00,,,,,,,,,,,
IMU,35920,,,,,,,,0.0874,0.0457,9.7191,0.0003,-0.0000,-0.0008,28.00,,,,,,,,,,,
IMU,35930,,,,,,,,0.0859,0.0136,9.7307,-0.0013,-0.0016,-0.0008,28.00,,,,,,,,,,,
IMU,35940,,,,,,,,0.1180,0.0027,9.7344,0.0005,-0.0021,-0.0003,28.00,,,,,,,,,,,
IMU,35950,,,,,,,,0.1364,0.0350,9.7157,0.0005,-0.0013,-0.0011,28.00,,,,,,,,,,,
IMU,35960,,,,,,,,0.1283,0.0174,9.7384,-0.0011,-0.0013,-0.0019,28.00,,,,,,,,,,,
IMU,35970,,,,,,,,0.1141,-0.0284,9.7706,-0.0008,-0.0016,-0.0011,28.00,,,,,,,,,,,
IMU,35980,,,,,,,,0.1082,-0.0115,9.7564,0.0008,-0.0013,-0.0008,28.00,,,,,,,,,,,
IMU,35991,,,,,,,,0.0924,0.0106,9.7367,-0.0008,-0.0008,-0.0019,28.00,,,,,,,,,,,
IMU,36001,,,,,,,,0.0980,-0.0263,9.7488,-0.0011,-0.0016,-0.0016,28.00,,,,,,,,,,,
IMU,36011,,,,,,,,0.1235,-0.0283,9.7383,0.0013,-0.0016,-0.0003,28.00,,,,,,,,,,,
IMU,36021,,,,,,,,0.1361,0.0096,9.7136,0.0000,-0.0013,-0.0003,28.00,,,,,,,,,,,
IMU,36031,,,,,,,,0.1130,-0.0144,9.7302,-0.0013,-0.0005,-0.0005,28.00,,,,,,,,,,,
IMU,36041,,,,,,,,0.1069,-0.0416,9.7615,0.0000,-0.0013,-0.0008,28.00,,,,,,,,,,,
IMU,36051,,,,,,,,0.0980,-0.0049,9.7477,0.0016,-0.0008,-0.0005,28.00,,,,,,,,,,,
IMU,36061,,,,,,,,0.0762,0.0160,9.7311,-0.0003,0.0003,-0.0005,28.00,,,,,,,,,,,
IMU,36071,,,,,,,,0.0958,-0.0166,9.7494,-0.0011,-0.0008,-0.0003,28.00,,,,,,,,,,,
IMU,36081,,,,,,,,0.1362,-0.0009,9.7530,0.0013,-0.0005,0.0003,28.00,,,,,,,,,,,
IMU,36091,,,,,,,,0.1391,0.0418,9.7387,0.0008,-0.0005,0.0003,28.00,,,,,,,,,,,
IMU,36101,,,,,,,,0.1230,0.0156,9.7444,-0.0005,-0.0011,-0.0008,28.00,,,,,,,,,,,
IMU,36111,,,,,,,,0.1039,-0.0087,9.7468,0.0005,-0.0013,-0.0013,28.00,,,,,,,,,,,
IMU,36121,,,,,,,,0.0867,0.0292,9.7268,0.0013,-0.0008,-0.0021,28.00,,,,,,,,,,,
IMU,36131,,,,,,,,0.0756,0.0263,9.7233,-0.0011,-0.0005,-0.0011,28.00,,,,,,,,,,,
IMU,36141,,,,,,,,0.0994,-0.0096,9.7431,-0.0008,-0.0008,-0.0003,28.02,,,,,,,,,,,
IMU,36151,,,,,,,,0.1410,0.0045,9.7411,0.0011,-0.0008,-0.0003,28.02,,,,,,,,,,,
IMU,36161,,,,,,,,0.1415,0.0335,9.7468,-0.0003,-0.0005,-0.0003,28.02,,,,,,,,,,,
IMU,36171,,,,,,,,0.1203,-0.0028,9.7685,-0.0008,-0.0019,-0.0005,28.02,,,,,,,,,,,
IMU,36181,,,,,,,,0.0876,-0.0157,9.7570,0.0011,-0.0019,-0.0008,28.02,,,,,,,,,,,
IMU,36191,,,,,,,,0.0624,0.0199,9.7263,-0.0003,-0.0008,-0.0011,28.02,,,,,,,,,,,
IMU,36201,,,,,,,,0.0551,0.0067,9.7268,-0.0021,-0.0008,-0.0008,28.02,,,,,,,,,,,
IMU,36211,,,,,,,,0.0945,-0.0325,9.7395,0.0000,-0.0019,-0.0011,28.02,,,,,,,,,,,
IMU,36221,,,,,,,,0.1510,-0.0058,9.7296,0.0013,-0.0011,-0.0011,28.02,,,,,,,,,,,
IMU,36231,,,,,,,,0.1594,0.0189,9.7287,-0.0005,-0.0005,-0.0013,28.02,,,,,,,,,,,
IMU,36241,,,,,,,,0.1422,-0.0112,9.7594,-0.0013,-0.0016,-0.0021,28.02,,,,,,,,,,,
IMU,36252,,,,,,,,0.1127,-0.0225,9.7739,0.0000,-0.0019,-0.0013,28.02,,,,,,,,,,,
IMU,36262,,,,,,,,0.0876,0.0151,9.7414,0.0008,-0.0005,-0.0011,28.02,,,,,,,,,,,
IMU,36272,,,,,,,,0.0708,0.0148,9.7293,-0.0013,0.0000,-0.0008,28.02,,,,,,,,,,,
IMU,36282,,,,,,,,0.0928,-0.0169,9.7422,-0.0003,-0.0016,-0.0005,28.02,,,,,,,,,,,
IMU,36292,,,,,,,,0.1388,0.0025,9.7322,0.0016,-0.0008,-0.0003,28.02,,,,,,,,,,,
IMU,36302,,,,,,,,0.1461,0.0344,9.7181,-0.0005,-0.0003,-0.0003,28.02,,,,,,,,,,,
IMU,36312,,,,,,,,0.1247,-0.0045,9.7435,-0.0013,-0.0008,-0.0008,28.02,,,,,,,,,,,
IMU,36322,,,,,,,,0.1007,-0.0240,9.7594,0.0008,-0.0011,-0.0005,28.02,,,,,,,,,,,
IMU,36332,,,,,,,,0.0771,0.0120,9.7377,0.0013,-0.0005,-0.0013,28.02,,,,,,,,,,,
IMU,36342,,,,,,,,0.0701,0.0048,9.7353,-0.0013,-0.0005,-0.0008,28.02,,,,,,,,,,,
IMU,36352,,,,,,,,0.1073,-0.0304,9.7605,-0.0005,-0.0013,0.0003,28.02,,,,,,,,,,,
IMU,36362,,,,,,,,0.1446,0.0000,9.7452,0.0019,-0.0005,0.0003,28.02,,,,,,,,,,,
IMU,36372,,,,,,,,0.1371,0.0325,9.7286,-0.0003,0.0000,0.0005,28.02,,,,,,,,,,,
IMU,36382,,,,,,,,0.1142,-0.0021,9.7429,-0.0016,-0.0005,-0.0011,28.02,,,,,,,,,,,
IMU,36392,,,,,,,,0.0937,-0.0030,9.7405,0.0005,-0.0008,-0.0016,28.02,,,,,,,,,,,
IMU,36402,,,,,,,,0.0720,0.0362,9.7211,0.0005,-0.0008,-0.0016,28.02,,,,,,,,,,,
IMU,36412,,,,,,,,0.0675,0.0129,9.7350,-0.0016,-0.0005,-0.0008,28.02,,,,,,,,,,,
IMU,36422,,,,,,,,0.0989,-0.0196,9.7456,-0.0005,-0.0013,-0.0008,28.02,,,,,,,,,,,
IMU,36432,,,,,,,,0.1376,0.0097,9.7384,0.0008,-0.0003,-0.0011,28.02,,,,,,,,,,,
IMU,36442,,,,,,,,0.1403,0.0157,9.7470,-0.0008,-0.0005,-0.0013,28.02,,,,,,,,,,,
IMU,36452,,,,,,,,0.1307,-0.0373,9.7673,-0.0011,-0.0019,-0.0019,28.02,,,,,,,,,,,
IMU,36462,,,,,,,,0.1206,-0.0343,9.7515,0.0008,-0.0013,-0.0016,28.02,,,,,,,,,,,
IMU,36472,,,,,,,,0.0933,0.0124,9.7277,0.0000,-0.0003,-0.0011,28.02,,,,,,,,,,,
IMU,36482,,,,,,,,0.0894,-0.0145,9.7392,-0.0019,-0.0008,-0.0011,28.02,,,,,,,,,,,
IMU,36492,,,,,,,,0.1280,-0.0222,9.7500,-0.0000,-0.0011,-0.0005,28.02,,,,,,,,,,,
IMU,36502,,,,,,,,0.1480,0.0269,9.7283,0.0005,-0.0005,0.0000,28.02,,,,,,,,,,,
IMU,36512,,,,,,,,0.1266,0.0325,9.7326,-0.0008,-0.0011,-0.0008,28.02,,,,,,,,,,,
IMU,36522,,,,,,,,0.1126,-0.0078,9.7591,0.0000,-0.0016,-0.0011,28.02,,,,,,,,,,,
IMU,36533,,,,,,,,0.0962,0.0066,9.7462,0.0016,-0.0011,-0.0013,28.02,,,,,,,,,,,
IMU,36543,,,,,,,,0.0768,0.0305,9.7208,0.0003,-0.0008,-0.0013,28.02,,,,,,,,,,,
IMU,36553,,,,,,,,0.0738,-0.0115,9.7347,-0.0011,-0.0013,-0.0005,28.02,,,,,,,,,,,
IMU,36563,,,,,,,,0.1147,-0.0202,9.7519,0.0003,-0.0011,-0.0005,28.02,,,,,,,,,,,
IMU,36573,,,,,,,,0.1410,0.0066,9.7503,0.0013,0.0000,-0.0005,28.02,,,,,,,,,,,
IMU,36583,,,,,,,,0.1444,0.0130,9.7452,0.0003,0.0003,-0.0008,28.02,,,,,,,,,,,
IMU,36593,,,,,,,,0.1287,-0.0247,9.7503,0.0000,-0.0011,-0.0008,28.02,,,,,,,,,,,
IMU,36603,,,,,,,,0.1199,-0.0061,9.7443,0.0011,-0.0013,-0.0005,28.02,,,,,,,,,,,
IMU,36613,,,,,,,,0.0951,0.0287,9.7319,0.0005,0.0003,-0.0011,28.02,,,,,,,,,,,
IMU,36623,,,,,,,,0.0713,0.0064,9.7325,-0.0013,0.0000,-0.0008,28.02,,,,,,,,,,,
IMU,36633,,,,,,,,0.0973,-0.0022,9.7308,0.0000,-0.0013,-0.0003,28.02,,,,,,,,,,,
IMU,36643,,,,,,,,0.1093,0.0472,9.6682,0.0005,-0.0011,-0.0005,28.02,,,,,,,,,,,
IMU,36653,,,,,,,,0.1015,0.0251,9.7031,-0.0021,-0.0013,-0.0021,28.02,,,,,,,,,,,
IMU,36663,,,,,,,,0.1064,-0.0407,9.8196,-0.0008,-0.0019,-0.0024,28.02,,,,,,,,,,,
IMU,36673,,,,,,,,0.1178,-0.0204,9.7820,0.0019,-0.0011,-0.0008,28.02,,,,,,,,,,,
IMU,36683,,,,,,,,0.1052,-0.0034,9.7138,-0.0003,0.0003,-0.0016,28.02,,,,,,,,,,,
IMU,36693,,,,,,,,0.0976,-0.0457,9.7594,-0.0021,-0.0003,-0.0011,28.02,,,,,,,,,,,
IMU,36703,,,,,,,,0.1268,-0.0461,9.7920,0.0008,-0.0005,0.0000,28.02,,,,,,,,,,,
IMU,36713,,,,,,,,0.1410,0.0163,9.7179,0.0011,0.0005,0.0000,28.02,,,,,,,,,,,
IMU,36723,,,,,,,,0.1199,0.0162,9.6754,-0.0011,-0.0011,-0.0008,28.02,,,,,,,,,,,
IMU,36733,,,,,,,,0.1078,-0.0054,9.7335,0.0008,-0.0029,-0.0005,28.02,,,,,,,,,,,
IMU,36743,,,,,,,,0.1006,0.0391,9.7362,0.0016,-0.0021,-0.0005,28.02,,,,,,,,,,,
IMU,36753,,,,,,,,0.0748,0.0621,9.7088,-0.0011,-0.0013,-0.0019,28.02,,,,,,,,,,,
IMU,36763,,,,,,,,0.0795,0.0084,9.7587,-0.0019,-0.0016,-0.0021,28.02,,,,,,,,,,,
IMU,36773,,,,,,,,0.1205,0.0168,9.7738,0.0011,-0.0011,-0.0011,28.02,,,,,,,,,,,
IMU,36783,,,,,,,,0.1341,0.0436,9.7549,-0.0005,-0.0003,-0.0011,28.02,,,,,,,,,,,
IMU,36793,,,,,,,,0.1211,-0.0108,9.7880,-0.0027,0.0000,-0.0008,28.02,,,,,,,,,,,
IMU,36803,,,,,,,,0.1087,-0.0437,9.7917,-0.0003,-0.0000,-0.0013,28.02,,,,,,,,,,,
IMU,36814,,,,,,,,0.0928,-0.0015,9.6732,-0.0000,0.0005,-0.0016,28.02,,,,,,,,,,,
IMU,36824,,,,,,,,0.0590,-0.0130,9.6666,-0.0029,-0.0011,-0.0019,28.02,,,,,,,,,,,
IMU,36834,,,,,,,,0.0720,-0.0531,9.7377,-0.0019,-0.0024,-0.0008,28.02,,,,,,,,,,,
IMU,36844,,,,,,,,0.1227,-0.0190,9.7368,0.0021,-0.0019,0.0008,28.02,,,,,,,,,,,
IMU,36854,,,,,,,,0.1480,0.0268,9.7173,0.0013,-0.0011,0.0000,28.02,,,,,,,,,,,
IMU,36864,,,,,,,,0.1482,-0.0054,9.7690,0.0000,-0.0016,-0.0019,28.02,,,,,,,,,,,
IMU,36874,,,,,,,,0.1409,-0.0133,9.8164,0.0016,-0.0016,-0.0024,28.02,,,,,,,,,,,
IMU,36884,,,,,,,,0.1139,0.0376,9.7614,0.0005,0.0008,-0.0008,28.02,,,,,,,,,,,
IMU,36894,,,,,,,,0.0780,0.0213,9.7290,-0.0019,0.0003,-0.0005,28.02,,,,,,,,,,,
IMU,36904,,,,,,,,0.0873,-0.0192,9.7504,-0.0016,-0.0003,0.0008,28.02,,,,,,,,,,,
IMU,36914,,,,,,,,0.1198,0.0085,9.7155,0.0008,-0.0008,0.0008,28.02,,,,,,,,,,,
IMU,36924,,,,,,,,0.1233,0.0278,9.6892,-0.0011,-0.0011,-0.0008,28.02,,,,,,,,,,,
IMU,36934,,,,,,,,0.1156,-0.0259,9.7106,-0.0024,-0.0016,-0.0016,28.02,,,,,,,,,,,
IMU,36944,,,,,,,,0.1082,-0.0458,9.7302,0.0000,-0.0019,-0.0021,28.02,,,,,,,,,,,
IMU,36954,,,,,,,,0.0968,0.0007,9.7533,0.0011,-0.0005,-0.0019,28.02,,,,,,,,,,,
IMU,36964,,,,,,,,0.0775,-0.0117,9.7840,0.0000,0.0000,-0.0003,28.02,,,,,,,,,,,
IMU,36974,,,,,,,,0.1045,-0.0341,9.8027,0.0008,-0.0003,-0.0003,28.02,,,,,,,,,,,
IMU,36984,,,,,,,,0.1352,0.0144,9.7676,0.0019,-0.0003,-0.0003,28.02,,,,,,,,,,,
IMU,36994,,,,,,,,0.1311,0.0473,9.7359,-0.0005,0.0003,-0.0011,28.02,,,,,,,,,,,
IMU,37004,,,,,,,,0.1085,0.0186,9.7197,-0.0016,-0.0005,-0.0013,28.02,,,,,,,,,,,
IMU,37014,,,,,,,,0.0952,0.0260,9.6898,0.0003,-0.0016,-0.0005,28.02,,,,,,,,,,,
IMU,37024,,,,,,,,0.0844,0.0555,9.6795,0.0003,-0.0011,-0.0008,28.02,,,,,,,,,,,
IMU,37034,,,,,,,,0.0735,0.0259,9.7163,-0.0027,-0.0011,-0.0016,28.02,,,,,,,,,,,
IMU,37044,,,,,,,,0.0960,-0.0169,9.7569,-0.0005,-0.0021,-0.0011,28.02,,,,,,,,,,,
IMU,37054,,,,,,,,0.1334,0.0045,9.7612,0.0011,-0.0019,-0.0011,28.02,,,,,,,,,,,
IMU,37064,,,,,,,,0.1344,0.0082,9.7751,-0.0008,-0.0013,-0.0019,28.02,,,,,,,,,,,
IMU,37074,,,,,,,,0.1230,-0.0503,9.7904,-0.0019,-0.0016,-0.0021,28.02,,,,,,,,,,,
IMU,37085,,,,,,,,0.1189,-0.0413,9.7622,0.0003,-0.0008,-0.0011,28.02,,,,,,,,,,,
IMU,37095,,,,,,,,0.0967,0.0015,9.7139,0.0000,0.0005,0.0000,28.02,,,,,,,,,,,
IMU,37105,,,,,,,,0.0847,-0.0231,9.7019,-0.0011,-0.0005,-0.0005,28.02,,,,,,,,,,,
IMU,37115,,,,,,,,0.1051,-0.0308,9.7078,0.0011,-0.0016,-0.0005,28.02,,,,,,,,,,,
IMU,37125,,,,,,,,0.1379,0.0228,9.7057,0.0019,-0.0008,-0.0003,28.02,,,,,,,,,,,
IMU,37135,,,,,,,,0.1383,0.0436,9.7239,-0.0005,-0.0005,-0.0013,28.02,,,,,,,,,,,
IMU,37145,,,,,,,,0.1277,0.0063,9.7711,-0.0003,-0.0013,-0.0008,28.02,,,,,,,,,,,
IMU,37155,,,,,,,,0.1193,0.0082,9.7844,0.0016,-0.0008,0.0005,28.02,,,,,,,,,,,
IMU,37165,,,,,,,,0.1007,0.0373,9.7669,-0.0003,-0.0003,0.0003,28.02,,,,,,,,,,,
IMU,37175,,,,,,,,0.0838,0.0019,9.7561,-0.0021,-0.0008,-0.0013,28.02,,,,,,,,,,,
IMU,37185,,,,,,,,0.1051,-0.0169,9.7278,0.0000,-0.0011,-0.0019,28.02,,,,,,,,,,,
IMU,37195,,,,,,,,0.1232,0.0118,9.6967,0.0005,0.0005,-0.0008,28.02,,,,,,,,,,,
IMU,37205,,,,,,,,0.1105,-0.0028,9.7012,-0.0005,0.0000,-0.0008,28.02,,,,,,,,,,,
IMU,37215,,,,,,,,0.0921,-0.0404,9.7428,-0.0005,-0.0019,-0.0005,28.02,,,,,,,,,,,
IMU,37225,,,,,,,,0.0934,-0.0151,9.7431,0.0013,-0.0016,-0.0003,28.02,,,,,,,,,,,
IMU,37235,,,,,,,,0.0837,0.0142,9.7358,0.0005,-0.0003,-0.0011,28.02,,,,,,,,,,,
IMU,37245,,,,,,,,0.0900,-0.0133,9.7600,-0.0008,-0.0011,-0.0013,28.02,,,,,,,,,,,
IMU,37255,,,,,,,,0.1296,-0.0090,9.7643,0.0008,-0.0016,0.0000,28.02,,,,,,,,,,,
IMU,37265,,,,,,,,0.1464,0.0521,9.7434,0.0011,-0.0011,0.0005,28.02,,,,,,,,,,,
IMU,37275,,,,,,,,0.1340,0.0478,9.7373,-0.0005,-0.0005,-0.0005,28.02,,,,,,,,,,,
IMU,37285,,,,,,,,0.1201,0.0126,9.7443,-0.0005,-0.0005,-0.0008,28.02,,,,,,,,,,,
IMU,37295,,,,,,,,0.1016,0.0316,9.7247,0.0005,-0.0008,-0.0013,28.02,,,,,,,,,,,
IMU,37305,,,,,,,,0.0716,0.0370,9.7072,-0.0011,-0.0005,-0.0013,28.02,,,,,,,,,,,
IMU,37315,,,,,,,,0.0745,-0.0259,9.7220,-0.0016,-0.0013,-0.0016,28.02,,,,,,,,,,,
IMU,37325,,,,,,,,0.1088,-0.0416,9.7361,0.0000,-0.0013,-0.0011,28.02,,,,,,,,,,,
IMU,37335,,,,,,,,0.1325,-0.0147,9.7396,-0.0005,-0.0016,-0.0011,28.02,,,,,,,,,,,
IMU,37345,,,,,,,,0.1323,-0.0380,9.7715,-0.0024,-0.0013,-0.0016,28.02,,,,,,,,,,,
IMU,37356,,,,,,,,0.1274,-0.0693,9.7872,-0.0008,-0.0011,-0.0013,28.02,,,,,,,,,,,
IMU,37366,,,,,,,,0.1175,-0.0248,9.7548,0.0011,0.0000,-0.0005,28.02,,,,,,,,,,,
IMU,37376,,,,,,,,0.0918,0.0105,9.7367,0.0000,0.0008,-0.0016,28.02,,,,,,,,,,,
IMU,37386,,,,,,,,0.0931,-0.0163,9.7447,-0.0008,-0.0005,-0.0011,28.02,,,,,,,,,,,
IMU,37396,,,,,,,,0.1175,0.0090,9.7245,0.0013,-0.0013,0.0003,28.02,,,,,,,,,,,
IMU,37406,,,,,,,,0.1239,0.0591,9.7052,0.0000,-0.0013,-0.0005,28.02,,,,,,,,,,,
IMU,37416,,,,,,,,0.1205,0.0368,9.7326,-0.0019,-0.0013,-0.0013,28.02,,,,,,,,,,,
IMU,37426,,,,,,,,0.1090,0.0088,9.7603,0.0000,-0.0013,-0.0008,28.02,,,,,,,,,,,
IMU,37436,,,,,,,,0.0988,0.0298,9.7387,0.0000,-0.0005,-0.0003,28.02,,,,,,,,,,,
IMU,37446,,,,,,,,0.0831,0.0193,9.7370,-0.0016,-0.0005,-0.0011,28.02,,,,,,,,,,,
IMU,37456,,,,,,,,0.0831,-0.0311,9.7621,-0.0019,-0.0011,-0.0013,28.02,,,,,,,,,,,
IMU,37466,,,,,,,,0.1138,-0.0213,9.7458,0.0003,-0.0005,-0.0011,28.02,,,,,,,,,,,
IMU,37476,,,,,,,,0.1192,0.0054,9.7241,0.0000,-0.0003,-0.0008,28.02,,,,,,,,,,,
IMU,37486,,,,,,,,0.1109,-0.0237,9.7417,-0.0003,-0.0008,-0.0013,28.02,,,,,,,,,,,
IMU,37496,,,,,,,,0.1090,-0.0262,9.7362,0.0013,-0.0016,-0.0021,28.02,,,,,,,,,,,
IMU,37506,,,,,,,,0.0882,0.0223,9.7063,0.0013,-0.0011,-0.0013,28.02,,,,,,,,,,,
IMU,37516,,,,,,,,0.0647,0.0289,9.7160,-0.0008,-0.0016,-0.0013,28.02,,,,,,,,,,,
IMU,37526,,,,,,,,0.0819,-0.0048,9.7507,-0.0013,-0.0024,-0.0011,28.02,,,,,,,,,,,
IMU,37536,,,,,,,,0.1263,0.0178,9.7576,0.0005,-0.0013,-0.0011,28.02,,,,,,,,,,,
IMU,37546,,,,,,,,0.1427,0.0361,9.7564,0.0000,-0.0003,-0.0013,28.02,,,,,,,,,,,
IMU,37556,,,,,,,,0.1492,-0.0025,9.7712,-0.0005,-0.0008,-0.0013,28.02,,,,,,,,,,,
IMU,37566,,,,,,,,0.1461,-0.0124,9.7564,0.0005,-0.0013,-0.0013,28.02,,,,,,,,,,,
IMU,37576,,,,,,,,0.1169,0.0031,9.7227,-0.0003,-0.0008,-0.0021,28.02,,,,,,,,,,,
IMU,37586,,,,,,,,0.0829,-0.0207,9.7268,-0.0019,-0.0003,-0.0016,28.02,,,,,,,,,,,
IMU,37596,,,,,,,,0.0897,-0.0483,9.7346,-0.0005,-0.0005,-0.0008,28.02,,,,,,,,,,,
IMU,37606,,,,,,,,0.1217,-0.0151,9.7196,0.0008,-0.0008,0.0003,28.02,,,,,,,,,,,
IMU,37616,,,,,,,,0.1281,0.0060,9.7344,-0.0005,-0.0008,-0.0003,28.02,,,,,,,,,,,
IMU,37626,,,,,,,,0.1242,-0.0287,9.7736,0.0000,-0.0005,-0.0003,28.02,,,,,,,,,,,
IMU,37637,,,,,,,,0.1235,-0.0211,9.7705,0.0011,-0.0005,-0.0003,28.02,,,,,,,,,,,
IMU,37647,,,,,,,,0.0986,0.0235,9.7471,0.0005,-0.0000,0.0005,28.02,,,,,,,,,,,
IMU,37657,,,,,,,,0.0804,0.0132,9.7495,-0.0011,-0.0005,0.0003,28.02,,,,,,,,,,,
IMU,37667,,,,,,,,0.1019,0.0076,9.7474,0.0000,-0.0013,0.0000,28.02,,,,,,,,,,,
IMU,37677,,,,,,,,0.1280,0.0513,9.7007,0.0005,-0.0005,-0.0003,28.02,,,,,,,,,,,
IMU,37687,,,,,,,,0.1257,0.0573,9.7006,-0.0016,-0.0016,-0.0008,28.02,,,,,,,,,,,
IMU,37697,,,,,,,,0.1102,0.0136,9.7441,-0.0008,-0.0019,-0.0019,28.02,,,,,,,,,,,
IMU,37707,,,,,,,,0.1045,0.0199,9.7476,0.0013,-0.0016,-0.0019,28.02,,,,,,,,,,,
IMU,37717,,,,,,,,0.0895,0.0476,9.7374,0.0005,-0.0011,-0.0019,28.02,,,,,,,,,,,
IMU,37727,,,,,,,,0.0660,0.0154,9.7503,-0.0019,-0.0008,-0.0024,28.02,,,,,,,,,,,
IMU,37737,,,,,,,,0.0928,-0.0284,9.7702,-0.0003,-0.0016,-0.0016,28.02,,,,,,,,,,,
IMU,37747,,,,,,,,0.1340,0.0067,9.7399,0.0016,-0.0008,-0.0005,28.02,,,,,,,,,,,
IMU,37757,,,,,,,,0.1406,0.0150,9.7217,-0.0003,-0.0005,-0.0011,28.02,,,,,,,,,,,
IMU,37767,,,,,,,,0.1280,-0.0440,9.7410,-0.0013,-0.0013,-0.0019,28.02,,,,,,,,,,,
IMU,37777,,,,,,,,0.1162,-0.0257,9.7275,0.0005,-0.0016,-0.0008,28.02,,,,,,,,,,,
IMU,37787,,,,,,,,0.0837,0.0207,9.7007,-0.0003,-0.0011,-0.0008,28.02,,,,,,,,,,,
IMU,37797,,,,,,,,0.0653,-0.0111,9.7370,-0.0019,-0.0019,-0.0008,28.02,,,,,,,,,,,
IMU,37807,,,,,,,,0.0970,-0.0404,9.7678,0.0008,-0.0016,-0.0003,28.02,,,,,,,,,,,
IMU,37817,,,,,,,,0.1534,0.0052,9.7459,0.0019,-0.0005,0.0005,28.02,,,,,,,,,,,
IMU,37827,,,,,,,,0.1648,0.0052,9.7543,-0.0008,0.0000,-0.0005,28.02,,,,,,,,,,,
IMU,37837,,,,,,,,0.1561,-0.0436,9.7831,-0.0011,-0.0011,-0.0008,28.02,,,,,,,,,,,
IMU,37847,,,,,,,,0.1329,-0.0225,9.7551,0.0013,-0.0011,0.0000,28.02,,,,,,,,,,,
IMU,37857,,,,,,,,0.0906,0.0187,9.7121,-0.0003,0.0005,0.0008,28.02,,,,,,,,,,,
IMU,37867,,,,,,,,0.0668,-0.0154,9.7253,-0.0013,-0.0003,0.0000,28.02,,,,,,,,,,,
IMU,37877,,,,,,,,0.0886,-0.0210,9.7343,0.0008,-0.0013,-0.0005,28.02,,,,,,,,,,,
IMU,37887,,,,,,,,0.1250,0.0296,9.7135,0.0016,-0.0005,0.0000,28.02,,,,,,,,,,,
IMU,37897,,,,,,,,0.1241,0.0251,9.7284,-0.0005,-0.0005,-0.0008,28.02,,,,,,,,,,,
IMU,37908,,,,,,,,0.1193,-0.0198,9.7676,-0.0003,-0.0013,-0.0013,28.02,,,,,,,,,,,
IMU,37918,,,,,,,,0.1123,0.0088,9.7579,0.0021,-0.0005,-0.0005,28.02,,,,,,,,,,,
IMU,37928,,,,,,,,0.0744,0.0495,9.7332,-0.0003,0.0003,-0.0013,28.02,,,,,,,,,,,
IMU,37938,,,,,,,,0.0531,0.0142,9.7413,-0.0019,-0.0013,-0.0013,28.02,,,,,,,,,,,
IMU,37948,,,,,,,,0.0814,-0.0028,9.7485,0.0008,-0.0024,-0.0013,28.02,,,,,,,,,,,
IMU,37958,,,,,,,,0.1111,0.0476,9.7223,0.0016,-0.0005,-0.0011,28.02,,,,,,,,,,,
IMU,37968,,,,,,,,0.1180,0.0296,9.7169,-0.0016,-0.0005,-0.0016,28.02,,,,,,,,,,,
IMU,37978,,,,,,,,0.1124,-0.0234,9.7534,-0.0008,-0.0019,-0.0011,28.02,,,,,,,,,,,
IMU,37988,,,,,,,,0.1201,0.0060,9.7458,0.0013,-0.0013,-0.0011,28.02,,,,,,,,,,,
IMU,37998,,,,,,,,0.0910,0.0256,9.7328,-0.0011,-0.0005,-0.0019,28.02,,,,,,,,,,,
IMU,38008,,,,,,,,0.0858,-0.0231,9.7500,-0.0021,-0.0013,-0.0019,28.02,,,,,,,,,,,
IMU,38018,,,,,,,,0.1230,-0.0245,9.7504,0.0011,-0.0024,-0.0016,28.02,,,,,,,,,,,
IMU,38028,,,,,,,,0.1416,0.0266,9.7329,0.0005,-0.0019,-0.0011,28.02,,,,,,,,,,,
IMU,38038,,,,,,,,0.1337,0.0040,9.7494,-0.0016,-0.0011,-0.0011,28.02,,,,,,,,,,,
IMU,38048,,,,,,,,0.1349,-0.0400,9.7721,0.0000,-0.0016,-0.0011,28.02,,,,,,,,,,,
IMU,38058,,,,,,,,0.1257,0.0079,9.7470,0.0019,-0.0013,-0.0016,28.02,,,,,,,,,,,
IMU,38068,,,,,,,,0.0939,0.0181,9.7227,-0.0008,-0.0000,-0.0019,28.02,,,,,,,,,,,
IMU,38078,,,,,,,,0.0813,-0.0368,9.7485,-0.0008,-0.0011,-0.0011,28.02,,,,,,,,,,,
IMU,38088,,,,,,,,0.1129,-0.0269,9.7425,0.0021,-0.0011,0.0000,28.02,,,,,,,,,,,
IMU,38098,,,,,,,,0.1320,0.0115,9.7230,0.0003,-0.0005,-0.0005,28.02,,,,,,,,,,,
IMU,38108,,,,,,,,0.1227,-0.0120,9.7557,-0.0019,-0.0008,-0.0011,28.02,,,,,,,,,,,
IMU,38118,,,,,,,,0.1262,-0.0389,9.7651,-0.0003,-0.0013,-0.0005,28.02,,,,,,,,,,,
IMU,38128,,,,,,,,0.1118,0.0099,9.6991,0.0016,-0.0003,-0.0008,28.02,,,,,,,,,,,
IMU,38138,,,,,,,,0.0690,0.0186,9.6796,-0.0005,-0.0003,-0.0008,28.02,,,,,,,,,,,
IMU,38148,,,,,,,,0.0531,-0.0184,9.7226,-0.0003,-0.0008,-0.0003,28.04,,,,,,,,,,,
IMU,38158,,,,,,,,0.0795,0.0135,9.7434,0.0019,-0.0016,0.0003,28.04,,,,,,,,,,,
IMU,38168,,,,,,,,0.0986,0.0599,9.7560,0.0003,-0.0013,0.0003,28.04,,,,,,,,,,,
IMU,38179,,,,,,,,0.1352,0.0216,9.8578,-0.0019,-0.0016,-0.0003,28.04,,,,,,,,,,,
IMU,38189,,,,,,,,0.1787,-0.0013,9.8420,0.0000,-0.0008,-0.0008,28.04,,,,,,,,,,,
IMU,38199,,,,,,,,0.1566,0.0463,9.6554,0.0008,0.0005,-0.0005,28.04,,,,,,,,,,,
IMU,38209,,,,,,,,0.0874,0.0454,9.6075,-0.0013,-0.0005,-0.0021,28.04,,,,,,,,,,,
IMU,38219,,,,,,,,0.0605,0.0013,9.7380,-0.0011,-0.0024,-0.0019,28.04,,,,,,,,,,,
IMU,38229,,,,,,,,0.0888,0.0144,9.7588,0.0008,-0.0011,-0.0011,28.04,,,,,,,,,,,
IMU,38239,,,,,,,,0.0955,0.0289,9.6849,-0.0005,0.0003,-0.0013,28.04,,,,,,,,,,,
IMU,38249,,,,,,,,0.1066,-0.0376,9.7393,-0.0029,-0.0019,-0.0021,28.04,,,,,,,,,,,
IMU,38259,,,,,,,,0.1434,-0.0814,9.8664,-0.0011,-0.0035,-0.0016,28.04,,,,,,,,,,,
IMU,38269,,,,,,,,0.1629,-0.0428,9.8354,0.0011,-0.0008,-0.0003,28.04,,,,,,,,,,,
IMU,38279,,,,,,,,0.1277,-0.0253,9.7048,-0.0003,0.0008,-0.0011,28.04,,,,,,,,,,,
IMU,38289,,,,,,,,0.0714,-0.0482,9.6120,0.0003,-0.0008,-0.0016,28.04,,,,,,,,,,,
IMU,38299,,,,,,,,0.0719,-0.0234,9.7072,0.0021,-0.0016,-0.0008,28.04,,,,,,,,,,,
IMU,38309,,,,,,,,0.0918,0.0244,9.8106,-0.0000,-0.0005,0.0005,28.04,,,,,,,,,,,
IMU,38319,,,,,,,,0.1148,-0.0099,9.7934,-0.0019,0.0008,0.0011,28.04,,,,,,,,,,,
IMU,38329,,,,,,,,0.1519,-0.0231,9.7197,0.0016,-0.0005,0.0003,28.04,,,,,,,,,,,
IMU,38339,,,,,,,,0.1703,0.0419,9.7066,0.0021,-0.0021,-0.0019,28.04,,,,,,,,,,,
IMU,38349,,,,,,,,0.1397,0.0584,9.7516,-0.0005,-0.0019,-0.0024,28.04,,,,,,,,,,,
IMU,38359,,,,,,,,0.0865,0.0219,9.7458,-0.0016,-0.0019,-0.0016,28.04,,,,,,,,,,,
IMU,38369,,,,,,,,0.0784,0.0401,9.6967,0.0008,-0.0013,-0.0013,28.04,,,,,,,,,,,
IMU,38379,,,,,,,,0.0870,0.0665,9.7169,-0.0005,0.0003,-0.0013,28.04,,,,,,,,,,,
IMU,38389,,,,,,,,0.1025,0.0021,9.7786,-0.0027,0.0003,-0.0003,28.04,,,,,,,,,,,
IMU,38399,,,,,,,,0.1244,-0.0317,9.7742,0.0005,-0.0000,-0.0005,28.04,,,,,,,,,,,
IMU,38409,,,,,,,,0.1193,0.0187,9.7281,0.0019,-0.0011,-0.0016,28.04,,,,,,,,,,,
IMU,38419,,,,,,,,0.0913,0.0115,9.7456,-0.0021,-0.0021,-0.0032,28.04,,,,,,,,,,,
IMU,38429,,,,,,,,0.0733,-0.0467,9.7807,-0.0016,-0.0016,-0.0029,28.04,,,,,,,,,,,
IMU,38439,,,,,,,,0.0877,-0.0250,9.7365,0.0011,-0.0003,0.0000,28.04,,,,,,,,,,,
IMU,38449,,,,,,,,0.0974,0.0160,9.6684,0.0003,-0.0008,0.0011,28.04,,,,,,,,,,,
IMU,38460,,,,,,,,0.1099,-0.0190,9.6810,0.0003,-0.0011,-0.0008,28.04,,,,,,,,,,,
IMU,38470,,,,,,,,0.1263,-0.0225,9.7209,0.0021,-0.0011,-0.0019,28.04,,,,,,,,,,,
IMU,38480,,,,,,,,0.1081,0.0329,9.7287,0.0016,-0.0005,-0.0021,28.04,,,,,,,,,,,
IMU,38490,,,,,,,,0.0784,0.0269,9.7654,-0.0029,-0.0011,-0.0021,28.04,,,,,,,,,,,
IMU,38500,,,,,,,,0.0965,-0.0254,9.8431,-0.0027,-0.0027,-0.0005,28.04,,,,,,,,,,,
IMU,38510,,,,,,,,0.1522,-0.0007,9.8471,0.0011,-0.0019,0.0013,28.04,,,,,,,,,,,
IMU,38520,,,,,,,,0.1575,0.0310,9.7646,0.0000,0.0005,0.0008,28.04,,,,,,,,,,,
IMU,38530,,,,,,,,0.1358,-0.0229,9.6717,-0.0016,-0.0008,-0.0011,28.04,,,,,,,,,,,
IMU,38540,,,,,,,,0.1286,-0.0389,9.6397,0.0011,-0.0021,-0.0027,28.04,,,,,,,,,,,
IMU,38550,,,,,,,,0.1025,0.0114,9.6617,0.0011,-0.0008,-0.0021,28.04,,,,,,,,,,,
IMU,38560,,,,,,,,0.0639,0.0093,9.7157,-0.0013,0.0000,0.0005,28.04,,,,,,,,,,,
IMU,38570,,,,,,,,0.0889,-0.0283,9.7693,0.0003,-0.0008,0.0019,28.04,,,,,,,,,,,
IMU,38580,,,,,,,,0.1415,0.0106,9.7958,0.0021,-0.0016,0.0013,28.04,,,,,,,,,,,
IMU,38590,,,,,,,,0.1564,0.0349,9.8308,-0.0000,-0.0008,-0.0011,28.04,,,,,,,,,,,
IMU,38600,,,,,,,,0.1229,-0.0138,9.8221,-0.0013,-0.0008,-0.0032,28.04,,,,,,,,,,,
IMU,38610,,,,,,,,0.0844,-0.0052,9.7402,0.0005,-0.0013,-0.0024,28.04,,,,,,,,,,,
IMU,38620,,,,,,,,0.0506,0.0501,9.6627,-0.0003,0.0000,-0.0011,28.04,,,,,,,,,,,
IMU,38630,,,,,,,,0.0518,0.0228,9.6702,-0.0024,0.0000,0.0008,28.04,,,,,,,,,,,
IMU,38640,,,,,,,,0.0945,-0.0129,9.6901,0.0003,-0.0003,0.0016,28.04,,,,,,,,,,,
IMU,38650,,,,,,,,0.1341,0.0190,9.6862,0.0019,-0.0011,-0.0011,28.04,,,,,,,,,,,
IMU,38660,,,,,,,,0.1320,0.0193,9.7355,-0.0005,-0.0019,-0.0040,28.04,,,,,,,,,,,
IMU,38670,,,,,,,,0.1250,-0.0379,9.8208,-0.0011,-0.0035,-0.0032,28.04,,,,,,,,,,,
IMU,38680,,,,,,,,0.1114,-0.0192,9.8170,0.0005,-0.0029,-0.0005,28.04,,,,,,,,,,,
IMU,38690,,,,,,,,0.0912,0.0334,9.7450,-0.0013,-0.0016,0.0008,28.04,,,,,,,,,,,
IMU,38700,,,,,,,,0.0811,0.0118,9.7182,-0.0021,-0.0013,0.0003,28.04,,,,,,,,,,,
IMU,38710,,,,,,,,0.1082,-0.0100,9.7167,0.0003,-0.0013,-0.0005,28.04,,,,,,,,,,,
IMU,38720,,,,,,,,0.1287,0.0328,9.7009,0.0019,0.0005,-0.0011,28.04,,,,,,,,,,,
IMU,38730,,,,,,,,0.1145,0.0240,9.7115,-0.0005,0.0005,-0.0013,28.04,,,,,,,,,,,
IMU,38741,,,,,,,,0.1048,-0.0358,9.7750,-0.0005,-0.0021,-0.0005,28.04,,,,,,,,,,,
IMU,38751,,,,,,,,0.1160,-0.0201,9.7941,0.0016,-0.0029,0.0000,28.04,,,,,,,,,,,
IMU,38761,,,,,,,,0.1115,0.0148,9.7702,0.0000,-0.0016,0.0008,28.04,,,,,,,,,,,
IMU,38771,,,,,,,,0.1051,-0.0199,9.7420,-0.0019,-0.0008,-0.0008,28.04,,,,,,,,,,,
IMU,38781,,,,,,,,0.1238,-0.0331,9.7217,0.0011,-0.0016,-0.0021,28.04,,,,,,,,,,,
IMU,38791,,,,,,,,0.1370,0.0121,9.7012,0.0016,-0.0005,-0.0019,28.04,,,,,,,,,,,
IMU,38801,,,,,,,,0.1212,-0.0003,9.7290,-0.0011,0.0013,-0.0008,28.04,,,,,,,,,,,
IMU,38811,,,,,,,,0.1165,-0.0332,9.7739,-0.0005,0.0008,0.0019,28.04,,,,,,,,,,,
IMU,38821,,,,,,,,0.1153,0.0088,9.7741,0.0016,0.0000,0.0019,28.04,,,,,,,,,,,
IMU,38831,,,,,,,,0.0888,0.0506,9.7519,-0.0003,-0.0011,-0.0003,28.04,,,,,,,,,,,
IMU,38841,,,,,,,,0.0618,0.0042,9.7449,-0.0016,-0.0016,-0.0019,28.04,,,,,,,,,,,
IMU,38851,,,,,,,,0.0730,-0.0018,9.7064,0.0008,-0.0016,-0.0021,28.04,,,,,,,,,,,
IMU,38861,,,,,,,,0.1010,0.0358,9.6682,0.0003,-0.0005,-0.0011,28.04,,,,,,,,,,,
IMU,38871,,,,,,,,0.1085,-0.0007,9.6947,-0.0024,-0.0003,-0.0003,28.04,,,,,,,,,,,
IMU,38881,,,,,,,,0.1214,-0.0410,9.7498,0.0000,-0.0008,-0.0003,28.04,,,,,,,,,,,
IMU,38891,,,,,,,,0.1292,0.0048,9.7631,0.0019,-0.0003,-0.0005,28.04,,,,,,,,,,,
IMU,38901,,,,,,,,0.1075,0.0281,9.7811,0.0003,0.0000,-0.0024,28.04,,,,,,,,,,,
IMU,38911,,,,,,,,0.0971,-0.0162,9.7950,-0.0005,-0.0013,-0.0035,28.04,,,,,,,,,,,
IMU,38921,,,,,,,,0.1178,0.0012,9.7567,0.0024,-0.0019,-0.0019,28.04,,,,,,,,,,,
IMU,38931,,,,,,,,0.1190,0.0668,9.6988,0.0011,-0.0011,-0.0003,28.04,,,,,,,,,,,
IMU,38941,,,,,,,,0.1096,0.0516,9.7012,-0.0019,-0.0016,-0.0003,28.04,,,,,,,,,,,
IMU,38951,,,,,,,,0.1085,0.0078,9.7184,-0.0008,-0.0021,-0.0005,28.04,,,,,,,,,,,
IMU,38961,,,,,,,,0.1033,0.0338,9.7091,-0.0005,-0.0005,-0.0021,28.04,,,,,,,,,,,
IMU,38971,,,,,,,,0.0769,0.0268,9.7257,-0.0029,0.0003,-0.0032,28.04,,,,,,,,,,,
IMU,38981,,,,,,,,0.0793,-0.0579,9.7817,-0.0027,-0.0013,-0.0019,28.04,,,,,,,,,,,
IMU,38991,,,,,,,,0.1283,-0.0662,9.7822,0.0005,-0.0019,0.0005,28.04,,,,,,,,,,,
IMU,39002,,,,,,,,0.1563,-0.0262,9.7528,0.0000,-0.0013,0.0011,28.04,,,,,,,,,,,
IMU,39012,,,,,,,,0.1477,-0.0546,9.7435,-0.0013,-0.0013,-0.0003,28.04,,,,,,,,,,,
IMU,39022,,,,,,,,0.1304,-0.0671,9.7377,0.0016,-0.0008,-0.0005,28.04,,,,,,,,,,,
IMU,39032,,,,,,,,0.1087,0.0109,9.7055,0.0029,-0.0003,-0.0005,28.04,,,,,,,,,,,
IMU,39042,,,,,,,,0.0656,0.0332,9.6983,0.0000,0.0003,-0.0008,28.04,,,,,,,,,,,
IMU,39052,,,,,,,,0.0651,-0.0082,9.7349,0.0000,-0.0005,-0.0003,28.04,,,,,,,,,,,
IMU,39062,,,,,,,,0.1227,0.0237,9.7603,0.0019,-0.0008,0.0005,28.04,,,,,,,,,,,
IMU,39072,,,,,,,,0.1570,0.0657,9.7566,-0.0003,-0.0003,0.0003,28.04,,,,,,,,,,,
IMU,39082,,,,,,,,0.1471,0.0225,9.7681,-0.0021,-0.0005,-0.0005,28.04,,,,,,,,,,,
IMU,39092,,,,,,,,0.1211,-0.0025,9.7513,-0.0005,-0.0021,-0.0024,28.04,,,,,,,,,,,
IMU,39102,,,,,,,,0.0901,0.0295,9.7129,-0.0000,-0.0021,-0.0032,28.04,,,,,,,,,,,
IMU,39112,,,,,,,,0.0519,0.0142,9.7039,-0.0027,-0.0011,-0.0016,28.04,,,,,,,,,,,
IMU,39122,,,,,,,,0.0608,-0.0407,9.7259,-0.0013,-0.0008,-0.0003,28.04,,,,,,,,,,,
IMU,39132,,,,,,,,0.1168,-0.0220,9.7435,0.0011,-0.0005,0.0005,28.04,,,,,,,,,,,
IMU,39142,,,,,,,,0.1495,0.0153,9.7542,-0.0003,-0.0000,-0.0003,28.04,,,,,,,,,,,
IMU,39152,,,,,,,,0.1431,-0.0226,9.7859,-0.0011,-0.0011,-0.0016,28.04,,,,,,,,,,,
IMU,39162,,,,,,,,0.1205,-0.0317,9.7774,0.0019,-0.0019,-0.0016,28.04,,,,,,,,,,,
IMU,39172,,,,,,,,0.0892,0.0322,9.7235,0.0011,-0.0008,-0.0005,28.04,,,,,,,,,,,
IMU,39182,,,,,,,,0.0638,0.0409,9.7031,-0.0019,-0.0011,-0.0013,28.04,,,,,,,,,,,
IMU,39192,,,,,,,,0.0726,-0.0084,9.7193,-0.0011,-0.0016,-0.0011,28.04,,,,,,,,,,,
IMU,39202,,,,,,,,0.1168,0.0190,9.7133,0.0016,-0.0013,-0.0003,28.04,,,,,,,,,,,
IMU,39212,,,,,,,,0.1367,0.0397,9.7227,0.0000,-0.0003,-0.0016,28.04,,,,,,,,,,,
IMU,39222,,,,,,,,0.1436,-0.0201,9.7766,-0.0019,-0.0011,-0.0021,28.04,,,,,,,,,,,
IMU,39232,,,,,,,,0.1397,-0.0380,9.8019,0.0003,-0.0011,-0.0016,28.04,,,,,,,,,,,
IMU,39242,,,,,,,,0.1171,0.0072,9.7631,0.0008,-0.0013,-0.0005,28.04,,,,,,,,,,,
IMU,39252,,,,,,,,0.0804,-0.0120,9.7485,-0.0019,-0.0005,-0.0008,28.04,,,,,,,,,,,
IMU,39262,,,,,,,,0.0873,-0.0469,9.7516,-0.0003,-0.0008,-0.0003,28.04,,,,,,,,,,,
IMU,39272,,,,,,,,0.1215,-0.0039,9.7135,0.0021,-0.0008,-0.0005,28.04,,,,,,,,,,,
IMU,39283,,,,,,,,0.1233,0.0304,9.6989,0.0000,0.0005,-0.0008,28.04,,,,,,,,,,,
IMU,39293,,,,,,,,0.1114,-0.0163,9.7458,-0.0003,-0.0003,-0.0005,28.04,,,,,,,,,,,
IMU,39303,,,,,,,,0.1072,-0.0138,9.7645,0.0013,-0.0003,-0.0005,28.04,,,,,,,,,,,
IMU,39313,,,,,,,,0.0989,0.0329,9.7476,0.0005,0.0000,0.0005,28.04,,,,,,,,,,,
IMU,39323,,,,,,,,0.0826,0.0117,9.7494,-0.0019,-0.0008,-0.0008,28.04,,,,,,,,,,,
IMU,39333,,,,,,,,0.0980,-0.0153,9.7584,0.0000,-0.0011,-0.0011,28.04,,,,,,,,,,,
IMU,39343,,,,,,,,0.1323,0.0305,9.7296,0.0016,-0.0013,0.0000,28.04,,,,,,,,,,,
IMU,39353,,,,,,,,0.1265,0.0352,9.7284,-0.0005,-0.0008,-0.0013,28.04,,,,,,,,,,,
IMU,39363,,,,,,,,0.1088,-0.0139,9.7533,-0.0016,-0.0011,-0.0016,28.04,,,,,,,,,,,
IMU,39373,,,,,,,,0.1063,-0.0097,9.7399,0.0005,-0.0013,0.0000,28.04,,,,,,,,,,,
IMU,39383,,,,,,,,0.0930,0.0298,9.7196,0.0003,-0.0005,0.0000,28.04,,,,,,,,,,,
IMU,39393,,,,,,,,0.0704,-0.0007,9.7426,-0.0016,-0.0013,-0.0013,28.04,,,,,,,,,,,
IMU,39403,,,,,,,,0.0962,-0.0289,9.7485,0.0005,-0.0019,-0.0013,28.04,,,,,,,,,,,
IMU,39413,,,,,,,,0.1328,0.0186,9.7194,0.0019,-0.0019,-0.0011,28.04,,,,,,,,,,,
IMU,39423,,,,,,,,0.1377,0.0299,9.7302,-0.0013,-0.0016,-0.0011,28.04,,,,,,,,,,,
IMU,39433,,,,,,,,0.1284,-0.0247,9.7661,-0.0013,-0.0016,-0.0005,28.04,,,,,,,,,,,
IMU,39443,,,,,,,,0.1199,-0.0081,9.7533,0.0013,-0.0005,-0.0005,28.04,,,,,,,,,,,
IMU,39453,,,,,,,,0.0903,0.0359,9.7292,-0.0008,-0.0000,-0.0005,28.04,,,,,,,,,,,
IMU,39463,,,,,,,,0.0714,0.0031,9.7464,-0.0024,-0.0011,-0.0013,28.04,,,,,,,,,,,
IMU,39473,,,,,,,,0.1070,-0.0187,9.7611,-0.0003,-0.0024,-0.0008,28.04,,,,,,,,,,,
IMU,39483,,,,,,,,0.1453,0.0262,9.7269,0.0013,-0.0005,-0.0003,28.04,,,,,,,,,,,
IMU,39493,,,,,,,,0.1495,0.0213,9.7329,-0.0016,0.0000,-0.0005,28.04,,,,,,,,,,,
IMU,39503,,,,,,,,0.1284,-0.0335,9.7510,-0.0016,-0.0013,-0.0005,28.04,,,,,,,,,,,
IMU,39513,,,,,,,,0.1103,-0.0183,9.7362,0.0013,-0.0008,-0.0011,28.04,,,,,,,,,,,
IMU,39523,,,,,,,,0.0774,0.0159,9.7157,0.0000,0.0000,-0.0011,28.04,,,,,,,,,,,
IMU,39533,,,,,,,,0.0627,-0.0208,9.7341,-0.0019,-0.0005,-0.0013,28.04,,,,,,,,,,,
IMU,39544,,,,,,,,0.1006,-0.0373,9.7522,0.0005,-0.0013,-0.0003,28.04,,,,,,,,,,,
IMU,39553,,,,,,,,0.1335,0.0153,9.7362,0.0013,-0.0003,0.0000,28.04,,,,,,,,,,,
IMU,39564,,,,,,,,0.1382,0.0157,9.7461,-0.0011,-0.0003,-0.0005,28.04,,,,,,,,,,,
IMU,39574,,,,,,,,0.1269,-0.0219,9.7754,-0.0005,-0.0011,-0.0016,28.04,,,,,,,,,,,
IMU,39584,,,,,,,,0.1123,0.0127,9.7432,0.0021,-0.0011,-0.0016,28.04,,,,,,,,,,,
IMU,39594,,,,,,,,0.0748,0.0546,9.7057,0.0005,0.0000,-0.0016,28.04,,,,,,,,,,,
IMU,39604,,,,,,,,0.0657,0.0114,9.7193,-0.0013,-0.0011,-0.0008,28.04,,,,,,,,,,,
IMU,39614,,,,,,,,0.1028,0.0046,9.7260,0.0008,-0.0019,0.0000,28.04,,,,,,,,,,,
IMU,39624,,,,,,,,0.1311,0.0524,9.7154,0.0008,-0.0016,0.0003,28.04,,,,,,,,,,,
IMU,39634,,,,,,,,0.1292,0.0308,9.7470,-0.0013,-0.0003,-0.0008,28.04,,,,,,,,,,,
IMU,39644,,,,,,,,0.1186,-0.0265,9.7715,-0.0005,-0.0013,-0.0016,28.04,,,,,,,,,,,
IMU,39654,,,,,,,,0.1024,-0.0058,9.7435,0.0011,-0.0013,-0.0019,28.04,,,,,,,,,,,
IMU,39664,,,,,,,,0.0690,0.0150,9.7232,-0.0013,-0.0003,-0.0019,28.04,,,,,,,,,,,
IMU,39674,,,,,,,,0.0569,-0.0301,9.7432,-0.0021,-0.0011,-0.0011,28.04,,,,,,,,,,,
IMU,39684,,,,,,,,0.0874,-0.0385,9.7422,0.0005,-0.0019,0.0005,28.04,,,,,,,,,,,
IMU,39694,,,,,,,,0.1299,0.0160,9.7371,0.0005,-0.0013,0.0008,28.04,,,,,,,,,,,
IMU,39704,,,,,,,,0.1444,-0.0078,9.7748,-0.0019,-0.0013,-0.0005,28.04,,,,,,,,,,,
IMU,39714,,,,,,,,0.1413,-0.0416,9.7947,0.0000,-0.0019,-0.0011,28.04,,,,,,,,,,,
IMU,39724,,,,,,,,0.1388,0.0076,9.7483,0.0021,-0.0005,-0.0016,28.04,,,,,,,,,,,
IMU,39734,,,,,,,,0.1036,0.0371,9.7157,-0.0003,0.0000,-0.0013,28.04,,,,,,,,,,,
IMU,39744,,,,,,,,0.0798,-0.0129,9.7277,-0.0016,-0.0013,-0.0011,28.04,,,,,,,,,,,
IMU,39754,,,,,,,,0.0977,-0.0057,9.7275,0.0016,-0.0013,0.0000,28.04,,,,,,,,,,,
IMU,39764,,,,,,,,0.1287,0.0397,9.7111,0.0000,0.0005,-0.0005,28.04,,,,,,,,,,,
IMU,39774,,,,,,,,0.1227,-0.0024,9.7408,-0.0019,0.0000,-0.0013,28.04,,,,,,,,,,,
IMU,39784,,,,,,,,0.1201,-0.0461,9.7741,-0.0003,-0.0016,-0.0003,28.04,,,,,,,,,,,
IMU,39794,,,,,,,,0.1087,-0.0093,9.7510,0.0011,-0.0003,-0.0005,28.04,,,,,,,,,,,
IMU,39804,,,,,,,,0.0760,0.0003,9.7301,-0.0016,0.0000,-0.0016,28.04,,,,,,,,,,,
IMU,39814,,,,,,,,0.0680,-0.0455,9.7431,-0.0019,-0.0011,-0.0016,28.04,,,,,,,,,,,
IMU,39824,,,,,,,,0.1003,-0.0216,9.7419,0.0016,-0.0016,-0.0003,28.04,,,,,,,,,,,
IMU,39835,,,,,,,,0.1253,0.0385,9.7233,0.0008,-0.0005,0.0000,28.04,,,,,,,,,,,
IMU,39845,,,,,,,,0.1265,0.0136,9.7405,-0.0003,-0.0011,0.0000,28.04,,,,,,,,,,,
IMU,39855,,,,,,,,0.1227,-0.0064,9.7606,0.0016,-0.0019,0.0000,28.04,,,,,,,,,,,
IMU,39865,,,,,,,,0.1205,0.0560,9.7383,0.0019,-0.0013,-0.0011,28.04,,,,,,,,,,,
IMU,39875,,,,,,,,0.0858,0.0702,9.7298,-0.0013,-0.0008,-0.0019,28.04,,,,,,,,,,,
IMU,39885,,,,,,,,0.0792,0.0210,9.7567,-0.0016,-0.0019,-0.0013,28.04,,,,,,,,,,,
IMU,39895,,,,,,,,0.1054,0.0222,9.7557,0.0008,-0.0013,-0.0003,28.04,,,,,,,,,,,
IMU,39905,,,,,,,,0.1319,0.0458,9.7373,-0.0008,-0.0011,-0.0008,28.04,,,,,,,,,,,
IMU,39915,,,,,,,,0.1275,-0.0165,9.7507,-0.0024,-0.0003,-0.0013,28.04,,,,,,,,,,,
IMU,39925,,,,,,,,0.1198,-0.0561,9.7543,-0.0003,-0.0005,-0.0021,28.04,,,,,,,,,,,
IMU,39935,,,,,,,,0.1045,-0.0166,9.7209,0.0003,-0.0008,-0.0011,28.04,,,,,,,,,,,
IMU,39945,,,,,,,,0.0738,-0.0293,9.7135,-0.0019,0.0000,-0.0019,28.04,,,,,,,,,,,
IMU,39955,,,,,,,,0.0765,-0.0736,9.7431,-0.0008,-0.0013,-0.0011,28.04,,,,,,,,,,,
IMU,39965,,,,,,,,0.1187,-0.0367,9.7384,0.0021,-0.0008,0.0000,28.04,,,,,,,,,,,
IMU,39975,,,,,,,,0.1413,-0.0024,9.7399,0.0019,-0.0003,0.0003,28.04,,,,,,,,,,,
IMU,39985,,,,,,,,0.1349,-0.0093,9.7636,0.0000,-0.0005,-0.0011,28.04,,,,,,,,,,,
IMU,39995,,,,,,,,0.1323,-0.0234,9.7757,0.0016,-0.0016,-0.0003,28.04,,,,,,,,,,,
IMU,40005,,,,,,,,0.1118,0.0328,9.7435,0.0021,-0.0013,-0.0008,28.04,,,,,,,,,,,
IMU,40015,,,,,,,,0.0772,0.0620,9.7284,-0.0008,-0.0005,-0.0008,28.04,,,,,,,,,,,
IMU,40025,,,,,,,,0.0789,0.0262,9.7543,-0.0013,-0.0011,-0.0011,28.04,,,,,,,,,,,
IMU,40035,,,,,,,,0.1073,0.0262,9.7455,0.0005,-0.0008,0.0000,28.04,,,,,,,,,,,
IMU,40045,,,,,,,,0.1226,0.0489,9.7149,-0.0005,0.0003,-0.0005,28.04,,,,,,,,,,,
IMU,40055,,,,,,,,0.1211,0.0139,9.7364,-0.0024,-0.0005,-0.0013,28.04,,,,,,,,,,,
IMU,40065,,,,,,,,0.1180,-0.0274,9.7675,-0.0011,-0.0016,-0.0024,28.04,,,,,,,,,,,
IMU,40075,,,,,,,,0.1087,-0.0073,9.7498,0.0003,-0.0011,-0.0016,28.04,,,,,,,,,,,
IMU,40085,,,,,,,,0.0859,-0.0042,9.7382,-0.0011,-0.0008,-0.0013,28.04,,,,,,,,,,,
IMU,40095,,,,,,,,0.0796,-0.0380,9.7503,-0.0003,-0.0008,-0.0021,28.04,,,,,,,,,,,
IMU,40106,,,,,,,,0.1177,-0.0166,9.7358,0.0019,-0.0008,-0.0005,28.04,,,,,,,,,,,
IMU,40116,,,,,,,,0.1307,0.0139,9.7275,0.0013,-0.0005,0.0000,28.04,,,,,,,,,,,
IMU,40126,,,,,,,,0.1325,0.0115,9.7322,-0.0005,-0.0013,-0.0003,28.04,,,,,,,,,,,
IMU,40136,,,,,,,,0.1177,-0.0048,9.7479,0.0000,-0.0013,-0.0013,28.04,,,,,,,,,,,
IMU,40146,,,,,,,,0.0983,0.0202,9.7313,0.0008,-0.0011,-0.0008,28.04,,,,,,,,,,,
IMU,40156,,,,,,,,0.0807,0.0347,9.7212,-0.0008,-0.0005,-0.0005,28.07,,,,,,,,,,,
IMU,40166,,,,,,,,0.0804,-0.0022,9.7329,-0.0019,-0.0011,-0.0005,28.07,,,,,,,,,,,
IMU,40176,,,,,,,,0.1218,-0.0184,9.7468,0.0000,-0.0016,-0.0005,28.07,,,,,,,,,,,
IMU,40186,,,,,,,,0.1461,0.0076,9.7380,0.0003,-0.0013,-0.0005,28.07,,,,,,,,,,,
